strategy_encoded,rsi_14,ema_9_dist,ema_21_dist,ema_cross,vwap_dist,bb_position,bb_width,body_ratio,upper_wick,lower_wick,candle_size_norm,prev_body_ratio,prev_candle_size_norm,consecutive_dir,day_range_position,minutes_from_open,hour,volatility_regime,atr,rr,sl_distance_norm,consolidation_ratio,ema_spread,range_vs_avg,result,strategy_name,type,entry,stoploss,target,time
0,45.05846763466172,-0.7137838631432435,-0.7326358824805939,-1,-1.1742609100972945,0.004320103443818859,2.3515466557645395,0.5563101301635159,0.3786078098467434,0.06508205998860879,0.8648138437335944,0.7255949490036585,1.0470759171812216,-1.0,0.12661829563234517,95,10,1.0,102.1607142857148,2.0,0.908529977276677,2.1686418458290433,-0.018852019337331827,0.848703170028001,1,ORB,SELL,45874.25,45967.07,45688.62,2024-02-08 10:50:00+05:30
0,41.790828391950974,-1.1270897383399745,-1.0921343748302705,1,-1.3078914781042952,0.029042654847311326,3.446528364842758,0.5281249999992202,0.3242187499994934,0.14765624999972382,0.7565011820330914,0.8515750133466482,1.106226797165042,-4.0,0.031100872140839314,30,9,0.0,84.60000000000062,2.0,1.44042553191489,2.625295508271092,0.0349553635096627,0.8226221079680789,1,ORB,SELL,45454.1,45575.96,45210.38,2024-02-12 09:45:00+05:30
0,63.168002528464044,0.9459181960814389,1.5700133895101938,1,1.0643772156350524,0.9870882169558947,3.746114653323065,0.7219554779565958,0.16237450894790936,0.1156700130946219,0.8906228306444548,0.682692307691291,0.4978486963955075,1.0,0.9510719452845089,35,9,1.0,128.61785714285725,2.0,0.8460083858606636,2.9556549023940115,0.6240951934282696,0.8890872399868617,1,ORB,BUY,45181.1,45072.29,45398.72,2024-02-13 09:50:00+05:30
0,44.02399254614683,-1.0648439150997409,-0.9363994132825232,1,-1.2625620619813287,0.11121495239782683,3.799530441994148,0.4954954954951344,0.4560810810807487,0.04842342342336628,1.002742377802855,0.7348322626690361,1.0481483460695689,-3.0,0.01683633516052057,20,9,1.0,132.83571428571355,2.0,1.6801473355917595,2.8840135505705073,0.12844450181712097,0.9353275753100513,0,ORB,SELL,45724.0,45947.18,45277.63,2024-02-15 09:35:00+05:30
0,69.26482562074462,1.5627647832430935,2.2487306646104868,1,3.158635176443731,1.1908283141174567,3.388772414734304,0.6373526745228792,0.2402538531273912,0.12239347234791627,1.1044199685309883,0.6481715006296942,1.6188393117527502,3.0,0.9574228791770699,265,13,0.0,49.9357142857147,2.0,1.8222142754971198,3.5145186668503205,0.6859658813660193,0.9139874047051584,1,ORB,BUY,46562.35,46471.36,46744.34,2024-02-16 13:40:00+05:30
0,43.833683417810526,-0.4715413097988269,-0.6676717147501406,-1,-0.7914692961788925,0.25395845188306326,2.695181570785291,0.7760074976555761,0.2014995313960664,0.022492970946483094,0.6668452301236353,0.03937689311978868,1.3819999145701052,-2.0,0.14534594325530956,40,9,0.0,80.00357142857163,2.0,0.9968349627249189,1.8036694790388914,-0.19613040495106854,0.6919584954595115,0,ORB,SELL,46361.5,46441.25,46202.0,2024-02-19 09:55:00+05:30
0,41.79696892198729,-0.8086956915656591,-1.0221347126285574,-1,-1.6050839561947825,0.16654040781964274,4.451617635162913,0.5060422960710009,0.22658610271835863,0.2673716012076192,0.3392759087747429,0.33652430044130194,0.676439194478064,-1.0,0.1666043147524268,80,10,0.0,97.56071428571366,2.0,0.5000000000000266,3.622359702745529,-0.2134390210626796,0.34692380253604077,1,ORB,SELL,47029.25,47078.03,46931.69,2024-02-21 10:35:00+05:30
0,38.012943110338156,-0.5951126045084902,-1.2429305175565166,-1,-0.554079043994921,0.13659951460049752,3.4904736419042353,0.7346491228063731,0.22017543859628533,0.04517543859646436,1.2785900260364138,0.5758591785406102,0.6964099570529075,-1.0,0.2694518125551558,35,9,0.0,89.16071428571688,2.0,1.3286801522129734,2.273422791906105,-0.6478179130472999,1.1636215167896355,1,ORB,SELL,46858.8,46977.27,46621.87,2024-02-22 09:50:00+05:30
0,75.32432443132826,1.1111926769752514,2.1930140979753276,1,1.4927720978943841,0.9435614454889405,4.881745372977524,0.5647865853650496,0.35670731707254616,0.07850609756087985,0.7686642115835051,0.8422982885075155,0.9722800016980329,3.0,0.9241614000969472,60,10,0.0,85.34285714285787,2.0,1.5131235353197343,2.060512219615897,1.0818214209988086,0.9772084016073159,0,ORB,BUY,47213.05,47083.92,47471.32,2024-02-23 10:15:00+05:30
0,38.07175942631826,-0.9378871692503131,-1.5642388549184505,-1,-2.24768399627158,0.10108124582610296,4.724732201212977,0.7113289760333178,0.0,0.28867102396450356,0.7072419106317648,0.14999999999969998,0.7771301693033645,-2.0,0.23802226989473266,265,13,0.0,64.89999999999989,2.0,0.8604006163327673,4.617873651764804,-0.6263516856671724,0.4399501581516148,1,ORB,SELL,46872.4,46928.24,46760.72,2024-02-23 13:40:00+05:30
0,38.389139348913424,-0.6447807054716933,-1.3695519638147458,-1,-1.2361586536497178,0.1736772324677802,4.533561808394135,0.6933333333324344,0.224126984126718,0.08253968253957772,0.9006985008782407,0.3590909090904312,0.7095684226693344,-1.0,0.1639223757717843,70,10,0.0,87.43214285714203,2.0,1.1539602140434875,1.691597565456942,-0.7247712583422234,1.2943786982227368,0,ORB,SELL,46608.8,46709.69,46407.01,2024-02-26 10:25:00+05:30
0,66.44355273764769,1.993168798896072,2.6031941206292637,1,2.9864725376818875,1.1204106092500203,4.500636456134599,0.7620020428994674,0.21859039836518623,0.01940755873330348,1.0262822912766256,0.6283185840692403,0.8549370802129914,5.0,0.9646397884993603,220,12,0.0,47.69642857142805,2.0,1.5361662298764807,4.809584425298872,0.6100253217319127,0.8639251676652436,0,ORB,BUY,46616.8,46543.53,46763.34,2024-02-27 12:55:00+05:30
0,57.01240162608692,1.3336466131370308,1.1273827227602284,-1,1.8313086885188947,0.8849229807839947,3.434350456316762,0.4729096989960034,0.43277591973184304,0.09431438127081578,0.7045240339302676,0.92409958907374,1.9495758718190612,4.0,0.9166022170660204,40,9,1.0,106.09999999999802,2.0,2.2729500471253603,3.655984919883467,-0.20626389037660794,0.5443093278959222,0,ORB,BUY,46121.85,45880.69,46604.17,2024-02-29 09:55:00+05:30
0,36.9955776848383,-0.7286850598021957,-1.3407504489012685,-1,-1.2265071725369243,0.1582632510550711,3.7852474051521408,0.7407407407399453,0.1954732510285967,0.0637860082304291,0.776446422458101,0.11252992817225049,0.50868493547921,-2.0,0.11503705959993966,80,10,1.0,125.18571428571366,2.0,0.8365057628665595,1.4909848225481832,-0.6120653890985838,1.1494796594120988,0,ORB,SELL,45718.4,45823.12,45508.96,2024-02-29 10:35:00+05:30
0,43.04556686845236,-0.6785624212288949,-1.0897810622944928,-1,-1.5123039983296114,0.2177945834410574,5.166530025877216,0.5483668341701937,0.45163316582855,0.0,1.1633782231965617,0.7134735645245108,1.3265460030165515,-1.0,0.25694760820037316,120,11,0.0,68.42142857142815,2.0,1.2633782231966013,3.661864495244633,-0.41121864106499684,0.8169968182276279,0,ORB,SELL,47276.25,47362.69,47103.37,2024-03-04 11:15:00+05:30
0,35.98850381496297,-0.23773872234792645,-1.1893876635897944,-1,-0.6039215686273336,0.3122676557748625,5.281612051764543,0.4258241758229889,0.3585164835155642,0.21565934065869957,0.8269371196754797,0.05985401459845036,0.7702192594972256,-1.0,0.22243238131257564,80,10,0.0,44.017857142857665,2.0,0.8122109533467424,2.0707505070946954,-0.9516489412397059,0.8379373848967986,1,ORB,SELL,47648.25,47684.0,47576.75,2024-03-11 10:35:00+05:30
0,41.01966051790273,-0.7694022849206961,-0.9916581380624224,-1,-1.17687452741393,0.12509347952441055,2.293440863322478,0.4161430642818995,0.25326244562564043,0.3305944900914934,1.3409564372019582,0.3568118628353171,0.7372016983065369,-1.0,0.14776409591697018,45,10,0.0,77.14642857142773,2.0,0.997643627609848,2.513402157304226,-0.2222558531414382,1.2646699266488075,0,ORB,SELL,47244.5,47321.46,47090.57,2024-03-13 10:00:00+05:30
0,43.70305975219127,-0.6680569396644188,-0.844375732720213,-1,-0.7574694177077868,0.12078969197526211,2.702120636767065,0.8657100809412335,0.046357615893973005,0.08793230316405773,1.2029970598463915,0.2700922266136306,0.7035688273852494,-2.0,0.13938618925826476,50,10,1.0,112.96785714285475,2.0,1.620786570136895,1.9067370617415276,-0.17631879305563813,1.2654809572574492,1,ORB,SELL,46408.65,46591.75,46042.46,2024-03-18 10:05:00+05:30
0,30.318317098654745,-2.2606669659981566,-2.6183106489908927,-1,-3.1038306438066647,-0.11763657285991695,4.467723995460513,0.8382470119515001,0.05458167330671782,0.10717131474098525,1.5582457540685517,0.519849418206387,1.863096051373122,-6.0,0.034102434077081405,50,10,0.0,80.53928571428592,2.0,2.4597179725953553,4.738060396428835,-0.35764368299229204,1.2358444116186746,1,ORB,SELL,46189.3,46387.4,45793.09,2024-03-20 10:05:00+05:30
0,40.17378951847642,-0.7740757829078881,-1.413868082525085,-1,-2.297224372159098,0.12174811375376858,5.28859882301451,0.5210084033603705,0.014005602240869443,0.46498599439689264,0.8335093668353362,0.04586129753894515,0.7100873709293818,-2.0,0.2210188050463622,190,12,0.0,64.24642857142837,2.0,0.6821335260437098,3.310689866024052,-0.6397922996162009,0.6553665402023864,0,ORB,SELL,46663.0,46706.82,46575.35,2024-03-21 12:25:00+05:30
0,61.022479243509046,0.8343055328891269,1.174347266029808,1,1.1497702626273512,1.0167418951718403,2.644986727529248,0.722477064219143,0.015290519877653822,0.262232415901674,0.7378218300494862,0.31419079259584787,1.1984723520091514,2.0,0.8896785109979872,40,9,0.0,88.63928571428654,2.0,1.4904669809420306,3.161126556263829,0.34004173314029745,0.532226562499512,1,ORB,BUY,46829.7,46697.59,47093.93,2024-03-22 09:55:00+05:30
0,69.12605461602466,1.5239221391876028,2.3284439292095414,1,1.1300650679354096,1.0125788384819,5.71293795840374,0.6610541727661926,0.25256222547548823,0.08638360175685496,1.2186325113107066,0.5121145374437894,0.843810155990734,1.0,0.9048275862063974,25,9,0.0,56.04642857142816,2.0,1.0108519722168372,3.23392595424137,0.804521790020503,1.284317412558644,1,ORB,BUY,46807.45,46750.8,46920.76,2024-03-27 09:40:00+05:30
0,55.779070495592926,0.254963948943975,0.6076152162080785,1,0.5521899783704892,0.6901871655216004,3.536791272387125,0.7811579980357172,0.017664376840034152,0.2011776251222859,0.6428442682047268,0.614077669901843,0.7860452439357164,1.0,0.7230589022755237,45,10,0.0,79.25714285714223,2.0,0.7314888248017131,1.849675558757576,0.3526512672636585,0.7094124199377246,0,ORB,BUY,47624.6,47566.62,47740.55,2024-04-02 10:00:00+05:30
0,67.78237665080667,0.9388081003803014,2.039727898189439,1,3.52448303518479,0.909107406503155,5.353258099421694,0.4678362573086134,0.1856725146193134,0.3464912280691492,1.101956271576431,0.5622950819654172,0.975108472253936,1.0,0.9644909688009116,215,12,0.0,31.035714285714285,2.0,1.0456846950516296,2.4906789413039214,1.1009197978055902,1.1309523809485666,1,ORB,BUY,48659.6,48627.15,48724.51,2024-04-08 12:50:00+05:30
0,59.55421888912621,0.7583373596561547,0.9961015997695388,1,1.3085362779549286,0.93931573561544,2.7583590172840773,0.7905181918394849,0.05071664829102343,0.15876515986728654,1.238346011312573,0.4229508196707922,0.8478109798470769,2.0,0.834229089687328,280,13,0.0,36.621428571429924,2.0,1.7629607957870492,1.7257655549007458,0.2377642401127349,1.2503446374379341,1,ORB,BUY,48917.6,48853.04,49046.72,2024-04-10 13:55:00+05:30
0,35.49405015866439,-0.4047664597001844,-1.2236628241529381,-1,-0.9682091002406249,0.28404494010405595,5.240336061268977,0.5821042281206872,0.18879056047169798,0.22910521140564818,0.7948861098705702,0.4386227544898247,0.5252457174949984,-2.0,0.23403508771920592,90,10,0.0,63.97142857142847,2.0,0.9652300133988637,2.1056275122789354,-0.8188963644514736,0.9814707585390291,0,ORB,SELL,48664.35,48726.1,48540.86,2024-04-12 10:45:00+05:30
0,69.93382281863393,1.0888117345936235,2.054318387510635,1,1.5843687394287476,0.9050524323081748,6.017882200598724,0.6235632183899426,0.23778735632143969,0.1386494252871809,1.2349027311323553,0.35897435897313174,0.5263157894736872,1.0,0.9182716049378398,60,10,0.0,56.360714285713975,2.0,1.0412584753818073,1.9357455167572117,0.9655066529152982,1.648507816196925,0,ORB,BUY,48214.65,48155.96,48332.02,2024-04-24 10:15:00+05:30
0,71.98319422605978,1.6050707341434867,2.5525669193538976,1,2.013627888884384,0.9074321806987258,7.338418496207608,0.43666260657680284,0.33800243605318747,0.22533495736879164,0.9250331978592442,0.6936416184966587,1.652247191011216,5.0,0.9260295881644875,65,10,0.0,88.75357142856956,2.0,2.0075288720775326,3.7778761418009323,0.9474961852093433,0.8820369574550134,1,ORB,BUY,48690.1,48511.92,49046.45,2024-04-29 10:20:00+05:30
0,72.90021494741409,1.7082574882035195,2.514833796036018,1,2.097401671113104,1.1886640092269214,3.5396210220579283,0.5613707165101495,0.15700934579417875,0.28161993769442567,0.9206752437925187,0.7449347765746407,2.093029045643196,3.0,0.9576256936267216,40,9,0.0,87.16428571428489,2.0,2.4776940096698117,3.3115627304722777,0.8065763078315732,0.775887073382212,0,ORB,BUY,49639.1,49423.13,50071.03,2024-04-30 09:55:00+05:30
0,40.40194528069612,-1.3976803035879701,-1.2577708489095614,1,-2.2939748537284603,0.29112237794496637,6.099379176580325,0.8404452690157271,0.06493506493498578,0.09461966604805015,0.9393750778040436,0.5626984126979776,1.5114386085168383,-6.0,0.021150124412474776,55,10,1.0,86.06785714285694,2.0,1.9741026598614275,2.60201668118704,0.13990945467824617,1.0826191751458427,1,ORB,SELL,49253.7,49423.61,48913.89,2024-05-03 10:10:00+05:30
0,13.765793912977912,-1.7655071567728922,-2.8516927052359446,-1,-1.7422290759554886,-0.08642110210192036,5.406541110888912,0.47069943289189364,0.1236294896029201,0.4056710775044302,1.679517416545705,0.7552870090628017,1.569327527818063,-9.0,0.13025006069431475,30,9,0.0,78.74285714285777,2.0,2.1090711175616343,3.4892053700971375,-1.086185548461673,1.412927350425841,0,ORB,SELL,47755.8,47921.87,47423.65,2024-05-22 09:45:00+05:30
0,74.54286185822092,1.2824735806561651,2.4110588504621777,1,1.107667270777079,0.9056850528679611,7.1829011569668655,0.5298969072157065,0.21237113402038665,0.2577319587625323,0.7534119909753229,0.7165304839714175,0.7762598452638403,4.0,0.9438488097397831,30,9,0.0,96.56071428571522,2.0,1.2148426230721094,2.1349262122254715,1.128585269804844,1.0053897180748677,1,ORB,BUY,48132.85,48015.54,48367.46,2024-05-23 09:45:00+05:30
0,71.76126413487901,1.4826846707749395,2.469421304118564,1,1.0828963485968062,1.0406091233635884,5.01563721171618,0.4668158090969067,0.2729306487691994,0.2602535421324024,0.7751765143069845,0.9183490354410945,1.3036176790041514,2.0,0.9253061224485901,25,9,0.0,86.49642857142837,2.0,1.6809901317147502,2.832486890454637,0.9867366333424836,0.7980242799324091,1,ORB,BUY,49277.95,49132.55,49568.75,2024-05-27 09:40:00+05:30
0,42.65977672886358,-1.139601655013996,-1.0283166779122306,1,-1.8565681851648952,0.37016245704195705,5.8236295716100335,0.6741397288835317,0.0625651720541617,0.26329509906126386,0.9885142099837442,0.6444058976570477,0.5961957525392546,-6.0,0.07245337159251866,50,10,0.0,97.0142857142855,2.0,1.245192166102219,3.4649536150751565,0.1112849771016507,1.1465805834514609,1,ORB,SELL,48755.8,48876.6,48514.2,2024-05-31 10:05:00+05:30
0,61.05333470993401,0.9916108366515962,1.3754353575709048,1,2.1037782776873692,0.9110566644041918,5.1062771326121315,0.4641148325351433,0.07575757575745845,0.46012759170580336,0.7386091127097951,0.6143520908615329,1.1064958380936591,2.0,0.9881987577637297,80,10,0.0,84.88928571428603,2.0,1.538933064075007,1.576759644913766,0.3838245209188564,0.9400299850060638,0,ORB,BUY,49928.2,49797.56,50189.48,2024-06-11 10:35:00+05:30
0,68.54239032179613,1.8343240092522302,2.185932093390369,1,2.0833570615033516,1.1702220084151718,3.7255614879974766,0.8156514723671917,0.10125050423551708,0.08309802339648437,1.411731207289322,0.5966277561600675,0.9186382978723117,4.0,0.9594572766916533,35,9,0.0,87.80000000000135,2.0,1.9815489749429755,3.1714123006797603,0.3516080841377383,1.5075407443426134,1,ORB,BUY,49994.35,49820.37,50342.31,2024-06-12 09:50:00+05:30
0,47.85651289186019,-0.4411953365354475,-0.2657971177602827,1,-1.0323519458544512,0.46666159474726104,3.2898547536145943,0.4694444444437318,0.22847222222196553,0.30208333333291376,0.6822335025380677,0.5329249617143654,0.6324455205811388,-5.0,0.08404173106642954,30,9,1.0,105.5357142857148,2.0,0.860406091370564,2.150930626055481,0.17539821877499864,0.957956359764551,0,ORB,SELL,49949.4,50040.2,49767.79,2024-06-13 09:45:00+05:30
0,57.213311113663806,1.1927544825123528,1.2880512695754305,1,2.2790305534774653,0.7827601016013866,6.489980007172037,0.7777777777762065,0.1555555555553295,0.06666666666644379,0.6348188521962201,0.195857988165397,1.058186859877464,1.0,0.9777713625863104,85,10,1.0,77.97499999999958,2.0,1.208688682269935,2.996473228595102,0.09529678706295529,0.6364103882738001,1,ORB,BUY,51477.6,51383.35,51666.09,2024-06-24 10:40:00+05:30
0,67.51058809169871,0.8073894265148609,1.7940925957618754,1,0.8529098145227602,0.8466591205452851,6.2713211169568455,0.6924939467300556,0.06537530266338278,0.2421307506049474,0.6512728091912265,0.21998388396420332,0.6476794035414994,1.0,0.8801480051477203,45,10,0.0,95.12142857142888,2.0,0.7086956521738592,2.333333333330842,0.9867031692459771,0.6708901884332837,1,ORB,BUY,52021.2,51953.79,52156.02,2024-06-25 10:00:00+05:30
0,43.68154881734884,-0.5188776028748092,-0.7799812661201008,-1,-0.6805426733212503,0.10435236283374444,2.7322937672979664,0.7433581296484998,0.07598299681183812,0.18065887353859933,0.8727971379355977,0.7897667942911538,1.328774364056842,-1.0,0.23643292682920508,40,9,0.0,107.81428571428478,2.0,0.9537829601166201,2.610971246850655,-0.26110366324504936,0.8645718485842758,0,ORB,SELL,52451.25,52554.08,52245.59,2024-06-26 09:55:00+05:30
0,41.531987031082636,-0.46450273858230373,-0.955537654485921,-1,-1.7043301719886865,0.2205606776570477,4.395384544378132,0.6519396551710905,0.07112068965493397,0.2769396551718203,0.6782563299398835,0.15921787709466867,0.5091426249491449,-1.0,0.2989589195272079,160,11,0.0,68.41071428571377,2.0,0.5904202558078177,2.976872879139519,-0.4910349159028995,0.8940269749500208,1,ORB,SELL,52781.15,52821.54,52700.37,2024-06-28 11:55:00+05:30
0,44.74669182470923,-0.5081687114019631,-0.7496493627805139,-1,-0.8678469816050626,0.20693721934862921,2.7364661979786113,0.46473029045597264,0.2619294605806372,0.2733402489623528,1.1405391701174896,0.920997920997155,1.4426496422297568,-1.0,0.2607532020645011,45,10,0.0,84.52142857142826,2.0,0.928783909405975,2.6519901969038444,-0.24148065137826505,0.9466758322685642,0,ORB,SELL,52425.7,52504.2,52268.7,2024-07-16 10:00:00+05:30
0,58.24921774192532,0.6444381387589273,1.1055230134257168,1,1.3746380692791296,0.8667527702376653,3.954969870083821,0.5912518853686357,0.046757164404133834,0.3619909502257222,0.6287127036271541,0.7510568341937621,0.9980912835281615,1.0,0.8462448891756224,130,11,1.0,105.45357142857029,2.0,0.6993158803806647,2.739594269648951,0.46108487466635223,0.631248214795137,1,ORB,BUY,50222.85,50149.1,50370.34,2024-08-08 11:25:00+05:30
0,30.990377175632332,-0.8610009881041313,-1.7693641970669223,-1,-0.6746463041923403,0.1499279626553981,5.507686735242223,0.7146329606215807,0.017501215362189456,0.26786582401525755,1.203829111278291,0.24755244755206063,0.8546059933407197,-2.0,0.2547376820266216,40,9,0.0,85.43571428571522,2.0,1.4952010701446599,2.2127748515984567,-0.9083632089617278,1.1603113718398184,1,ORB,SELL,50372.45,50500.19,50116.96,2024-08-13 09:55:00+05:30
0,77.85946459304918,2.3627886258459285,4.053395715830985,1,5.076180318543838,1.0034113179306556,9.44076190086422,0.700575815738054,0.09724888035814047,0.2021753039025259,1.1669155290102626,0.7984189723309294,1.1640466670318477,6.0,0.9872386869278862,170,12,0.0,66.97142857142846,2.0,2.0321672354948843,3.917342150164784,1.6906070899825318,1.0109961190155285,1,ORB,BUY,50394.0,50257.9,50666.19,2024-08-16 12:05:00+05:30
0,80.87447205482096,0.921219864838261,2.220567647628547,1,1.1848629879878518,0.8007283363895203,9.325801124453417,0.5078014184383169,0.49219858155884605,0.0,0.5557432432432295,0.5222551928773038,0.7980378890392659,2.0,0.931000198846324,55,10,0.0,63.42857142857299,2.0,1.0963963963964742,1.6727477477450465,1.2993477827882374,0.8290216368747915,0,ORB,BUY,51295.65,51226.11,51434.74,2024-08-26 10:10:00+05:30
0,67.3787344604752,1.4333597886469838,2.016348923341259,1,2.5377573505073774,1.0845676826293376,3.698395899181247,0.7698744769868034,0.13514644351454344,0.0949790794978163,1.4239509745510504,0.15243902439001492,0.8333182106886843,1.0,0.9625680843664445,130,11,0.0,83.92142857142711,2.0,1.3315090646012282,2.5470252787441368,0.5829891346935805,1.5224869410096655,0,ORB,BUY,51353.4,51241.66,51576.88,2024-08-27 11:25:00+05:30
0,33.03417335598351,-0.7532759189763335,-1.4876256483639057,-1,-0.952586814529353,0.16537698420489128,4.786721243740645,0.49093107617786047,0.37243047158301035,0.13663845223671076,0.7072693952351677,0.34456928838842366,0.45685651429963403,-1.0,0.09615384615378257,60,10,0.0,58.4642857142852,2.0,0.7106291997556142,2.078191814290905,-0.734349729386316,0.8957972270344399,0,ORB,SELL,51100.5,51142.05,51017.41,2024-08-28 10:15:00+05:30
0,36.340633887971705,-1.3354141452197987,-1.6510713620777813,-1,-1.9746639556564072,-0.00454709605890857,3.199867665527966,0.45404814004279903,0.17614879649859536,0.3698030634564174,1.2161186086294977,0.7696629213469299,1.451650485436776,-2.0,0.05956996827630735,160,11,0.0,37.578571428570285,2.0,1.763181904581016,3.2412088956385725,-0.31565721685714243,0.9900346620428715,0,ORB,SELL,51312.7,51378.96,51180.18,2024-09-02 11:55:00+05:30
0,44.951212397348904,-0.7869175916218403,-0.7381919379068012,1,-1.4515342951989294,0.31709856394223346,4.759053968862502,0.4696202531634417,0.5303797468340266,0.0,0.9153355954646671,0.7885714285693418,0.6043413912185311,-3.0,0.0,70,10,0.0,43.153571428573095,2.0,1.3212198957212768,1.5861954812510195,0.048725653714926265,1.0938798116834223,0,ORB,SELL,51425.1,51482.12,51311.07,2024-09-05 10:25:00+05:30
0,71.81897466331247,1.6227767563076778,2.395218037722438,1,2.600207669470263,1.0898893621210717,4.8233885396408045,0.718820861674821,0.11111111111049722,0.17006802721014674,0.7504558162147562,0.27978339350075093,0.9310924369749367,6.0,0.9466323150530201,250,13,0.0,29.382142857142753,2.0,1.246955147684594,3.294518050310761,0.7724412814121312,0.8283245679906777,0,ORB,BUY,52178.65,52142.01,52251.93,2024-09-16 13:25:00+05:30
0,72.72309721416335,1.7821990755211323,2.5013754854063364,1,1.6678151637505025,1.0744318797625423,5.021137548416,0.6516651665154773,0.3168316831677452,0.03150315031497727,0.837362045760365,0.5893416927893411,1.483967436451296,2.0,0.9406007424904055,25,9,0.0,66.33928571428571,2.0,1.675989232839867,4.466433378189702,0.7191764098841199,0.6616245831339815,1,ORB,BUY,52433.25,52322.07,52655.62,2024-09-18 09:40:00+05:30
0,61.26057081636795,0.5184121967835668,1.4831336758499394,1,0.9806412075861777,0.8081236340239976,3.0548310457357086,0.8366571699889463,0.1348528015191807,0.02849002848997359,0.9509740678622395,0.23064770932004772,0.5679676985195405,1.0,0.8478038815114003,95,10,0.0,55.36428571428561,2.0,1.005818604051168,1.7141014062670923,0.9647214790646301,1.1523309258018213,0,ORB,BUY,53948.9,53893.21,54060.27,2024-09-23 10:50:00+05:30
0,51.74922593469466,0.044687169711267176,0.2383807526648038,1,0.6618841144565073,0.6565527005187698,2.8946280837857596,0.5326315789451871,0.24210526315687536,0.2252631578937271,0.5939621293318857,0.6702127659560208,1.1284513805521814,1.0,0.7904614325066209,105,11,0.0,39.98571428571553,2.0,0.6151839942836359,2.036977491956184,0.1936935829530522,0.6557150745426191,1,ORB,BUY,54022.4,53997.8,54071.6,2024-09-25 11:00:00+05:30
0,66.67349447109854,1.2284870873972582,1.942645796570197,1,2.6879068701807127,1.0903021590559234,3.560282576003825,0.8006430868149478,0.17470525187532113,0.02465166130758744,1.3931313993173977,0.4874999999988259,1.337676438653595,1.0,0.9647415098416705,175,12,0.0,33.48571428571553,2.0,1.5140358361773536,2.57423208190361,0.7141587091708059,1.2066735644045548,0,ORB,BUY,54233.9,54183.2,54335.3,2024-09-26 12:10:00+05:30
0,35.82646231758882,-0.8028495583626987,-1.3719016886373396,-1,-2.2331167690956404,-0.02109697569335162,2.346033524590093,0.4129158512702993,0.24461839530241122,0.3424657534233757,0.62809482001746,0.7548780487785757,0.9822039698836389,-2.0,0.04275592474955277,195,12,0.0,40.67857142857091,2.0,1.1558384547848626,2.0661984196612133,-0.569052130273242,0.735040276177295,1,ORB,SELL,54142.8,54189.82,54048.76,2024-09-27 12:30:00+05:30
0,45.255912566705526,-0.2751000582718225,-0.35810024645851507,-1,-0.5152998570107286,0.45194541731785004,2.4787950466110877,0.5705277132422601,0.20809824095570817,0.221374045801368,1.3304945748170731,0.5119375573916259,0.9848201020606046,-1.0,0.2435113466502871,45,10,0.0,113.22857142857121,2.0,1.1359576078728357,1.8272773151636814,-0.08300018818661926,1.3369719559803637,1,ORB,SELL,51506.45,51635.07,51249.2,2024-10-07 10:00:00+05:30
0,64.96143065505765,1.4241916617109727,2.1036605386750873,1,2.328154018993442,0.9688705696834025,5.134402420754328,0.9733333333329999,0.011814345991557194,0.014852320675105385,1.8565353625783347,0.8363187152552168,0.5648847352025227,2.0,0.9356842030122111,80,10,1.0,159.57142857142858,2.0,2.380170098478061,2.6881378692910456,0.679468876963689,1.7176900330482185,0,ORB,BUY,51560.95,51181.14,52320.56,2024-10-09 10:35:00+05:30
0,67.90448331360831,1.3737330723332553,2.1333089568998025,1,1.801582058708909,1.046766982812865,4.625594621212375,0.7605921388455398,0.2286881061763919,0.010719754977047387,1.0950251537172067,0.7867719644603893,0.5794484167518041,1.0,0.932591032199535,50,10,0.0,89.4500000000002,2.0,0.9876467300167799,2.775852431522915,0.7595758845656982,1.0718975705832443,0,ORB,BUY,51356.9,51268.56,51533.59,2024-10-10 10:05:00+05:30
0,64.94864253297646,1.3529905279033605,1.7374964355187215,1,1.5964351005484307,1.140384424694831,3.035371435871466,0.812200137079111,0.11583276216567297,0.07196710075384527,0.6915160132710124,0.35393939393901785,0.7873478987013849,4.0,0.976625172890471,35,9,0.0,105.49285714285725,2.0,1.0128580134065173,3.0589748798129,0.3845059076149964,0.6988886759908797,0,ORB,BUY,52207.0,52100.15,52420.7,2024-10-22 09:50:00+05:30
0,73.11008409423354,1.8753407029575477,2.5438375070927366,1,2.2046580080665006,1.1395859503845083,4.28953996015227,0.6016111314532373,0.19809593555461388,0.2002929329914166,1.305850609651993,0.7017097126222551,1.4020400728597153,4.0,0.9378232387079727,50,10,0.0,104.56785714285745,2.0,1.8782711158167367,4.16045629973305,0.6684968041345497,1.226754110141778,1,ORB,BUY,51609.85,51413.44,52002.66,2024-10-24 10:05:00+05:30
0,26.558484067256487,-2.0563653332836824,-3.0273005118862297,-1,-1.862036916958545,-0.12877741940758072,5.283816816296277,0.46287519747189104,0.0,0.5371248025270557,0.8619504603813148,0.746478873238914,1.3772308910368407,-3.0,0.10842989263312114,25,9,1.0,110.15714285714265,2.0,1.844780184152544,4.269809363243494,-0.9709351786016658,0.5413649580931055,1,ORB,SELL,51081.7,51284.92,50675.27,2024-10-25 09:40:00+05:30
0,68.05738523684568,1.6802968366557332,2.212083293979648,1,2.523970707504407,1.2041597518795875,3.1976858781889574,0.6250474383297406,0.3115749525614002,0.06337760910810025,1.3199513381994914,0.7703349282292394,1.9448321701562228,3.0,0.9093718953524963,145,11,0.0,99.81428571428738,2.0,2.490439387433847,3.5666237297802517,0.5317864573233821,1.1934957876608194,1,ORB,BUY,51690.8,51442.22,52187.96,2024-10-29 11:40:00+05:30
0,65.011962793772,1.4108138548685851,1.6498293428080473,1,1.8690183221746088,1.1661855002500139,2.834902747729937,0.7619257950523011,0.06978798586567289,0.16828621908114264,1.1959400822548774,0.19686800894820028,0.7336746258158096,1.0,0.9776488895173318,40,9,0.0,94.65357142857205,2.0,1.3043919556276558,3.337433498091023,0.23901548793920954,1.031623074819096,0,ORB,BUY,51995.0,51871.53,52241.93,2024-10-31 09:55:00+05:30
0,44.04014234845769,-0.31057232423304026,-0.6242380846959843,-1,-1.0087678556684498,0.2660507681351401,2.7501102385611618,0.5784172661867175,0.0348201438848888,0.38676258992781826,1.5063784988853217,0.49407114624458526,0.940177179070287,-1.0,0.28300907911798207,175,12,0.0,115.34285714285632,2.0,1.1330071835521338,2.177854842703081,-0.31366576046267214,1.393679313386228,0,ORB,SELL,51029.1,51159.78,50767.73,2024-11-05 12:10:00+05:30
0,70.24660089356993,1.6425814007477453,2.502958888197571,1,3.2796069987775183,1.0959444655916022,4.7235731357978175,0.46252796420527537,0.40380313199057694,0.13366890380302912,1.300836667879248,0.07874015748019096,0.9595768794862063,1.0,0.9071621447856772,180,12,0.0,68.72500000000011,2.0,0.941033102946533,4.311385958524137,0.860377487448574,0.7217826578389218,1,ORB,BUY,52372.4,52307.73,52501.74,2024-11-27 12:15:00+05:30
0,81.21417293784108,2.1975200270719357,3.4315915982435348,1,2.437291628781066,1.0519515658205658,7.350240817459551,0.8465499485050195,0.05664263645714049,0.09680741503578016,0.7177023388417235,0.8196721311468218,1.7084380610413936,3.0,0.9916094584283779,40,9,0.0,67.64642857142722,2.0,2.2080196399347116,3.525685021905,1.2340715711697745,0.6863160870785083,0,ORB,BUY,52689.3,52539.94,52988.03,2024-11-28 09:55:00+05:30
0,27.2180273622792,-2.4830133996815507,-3.0005668526678915,-1,-3.6492754211812075,-0.04316325128604297,6.504173876485983,0.622254758418292,0.12188872620782903,0.255856515373147,1.341611420954761,0.394292727830388,1.7099917547409764,-8.0,0.0544138253152606,90,10,0.0,101.81785714285797,2.0,1.6861657722122996,5.3399277421112075,-0.5175534529858324,0.8639554740365041,1,ORB,SELL,52152.85,52324.53,51809.49,2024-11-28 10:45:00+05:30
0,57.390960670170514,0.9353878320968351,1.1301409848432755,1,1.2831094278257713,0.8810281763812379,3.2665376659052234,0.9050782086990151,0.0647096635954239,0.03021212770513245,1.1993245103617878,0.7746130030955317,0.8765774322988379,1.0,0.9220173765627048,85,10,2.0,194.5678571428564,2.0,1.3663962260687585,3.5476054993649186,0.19475315274634028,0.8042669056314793,0,ORB,BUY,53813.3,53547.44,54345.01,2024-12-06 10:40:00+05:30
0,57.61409842693921,0.9265780756189217,1.0280486001213784,1,1.1691368281875614,0.9799137002585385,2.8658244443464285,0.7722929936293972,0.08439490445840069,0.14331210191060978,0.9425385934819213,0.5522388059690861,0.8928331466965898,1.0,0.9738077588332442,35,9,0.0,66.62857142857163,2.0,0.9629931389365621,2.568717838761167,0.10147052450230452,0.9342457601889486,0,ORB,BUY,53542.55,53478.39,53670.88,2024-12-10 09:50:00+05:30
0,65.17244559514513,0.7861750382000127,1.5151718616988972,1,1.373722202499534,0.8461431154844481,4.074563912519541,0.6993998908884624,0.06437534097103026,0.23622476813941612,0.9635776509462413,0.02204408817634098,0.8107229894395414,1.0,0.901420454545186,50,10,0.0,95.11428571428613,2.0,1.2354761189546493,2.507509762688852,0.7289968234981181,1.0931536259529007,0,ORB,BUY,53704.2,53586.69,53939.22,2024-12-16 10:05:00+05:30
0,67.58228842252024,1.211562865849711,2.1329086262647623,1,0.626726478573918,0.8922476544831272,7.725116370666498,0.6019221041976801,0.21800708143633207,0.18007081436497613,0.8168457088891407,0.41640378548843354,0.6592982143387711,1.0,0.8900267843072613,30,9,1.0,121.0142857142855,2.0,0.7387675599102291,1.8076378231598835,0.9213457604142898,0.9377668152917581,0,ORB,BUY,51312.85,51223.45,51491.65,2024-12-23 09:45:00+05:30
0,80.27346186804763,1.1592729023228385,2.411430153674025,1,1.349239766081976,0.8717862016173714,7.7124711417535385,0.5390946502048739,0.036213991769439804,0.4246913580240402,0.7460526315789426,0.3957176843767861,0.7870708872046679,2.0,0.9925524712251309,50,10,0.0,81.42857142857194,2.0,1.106403508771951,2.5451754385933496,1.2521572513496486,0.9083433014340445,0,ORB,BUY,51560.55,51470.46,51740.74,2024-12-27 10:05:00+05:30
0,64.80562646464831,0.8377600977770474,1.2552093400211417,1,1.4722140726614528,0.9622248099769587,3.1910006296435727,0.5672426746798761,0.0,0.4327573253186213,0.6833651166201722,0.12250712250684809,0.5511440107670986,1.0,0.9999999999996644,65,10,0.0,97.38571428571387,2.0,0.7833651166201594,1.8673170016116885,0.4174492422436657,0.9322033898291491,1,ORB,BUY,51464.35,51388.06,51616.93,2024-12-30 10:20:00+05:30
0,24.362542337881933,-1.887369494086108,-2.8665650333939974,-1,-3.3919095791493796,0.005561493618847263,7.071107196374779,0.6952988972718013,0.16076610562960272,0.14393499709801566,1.1158294014247598,0.8317716278052639,1.511848452759134,-3.0,0.023494860499266253,255,13,1.0,154.4142857142854,2.0,2.2076417799981454,3.0644833009509598,-0.979195539307255,1.2499999999991198,1,ORB,SELL,50949.0,51289.89,50267.22,2024-12-30 13:30:00+05:30
0,30.01931843800368,-1.9386518390131282,-2.8794778204057607,-1,-1.8862204053823861,-0.05216536030877945,6.1446197770454,0.987688519543867,0.01231148045551742,0.0,1.6601941747572588,0.7106986899557648,1.536667199233117,-1.0,0.0,30,9,1.0,97.84999999999958,2.0,1.9748083801737497,4.075114971891612,-0.9408259813916711,1.1326082409529747,1,ORB,SELL,49051.15,49244.38,48664.68,2025-01-10 09:45:00+05:30
0,45.622605139068746,-0.7591776215271843,-0.6402147981993848,1,-1.077530642302657,0.26728155221356115,4.130971408132173,0.46561886051024265,0.04191224623435441,0.49246889325409315,0.8004942709503355,0.7289972899721094,0.9681772180366602,-4.0,0.10429958391120144,20,9,0.0,95.37857142857112,2.0,1.3078184677601248,3.779674979401426,0.11896282332767474,0.6327697662848982,0,ORB,SELL,48690.6,48815.34,48441.12,2025-01-15 09:35:00+05:30
0,37.75151092073517,-1.1247835125958876,-1.7007953362851813,-1,-2.0332940496821728,0.019152605976129833,3.7228470808116727,0.46955719557099784,0.12269372693705996,0.40774907749009714,0.7514731369151331,0.572984749454581,0.915341151892101,-4.0,0.06959533931663883,120,11,0.0,72.12500000000053,2.0,1.0074523396880142,2.668284228765839,-0.5760118236884951,1.035536874281647,1,ORB,SELL,48446.3,48518.96,48300.98,2025-01-22 11:15:00+05:30
0,33.37226974132217,-1.7833074874853605,-2.3925444802686804,-1,-2.191707885223248,-0.25284433183745203,3.2264563519717075,0.8582879127920181,0.14171208720734074,0.0,1.9814856831691812,0.477166276346078,1.2120843471207592,-1.0,0.0,30,9,0.0,78.70357142857132,2.0,2.1856740935698187,4.1954894041785105,-0.6092369927825456,1.42290145985269,0,ORB,SELL,48390.05,48562.07,48046.01,2025-01-24 09:45:00+05:30
0,61.745258920493725,0.7417936078113245,1.4747061301045366,1,2.147726334104543,0.8579780743653199,6.196044122825796,0.4748427672945089,0.08700209643591211,0.4381551362674825,0.5587583148558445,0.6438474870011293,1.3693846414646689,1.0,0.8283032952968261,125,11,0.0,85.36785714285672,2.0,0.6101451700622745,3.199682048274658,0.7329125222923536,0.5420454545448145,0,ORB,BUY,48736.2,48684.11,48840.37,2025-01-24 11:20:00+05:30
0,73.5116521691742,0.8159253970521333,2.17734250798315,1,1.012471106810731,0.7730786718259418,9.817322786795282,0.7032484635632926,0.2335381913955845,0.06321334503936694,0.4775681341719444,0.2712392829302558,0.5329654026466816,1.0,0.9224465905762586,60,10,1.0,119.25,2.0,0.5,1.676310272535294,1.3614171109298754,0.7846514191227014,1,ORB,BUY,48764.25,48704.62,48883.5,2025-01-28 10:15:00+05:30
0,58.656021846969864,0.7595853736540535,1.1627737219395065,1,1.5209361944550033,0.9305185459490256,4.036062354369432,0.4541884816742002,0.17931937172725482,0.36649214659592716,0.5803266236232111,0.4368206521733479,1.0778806422930054,1.0,0.8909021552542885,75,10,0.0,65.82499999999865,2.0,0.7836308393467202,2.188378275727759,0.40318834828484035,0.6524338172490495,1,ORB,BUY,49083.35,49031.77,49186.51,2025-01-29 10:30:00+05:30
0,65.3959324986692,1.2237648447905238,1.631648954664349,1,1.7100089811395107,1.1189711026329014,2.629743267043535,0.7201017811684867,0.11959287531786407,0.16030534351110465,0.5751920965971868,0.826706676667887,0.9739066903246235,4.0,0.9806663924306769,50,10,0.0,68.3250000000002,2.0,1.450164654226074,2.556165386018958,0.40788410987322804,0.8020408163249293,1,ORB,BUY,49270.2,49171.12,49468.36,2025-01-30 10:05:00+05:30
0,63.688046503404244,0.5672819488880777,1.57784635074334,1,0.5957183384416151,0.7979571658147919,5.515902927418852,0.7570093457934491,0.09906542056058795,0.14392523364471674,0.8628369556869633,0.7515557683094453,1.1363406768466058,1.0,0.8178745775438181,50,10,1.0,93.00714285714328,2.0,0.8773596497965371,1.506335918898596,1.0105644018541757,1.1713618449844136,0,ORB,BUY,50433.25,50351.65,50596.45,2025-02-05 10:05:00+05:30
0,40.97479694988441,-0.6698399617430038,-1.0367999323947656,-1,-0.7489545504566816,0.2045984059348452,4.1471904244185795,0.6216216216205789,0.32432432432374164,0.0540540540539358,0.6626774513040408,0.33167701863318255,0.9102289706416821,-1.0,0.21145949981328854,40,9,0.0,86.54285714285756,2.0,0.7268570485308556,2.810168372396838,-0.36695997065133784,0.835518648017399,1,ORB,SELL,49944.4,50007.3,49818.59,2025-02-10 09:55:00+05:30
0,26.38787516342491,-2.186791717474245,-3.2508462485165954,-1,-1.874301282352453,-0.030657333586492783,7.430909225344771,0.8949919224549953,0.03166397415184678,0.07334410339251186,2.0353234064540566,0.5310043668111979,0.8169818052087147,-1.0,0.03207120655551086,30,9,0.0,76.03214285714213,2.0,2.113622058340091,3.404481187463242,-1.0640545310409513,1.707868888641769,1,ORB,SELL,49564.2,49724.9,49242.79,2025-02-11 09:45:00+05:30
0,12.631843382929702,-2.8614227565827566,-4.346499745265985,-1,-3.2556233686472997,-0.11241617586413986,8.319227630519126,0.8090452261296699,0.07537688442201723,0.11557788944705653,1.2832795946568145,0.6019202363359166,1.152130310581595,-7.0,0.025236593059921802,35,9,0.0,62.02857142857153,2.0,2.1055274067250775,5.453938277282816,-1.4850769886808337,1.0336319958433462,1,ORB,SELL,48951.2,49081.8,48689.99,2025-02-21 09:50:00+05:30
0,44.06801586893058,-0.31836058318103677,-0.7825466218243167,-1,-1.511876888363446,0.2562681043412004,5.88742703584768,0.6738410596004345,0.029801324503263636,0.29635761589299064,0.5880798386535496,0.46681415929100045,0.864126724020177,-1.0,0.1786026965504522,115,11,0.0,51.353571428570184,2.0,0.5790319215522146,1.9346268864278529,-0.46418603864237595,0.762818893658054,1,ORB,SELL,48627.6,48657.34,48568.13,2025-02-25 11:10:00+05:30
0,71.83712849223866,1.386976080737375,2.4141625501827697,1,0.5914440231099579,0.9430357366449991,6.6099175523379445,0.5641646489095979,0.33979015334887236,0.09604519773991549,0.9010441016050731,0.48841201716697524,1.7551789077212807,1.0,0.6900353650922938,25,9,0.0,68.75357142857112,2.0,0.710877357020468,3.495818399039221,1.0271864694439008,0.8042321173557891,0,ORB,BUY,48898.05,48849.17,48995.8,2025-02-27 09:40:00+05:30
0,60.41101934599127,0.9102056940047888,1.2127260913362927,1,1.8556732911910834,0.8123969882639794,4.686199802243346,0.5589041095879936,0.2712328767118068,0.16986301369837303,0.6971667652007795,0.8213096559359706,0.5163746520386738,1.0,0.8994638069702428,70,10,0.0,78.53214285714317,2.0,0.6080722179271678,2.5830187821150137,0.30252039733111863,0.8144897351966319,0,ORB,BUY,48671.9,48624.15,48767.41,2025-03-07 10:25:00+05:30
0,66.47774489516829,0.7713989571961511,1.9977340425296304,1,1.9460919816517885,0.8149059383241829,7.0577231441775385,0.8242280285017373,0.10807600950083097,0.06769596199505638,0.7969172525689537,0.5852017937205519,0.7984654731459065,1.0,0.947340980187386,85,10,0.0,52.82857142856977,2.0,1.015224445646387,1.4745808545130994,1.2263350853311579,0.9633867276865492,0,ORB,BUY,48337.3,48283.67,48444.57,2025-03-13 10:40:00+05:30
0,81.68923714952328,1.4999072629725587,3.118498212341522,1,1.288445232793703,0.8501629626837925,10.960741784597635,0.8542402826847634,0.14575971731435325,0.0,1.196210891799132,0.25776215582864204,0.9721747620209871,2.0,0.9544135930374493,45,10,1.0,94.63214285714172,2.0,1.928659848284777,2.0030192097197936,1.6185909493672528,1.5596583080717858,0,ORB,BUY,48974.9,48792.39,49339.93,2025-03-18 10:00:00+05:30
0,76.77652820320681,1.5555094982556867,2.7809263332633787,1,4.297515543335673,0.9746120883174818,6.757285214961653,0.45647703906728704,0.3495544893758199,0.19396847155552221,1.517871739615013,0.636952998377267,0.6831158560695605,5.0,0.9285914309714564,275,13,0.0,48.060714285714184,2.0,1.3973173812885915,3.0846399643244196,1.225416835005142,1.6341845878099153,0,ORB,BUY,50103.25,50036.09,50237.56,2025-03-20 13:50:00+05:30
0,46.26306339348634,-0.4701828115172898,-0.45798833164197666,1,-0.5521867415457962,0.3302585098891412,2.6176962612029837,0.9816819317227703,0.013738551207328071,0.004579517069068968,1.1302389674990443,0.12745098039198707,0.6011155154874553,-1.0,0.2914453452613072,50,10,0.0,106.26071428571595,2.0,1.3746949887406796,2.3531744697991406,0.012194479875301697,1.1674929522686928,0,ORB,SELL,51559.1,51705.18,51266.95,2025-03-28 10:05:00+05:30
0,41.448442871442715,-0.6481656276552109,-1.1182216482238165,-1,-0.9044715894501415,0.12205079434628795,3.209157141539278,0.9205166418272038,0.0024838549428688327,0.07699950322893381,0.7156969804708441,0.4847356664178296,0.44350615653154685,-2.0,0.14640022675733105,70,10,1.0,140.63214285714275,2.0,1.2178098890214875,1.801508494805323,-0.4700560205682715,0.712465491611322,1,ORB,SELL,50195.75,50367.01,49853.22,2025-04-09 10:25:00+05:30
0,78.39563470831985,1.142661195207345,2.5843016226403788,1,0.9104377906809429,0.8766202375326598,8.337285557678605,0.6819923371637058,0.1701149425284526,0.14789272030630904,0.7916630557240651,0.7058103975527068,1.026089295320063,1.0,0.9321595864962268,35,9,0.0,82.42142857142868,2.0,0.875283820088374,2.553340844090894,1.4416404274312846,0.8938356164371317,0,ORB,BUY,52759.9,52687.76,52904.18,2025-04-16 09:50:00+05:30
0,71.93001008465903,1.3203448984675086,2.314905559666948,1,2.5412179911366617,0.9796993293209236,5.171317162839897,0.6390109890103027,0.09560439560433852,0.2653846153842598,1.5328159778619823,0.2931297709914269,0.5641341125807393,3.0,0.9742413027384107,95,10,0.0,59.367857142857765,2.0,1.5763881369187414,2.012031522585847,0.9945606611977641,1.7466410748526935,0,ORB,BUY,55625.6,55532.01,55812.77,2025-05-19 10:50:00+05:30
0,68.29526890430628,1.033921674828568,1.9527477754944715,1,1.317211182216171,0.9009389116482945,6.5936505142235635,0.6242038216547859,0.13102820746115906,0.24476797088223512,0.740316604917528,0.5095729013246958,0.8987850423107953,1.0,0.9599152052414818,45,10,0.0,74.22500000000115,2.0,0.8746716066015436,2.3226675648335,0.9188261006646656,0.8937865972659959,1,ORB,BUY,55180.35,55115.43,55310.2,2025-05-21 10:00:00+05:30
0,41.011414673212144,-0.06627699801578324,-0.9435368588031338,-1,-2.3373395610238874,0.3202792776270478,7.06555447951698,0.6986301369854512,0.25529265255262246,0.04607721046068099,0.9605263157894263,0.663807890222436,1.419046377189535,-1.0,0.3375125764259165,205,12,0.0,83.59999999999958,2.0,1.1035885167464414,3.6118421052588205,-0.8772598607863011,0.846957072037883,1,ORB,SELL,54908.85,55001.11,54724.33,2025-05-21 12:40:00+05:30
0,73.33982547915352,0.9087171001318498,2.094081330650756,1,1.2167420226587575,0.8964457749199447,5.222671183611982,0.6140912730174817,0.2441953562846199,0.1417133706962971,0.6815559713127879,0.30941176470518855,0.4662278639711548,1.0,0.931079136690388,45,10,0.0,91.6285714285732,2.0,0.8126598066729409,2.060492672277132,1.1853642305176124,0.8467796610158267,0,ORB,BUY,55178.05,55103.59,55326.98,2025-05-23 10:00:00+05:30
0,34.8149257986575,-1.069127970658518,-1.4917822470454623,-1,-1.4022574118865152,-0.051338143912931324,3.2353092058152013,0.4488977955906691,0.09418837675332468,0.45691382765467015,0.9564185643225285,0.3209140586186098,1.3003875968992453,-4.0,0.09454042847266797,25,9,0.0,78.26071428571439,2.0,1.2991968238032967,4.622370282474807,-0.42265427638640407,0.8627247579519712,0,ORB,SELL,55463.45,55565.13,55260.1,2025-06-04 09:40:00+05:30
0,75.74883290397534,2.784736557335175,3.726178646781044,1,4.255275716641298,1.2318042042093769,5.686758655872264,0.697552447551594,0.1078088578087285,0.19463869463851205,1.714041095890462,0.7868852459003494,1.282860147213451,5.0,0.9764060706540044,175,12,0.0,50.05714285714306,2.0,2.3304509132419686,5.560644977157789,0.9414420894439883,1.2545693814867138,0,ORB,BUY,55963.25,55846.59,56196.56,2025-06-05 12:10:00+05:30
0,55.197167756748726,0.7569761721625757,0.7220436212322412,-1,0.8578991894768655,0.7846088126646161,2.2670802309426272,0.7639500088009906,0.02534765006161506,0.21070234113704228,2.17051005649102,0.659531090723349,1.2921658408078247,1.0,0.5921925133688541,65,10,1.0,130.86785714285776,2.0,2.215492727123863,3.572305760988439,-0.03493255093030788,1.173033243856641,1,ORB,BUY,55811.6,55521.66,56391.47,2025-06-06 10:20:00+05:30
0,60.38903445607597,0.860223356430008,1.4633073081300287,1,2.2744554226612372,0.8713580445777743,6.0520745381519845,0.7283737024194373,0.23875432525872778,0.03287197231837476,0.7013347200554936,0.5532212885137888,0.8037954326150738,1.0,0.8696914700541255,100,10,0.0,41.20714285714348,2.0,0.6727162419830216,3.612237822837391,0.6030839516985571,0.7031630170299547,1,ORB,BUY,56683.45,56655.73,56738.89,2025-06-11 10:55:00+05:30
0,18.556264727176227,-2.833726821720614,-4.653604937512227,-1,-5.528816053093092,-0.030019434262616797,10.5305488939427,0.5901467505229383,0.09224318658249944,0.3176100628924658,1.2543200601051212,0.8816925734009232,1.5953552450305506,-3.0,0.04202496532592858,275,13,0.0,38.02857142857101,2.0,2.180015026296041,5.686513899308926,-1.819878115786827,1.0018903591660335,0,ORB,SELL,56437.15,56520.05,56271.34,2025-06-11 13:50:00+05:30
0,41.514196388808585,-0.5581333532594723,-1.010401706877436,-1,-1.211118830046822,0.17792155585837002,3.6202928114998305,0.557777777776973,0.39259259259201096,0.049629629629534544,1.0099930529578274,0.5585714285697079,0.5237001015336883,-1.0,0.15038676020862463,75,10,0.0,66.83214285714348,2.0,1.0598674718110859,1.7813284882141092,-0.45226835361728684,1.2075134168135508,1,ORB,SELL,56374.9,56445.73,56233.23,2025-06-12 10:30:00+05:30
0,37.650188923788996,-1.0581089249580529,-1.4146569297360116,-1,-1.1973548036275374,0.03902761012517147,3.088360450240943,0.7772511848332825,0.006845708267517541,0.2159031068981468,1.399042256485762,0.16213768115906102,0.8464866641109057,-2.0,0.0920727599370791,30,9,0.0,67.86785714285777,2.0,1.761316634215618,3.0249960532501996,-0.35654800477743337,1.1514673781212863,0,ORB,SELL,55402.15,55521.69,55163.08,2025-06-16 09:45:00+05:30
0,41.71686702640543,-0.6101448430039002,-0.8226455095987295,-1,-0.850907854681378,0.05316820469847374,2.280629993758562,0.553485162179997,0.05175983436845546,0.3947550034501673,0.940429280051963,0.5913793103438582,0.781972265023106,-1.0,0.1079856522559728,45,10,0.0,77.03928571428696,2.0,0.6691901163598807,2.6473506096113377,-0.21250066659455347,1.0320512820498526,0,ORB,SELL,55831.05,55882.6,55727.94,2025-06-17 10:00:00+05:30
0,34.64159434543083,-1.3327672425591848,-2.2235094814852054,-1,-3.1256633785797416,0.06308636408257293,6.219346421944002,0.6726618705024311,0.034172661870469204,0.29316546762530116,1.3125368855914095,0.6661045531176144,0.7226042301330327,-1.0,0.05264007750683248,120,11,0.0,42.360714285713975,2.0,1.0997470702300545,2.7844195261716096,-0.8907422389239176,1.316287878784746,1,ORB,SELL,55649.1,55695.69,55555.93,2025-06-19 11:15:00+05:30
0,65.4342976951466,1.1932160476833202,1.765480698389664,1,1.103489085411116,1.0614345237249483,3.7402965233976886,0.6111111111102536,0.33527131782907427,0.053617571059380045,1.0588752626178866,0.6405529953905243,0.7514965616187591,1.0,0.8937563971337001,25,9,0.0,73.09642857142899,2.0,0.8038647579029419,3.3414765231790713,0.5722646507055609,0.9464416727794712,0,ORB,BUY,56638.95,56580.19,56756.47,2025-06-25 09:40:00+05:30
0,65.8314654593444,0.9910390798395046,2.0171660351248346,1,2.7557662321215384,0.8598138298015366,7.175376122987627,0.6723952738977144,0.19226638023584752,0.13533834586428983,0.8898143091206139,0.43227424749087057,1.0763692465929928,1.0,0.9315364658400316,110,11,0.0,52.314285714285816,2.0,1.3520480611688046,2.121791370831549,1.0261269552833685,0.9434535873510708,1,ORB,BUY,57317.0,57246.27,57458.46,2025-06-27 11:05:00+05:30
0,41.216404602603106,-0.7258378956744599,-0.9640638415840143,-1,-1.2215008877068172,0.10944736759030003,3.006212773746838,0.6663414634133623,0.06341463414621773,0.2702439024384687,0.901551799962306,0.06860158311323443,0.6689359556228218,-1.0,0.0518276986442198,85,10,0.0,56.84642857142847,2.0,1.2610228058051427,2.562166237351809,-0.2382259459091353,0.9719324862488626,0,ORB,SELL,57338.25,57409.93,57194.88,2025-06-30 10:40:00+05:30
0,43.1655870366023,-0.6432808297621285,-0.7287051298334174,-1,-0.9869914853358268,0.296485272067575,3.0809092451551146,0.8016085790870547,0.16711349419092617,0.03127792672023169,1.0586565752128094,0.41926182237560683,1.6951330214369866,-1.0,0.1112099644127464,35,9,0.0,52.8500000000001,2.0,1.3857142857142941,2.34342478712893,-0.08542430007112727,0.9684957590427892,1,ORB,SELL,57273.15,57346.38,57126.68,2025-07-01 09:50:00+05:30
0,75.12109990937172,1.289430587099246,2.6503306361935026,1,5.214763902645939,0.866495610924786,7.377641529216051,0.6754874651791495,0.20752089136423496,0.11699164345382997,1.0725565514298376,0.6708268330713212,0.9576352577098348,3.0,0.9774344994696508,260,13,0.0,33.47142857142847,2.0,1.4638497652582652,2.2392232180896876,1.3609000490901906,1.2169491525383571,0,ORB,BUY,57473.05,57424.05,57571.04,2025-07-01 13:35:00+05:30
0,64.44196948096106,0.7696775014135393,1.4964842976149435,1,2.684544084459866,0.8660692659586714,4.910939570804125,0.4612326043721283,0.24850894632106513,0.2902584493028305,0.7423571579169458,0.07384615384596807,0.48455804046856865,3.0,0.9718023911567917,220,12,0.0,33.87857142857268,2.0,0.8482605945605614,2.1827956989183366,0.7268067961992588,0.7726574500744758,0,ORB,BUY,57253.3,57224.56,57310.78,2025-07-09 12:55:00+05:30
0,43.05397542477752,-0.7497057098001052,-0.8306368697559268,-1,-1.1282167207118008,0.08068617967899519,1.863233652196466,0.9603960396026621,0.03960396039592347,0.0,1.2344724370166906,0.7017167381958785,0.8677839851024072,-1.0,0.0,35,9,0.0,57.27142857142722,2.0,1.334472437016648,1.943377400844795,-0.08093115995568029,1.0892004313647992,0,ORB,SELL,57163.0,57239.43,57010.15,2025-07-10 09:50:00+05:30
0,23.93206224418938,-1.5942229720803849,-2.589242616455786,-1,-2.524974562751465,-0.07621795532904296,4.8161576205437,0.6638855780676169,0.20500595947502143,0.13110846245497776,0.6393772794078166,0.8791666666652014,0.8688906128781937,-8.0,0.017750524447307153,60,10,0.0,65.61071428571553,2.0,1.329219966251165,3.0444722660668275,-0.9950196443738847,0.8647701504827072,1,ORB,SELL,56786.7,56873.91,56612.28,2025-07-11 10:15:00+05:30
0,64.87738351814883,1.0265493568215913,1.4329276579143526,1,1.3832264551361562,1.0355180786507245,2.912803776651475,0.6647446457979644,0.1169686985170731,0.21828665568331496,0.8805305149725864,0.15894465894442672,1.1686093355535665,1.0,0.8918863261940327,40,9,0.0,68.93571428571575,2.0,0.8775360066314674,3.088384623350568,0.40637830109217166,0.7711853639934655,0,ORB,BUY,56870.05,56809.56,56991.04,2025-07-14 09:55:00+05:30
0,72.82599760455061,1.4701863850748735,2.4647341377674348,1,3.520739745718613,0.9966649664371492,5.722949273427339,0.6115765422686886,0.21020563594792968,0.17821782178185847,1.194334351244233,0.10614525139645824,1.5075195508321828,5.0,0.9587197128324898,210,12,0.0,54.96785714285839,2.0,1.7800727698004304,2.7925410954402463,0.9945477526907518,1.2094694178312482,0,ORB,BUY,57258.1,57160.25,57453.79,2025-07-16 12:45:00+05:30
0,80.3845365659319,2.06963672993497,3.329502268781595,1,4.790281551296953,1.108573200438835,5.856459098221408,0.8729216151998569,0.09144893111614093,0.035629453681626816,1.0770214709912687,0.6732837055407609,1.5745116279068796,12.0,0.9872050515118068,185,12,0.0,39.089285714286234,2.0,2.1133394243946086,3.7555047967010577,1.2598655388434024,0.8590083656378983,1,ORB,BUY,57012.85,56930.24,57178.07,2025-07-23 12:20:00+05:30
0,38.95113202727108,-0.8778452203372092,-1.3793841159592157,-1,-0.6749542124541422,0.09976542609228217,4.970042125262797,0.8731848983525644,0.0619554695061143,0.0648596321393851,0.9932692307692985,0.5308246597269802,1.1795736643281125,-1.0,0.07263157894735826,30,9,0.0,51.99999999999792,2.0,1.0336538461537477,1.7163461538429219,-0.501538895621042,1.047667342797124,1,ORB,SELL,57052.3,57106.05,56944.8,2025-07-24 09:45:00+05:30
0,23.21965680607161,-2.297990343535942,-3.809508419555698,-1,-5.59286460883492,-0.0727937744427129,7.299419010401946,0.7888540031384249,0.21114599686000515,0.0,1.3006636038796306,0.6595744680838482,1.0321183149088633,-2.0,0.0,240,13,0.0,48.97499999999958,2.0,1.814139867279311,3.903011740676116,-1.511518076016669,1.1236549656004766,1,ORB,SELL,56112.7,56201.55,55935.0,2025-07-28 13:15:00+05:30
0,57.326628885037174,1.2968635258381753,1.2391697145668332,-1,2.3175680322231638,0.9904696368344694,4.291469164751234,0.6247672253246737,0.3324022346362434,0.042830540037220706,0.8309018567638846,0.07054263565873768,0.8867720710988878,7.0,0.9397976391227908,70,10,0.0,64.62857142857112,2.0,0.8767462422634061,3.7081122900030317,-0.057693811271252816,0.8765915768839405,0,ORB,BUY,56053.35,55996.69,56166.68,2025-08-01 10:25:00+05:30
0,44.18314501681763,-0.1397947454845843,-0.5617268433580325,-1,-0.6569678200552728,0.38179644552590575,3.158413896298832,0.4191702432040112,0.43705293276049456,0.1437768240340636,1.0131483590434065,0.8012318029107086,1.3278105251977637,-1.0,0.3130255433919235,110,11,0.0,68.99285714285672,2.0,0.9674811057046411,2.344445594778685,-0.4219320978728366,0.9334935897423771,0,ORB,SELL,55535.95,55602.7,55402.45,2025-08-04 11:05:00+05:30
0,36.30022360956508,-0.6615130020875332,-1.1336327869720584,-1,-1.5918369270649249,0.09157302825170642,3.5953129097768466,0.7910447761173839,0.04477611940294933,0.1641791044771792,0.5229268292682584,0.43101711983802066,0.6367133827974922,-1.0,0.04096601073345356,110,11,0.0,76.87499999999947,2.0,0.6521951219511861,1.2852032520308951,-0.4721197848839111,0.8706952566582254,0,ORB,SELL,55239.15,55289.29,55138.88,2025-08-06 11:05:00+05:30
0,69.9610391328657,1.5133456803436873,2.553692501279574,1,3.8302836341367645,1.0295827120280467,5.012579727160217,0.4317647058813028,0.2799999999993754,0.28823529411696885,0.9166538283777559,0.7215447154456238,1.0335358991673256,3.0,0.9641242086219545,260,13,0.0,46.36428571428561,2.0,1.2463564936065943,2.8847635187120098,1.0403468209336433,0.8655804480633845,0,ORB,BUY,55547.5,55489.71,55663.07,2025-08-06 13:35:00+05:30
0,63.11541950316913,1.007805158191549,1.3332738037060903,1,1.5448922536430982,0.8588013543657177,3.006186853450653,0.7899838449099685,0.15831987075897777,0.05169628432943814,0.8269873079491472,0.6452955870097185,0.8062335171421999,4.0,0.9703389830505665,40,9,0.0,74.85000000000062,2.0,1.5255177020708617,2.295925183697629,0.3254686455141064,1.1633151663198433,0,ORB,BUY,55537.9,55423.72,55766.27,2025-08-12 09:55:00+05:30
0,33.65088422666027,-1.3217343043534235,-2.0486267646065293,-1,-3.0355250042713156,0.0417563078619051,5.636742192799856,0.6007326007313185,0.11355311355270217,0.28571428571353724,0.8485162436172046,0.45646067415594654,0.7122543765631821,-1.0,0.028999876068891497,265,13,0.0,48.26071428571387,2.0,0.9412639680309174,3.2604158957972826,-0.7268924602515993,0.8631956155124636,0,ORB,SELL,55174.95,55220.38,55084.1,2025-08-12 13:40:00+05:30
0,76.17258778155826,1.9460617241653,2.5425036694959067,1,2.1747973949835457,1.2470727617822506,3.6290061808423912,0.691548426896135,0.12708204811831994,0.18136952498431122,1.3545421988779216,0.8791086350965297,1.5727875829265212,2.0,0.9683563748076813,25,9,0.0,59.835714285714594,2.0,2.4781783454697965,5.439894950450472,0.5964419453296099,1.1665227403552707,0,ORB,BUY,55389.5,55241.22,55686.07,2025-08-14 09:40:00+05:30
0,15.044320545674736,-1.5863874679529097,-3.54763205113343,-1,-1.270966271649894,0.125710561181642,11.583053962823916,0.5648854961820846,0.43511450381600697,0.0,0.9553327256153754,0.08412698412676325,0.5864361702127887,-2.0,0.04513064133016544,35,9,0.0,54.849999999998026,2.0,1.0553327256153897,2.7073837739240583,-1.9612445831769445,1.0835401157959894,1,ORB,SELL,55423.4,55481.28,55307.63,2025-08-22 09:50:00+05:30
0,62.76640883299099,1.457848438608104,1.8010502642586188,1,2.054369930292254,1.1078332973149907,3.7225855329642825,0.7082132564831355,0.23775216138293773,0.054034582132485846,0.9753551172012509,0.9703557312240185,1.1188207423006353,2.0,0.9459016393439522,50,10,0.0,71.15357142857101,2.0,1.7141143402098171,3.3680670581692764,0.34320182565003243,1.0601894286571396,0,ORB,BUY,53850.25,53728.28,54094.18,2025-09-03 10:05:00+05:30
0,42.6040682449175,-0.7618808816826327,-0.8835782399122506,-1,-1.2877782053748483,0.3185937003958716,3.0134119694814268,0.7952973720586255,0.04426002766235282,0.1604426002762554,0.4869155281893589,0.8233815210548745,1.0477444846888717,-2.0,0.021657953696791195,25,9,0.0,74.24285714285725,2.0,1.358706946315185,3.60708100826918,-0.12169735822945402,0.5582149474975987,1,ORB,SELL,54046.05,54146.92,53844.3,2025-09-05 09:40:00+05:30
0,69.55985806730527,1.6012720297191714,2.479691588194173,1,1.4123099344183785,1.1780392468059668,3.536200581331363,0.5757335448048162,0.1205392545596533,0.3037272006339445,0.8576147680350105,0.7490439770547297,1.4250681198909803,3.0,0.9652888787390047,20,9,0.0,73.51785714285766,2.0,1.9845761476803923,3.060480932713814,0.8784195584738066,0.5925195000464472,0,ORB,BUY,54300.05,54154.15,54591.85,2025-09-08 09:35:00+05:30
0,78.80697673017316,2.3178134524549656,4.134199370601409,1,3.057763496352599,0.8935442923415243,11.382010334860547,0.6530089628672938,0.3412291933413643,0.005761843790061431,1.5970203753742458,0.8315450643757941,0.6991747936985075,5.0,0.9042916142931051,70,10,0.0,48.90357142857153,2.0,1.9986343387133847,4.237931789957001,1.8163859181427287,1.5761856710360975,0,ORB,BUY,54651.8,54554.06,54847.28,2025-09-10 10:25:00+05:30
0,71.57507005394937,1.8448779115862561,2.5280885578922097,1,3.034561969700821,1.1779384390169985,3.8996674147350916,0.5460176991141809,0.23274336283134345,0.22123893805270575,1.4587367450437991,0.7788235294100692,1.1725293132328376,3.0,0.9588161603504847,185,12,0.0,38.732142857142854,2.0,1.9331028123558547,3.582295988925744,0.6832106463041896,1.4899789029496686,0,ORB,BUY,54708.55,54633.68,54858.3,2025-09-11 12:20:00+05:30
0,67.33564429784406,1.2737514304922355,2.047479667103197,1,2.6553981106613787,1.0861347353770077,3.4801521451624398,0.550308008212515,0.273100616015793,0.1765913757696386,1.5773279352225777,0.928853754938157,1.2284393063585228,2.0,0.9314786192679605,155,11,0.0,30.875,2.0,2.0692307692309106,2.490688259101056,0.7737282366084557,1.47799696509406,0,ORB,BUY,54988.9,54925.01,55116.68,2025-09-15 11:50:00+05:30
0,65.59519797359559,1.334391717101068,1.6745013672255624,1,1.5105595910679122,1.009333334000704,3.4406177458261915,0.7107023411348852,0.0,0.2892976588617704,0.7239709443097991,0.33886583679019694,0.8543214044564912,6.0,0.9999999999995413,25,9,0.0,41.29999999999927,2.0,1.2743341404357944,5.277239709430344,0.34010965012367095,0.7388188781794314,1,ORB,BUY,54995.7,54943.07,55100.96,2025-09-16 09:40:00+05:30
0,37.421689502061135,-0.8662557758579051,-1.4523338564026422,-1,-0.8502848326607554,0.16729580926623105,5.776182212328536,0.4115776081419591,0.04770992366406232,0.5407124681927062,1.3059577498219803,0.698857736239577,0.8316575165010526,-2.0,0.18726591760291617,45,10,0.0,60.18571428571314,2.0,1.2738666033704067,2.032874436265329,-0.5860780805437632,1.4669652855515782,0,ORB,SELL,55504.3,55580.97,55350.96,2025-09-19 10:00:00+05:30
0,69.07388891706901,0.9546649058304971,1.6224898820677913,1,1.4902215854388599,0.9123970925423275,4.47770390586876,0.7873303167406563,0.05429864253383837,0.15837104072369526,1.0554683768847566,0.00851466414373227,0.8642177188576515,1.0,0.9905778894469249,70,10,0.0,52.34642857142899,2.0,1.7505424029472172,1.8883809783684586,0.6678249762360183,1.239623064839008,0,ORB,BUY,55630.95,55539.32,55814.22,2025-09-22 10:25:00+05:30
0,30.599333842739085,-0.8882298796652405,-1.884741223059323,-1,-0.9138940511159893,0.09045797010736821,4.0821213202997475,0.7666232072992414,0.1786179921768173,0.05475880052133373,0.6437263953000153,0.27380281690113273,1.4764422791277947,-2.0,0.09707574304885155,30,9,0.0,59.57500000000021,2.0,1.5670583298363059,3.004616030208962,-0.9965113433924099,0.6089234677665525,0,ORB,SELL,55179.25,55272.61,54992.54,2025-09-23 09:45:00+05:30
0,23.047840811608637,-1.7372299149478663,-2.9128871081204992,-1,-2.471119966055932,0.04530786102955631,5.977783518222063,0.7365269461062195,0.013972055888283206,0.24950099800350126,0.9833859095688463,0.6062068965509482,1.410701876302974,-6.0,0.03604382929641451,90,10,0.0,50.94642857142857,2.0,1.7684192078513397,3.6410795653626393,-1.1756571931703255,1.0621157515347177,1,ORB,SELL,55176.8,55266.89,54996.61,2025-09-24 10:45:00+05:30
0,69.08582663990927,1.364010508774552,2.017178446834483,1,1.2103613965984676,1.0491667131973619,4.672081156051296,0.41852770884961504,0.2878411910665246,0.29363110008220605,0.8403753537560662,0.20434353405681763,0.7075787057825764,3.0,0.9321901792669748,25,9,0.0,71.9321428571441,2.0,0.7526984757459968,3.567250881281987,0.6531679380590232,0.7467572575655035,1,ORB,BUY,54605.4,54551.26,54713.69,2025-09-29 09:40:00+05:30
0,26.898623180594882,-1.476249356396057,-2.652298781682007,-1,-4.131581750563858,0.07642575889529366,7.54479228727571,0.5622423742776834,0.013190436933249334,0.4245671887874184,1.0617731649368904,0.5334717176953698,1.7049864121847969,-3.0,0.059565116817011036,175,12,0.0,57.12142857142784,2.0,2.2252969863699077,2.7774165311943984,-1.1760494252838913,0.9026640869163821,0,ORB,SELL,54279.5,54406.61,54025.28,2025-09-29 12:10:00+05:30
0,46.78019772019817,-0.677896071729585,-0.5638274731314217,1,-1.2817344859090491,0.36554648709600357,5.042158370600516,0.7174052665373811,0.07642903018612149,0.2061657032752128,1.1489563567362409,0.11397423191256559,0.659538705761479,-1.0,0.06520414381470249,70,10,0.0,67.75714285714172,2.0,1.4046594982079463,2.251423149901774,0.11406859859799487,1.3101649276316023,0,ORB,SELL,54562.95,54658.13,54372.6,2025-09-30 10:25:00+05:30
0,67.02837466231638,0.9211171743463871,1.6298301106747672,1,1.1994466565718502,0.9251176824551605,4.58340020897319,0.6091284292301298,0.21825685846067444,0.17261471230871026,2.371622455274474,0.5623775310251021,1.9746648855313067,1.0,0.8779527559052799,50,10,0.0,86.83928571428623,2.0,1.9539995887312458,2.3716224552717433,0.708712936327564,2.006136762125417,1,ORB,BUY,54905.9,54736.22,55245.27,2025-10-01 10:05:00+05:30
0,71.70952904120804,0.7661286597151431,2.227839481005776,1,1.4623165281337627,0.7431162865423128,9.02016870046708,0.548347613217807,0.05018359853098382,0.40146878824876114,0.6909925693227799,0.395408163264663,0.9665942582046212,2.0,0.9385078858759798,80,10,0.0,59.117857142855165,2.0,1.303528061378652,1.4970096055070932,1.4617108212881604,0.8282643957809644,1,ORB,BUY,55992.05,55914.99,56146.17,2025-10-06 10:35:00+05:30
0,71.34777546156879,1.7333866737741057,2.35733950083344,1,1.7016244457935885,1.1770724370632406,3.8977979561383553,0.534460338100801,0.34850455136489306,0.11703511053300554,1.1883658038523455,0.5328147788035636,1.670708359923532,4.0,0.904388155547319,20,9,0.0,64.71071428571356,2.0,2.1143495777913355,4.331585628339222,0.62395282705837,0.7354628921186637,1,ORB,BUY,56278.55,56141.73,56552.19,2025-10-07 09:35:00+05:30
0,35.219507505139546,-0.5241268747147696,-1.4244813117775266,-1,-1.1698366219971035,0.14654410001320028,3.7704105150967804,0.5428937259908123,0.0,0.45710627400662684,0.5768703176110987,0.4500818330598305,0.8592667001506575,-1.0,0.1295072682650185,75,10,0.0,67.69285714285745,2.0,0.7891421335864467,1.65896380710954,-0.9003544370614269,0.7348513360919982,1,ORB,SELL,56073.05,56126.47,55966.21,2025-10-08 10:30:00+05:30
0,57.77901244763519,1.036745647265892,1.1503420713210912,1,1.9614854450694574,0.8816256511606814,4.28362103745963,0.6020313942740068,0.3065558633419657,0.09141274238218082,0.7679294975689103,0.09824281150146603,0.8652811373845951,1.0,0.9505363528006744,80,10,0.0,70.51428571428498,2.0,0.984217990275547,2.5831645056689934,0.1135964240550381,0.8691813804159637,0,ORB,BUY,56646.4,56577.0,56785.2,2025-10-13 10:35:00+05:30
0,28.41110172630161,-1.388641333856731,-2.0601552660919857,-1,-2.332146105445291,-0.1996699688017538,2.7419664081720563,0.45076784101101974,0.12466124661213901,0.4245709123750345,1.039855072463755,0.6295467263563286,1.6075306817451656,-6.0,0.07432005060086098,115,11,0.0,53.2285714285707,2.0,1.9195115405259986,3.7517444981143946,-0.671513932233993,1.087212728341991,1,ORB,SELL,56428.6,56530.77,56224.25,2025-10-14 11:10:00+05:30
0,68.23029756272679,1.0355717085733245,2.097698762863642,1,3.153501165501084,0.8988173407625135,5.977056668584369,0.7913385826759192,0.13937007873991508,0.06929133858259096,1.563076923076883,0.5878564857393722,1.461021505376472,1.0,0.9673190546525289,215,12,0.0,40.62500000000104,2.0,1.8095384615385228,1.9273846153798935,1.0621270542877028,1.4418710263363408,1,ORB,BUY,57256.65,57183.14,57403.68,2025-10-16 12:50:00+05:30
0,74.88230917494386,1.6665914230297407,2.8455652739747346,1,1.2101797736184328,0.9610001530774024,7.308485302215792,0.705614567525469,0.29438543247301346,0.0,0.6825479026411351,0.2312338222600816,0.6093128051069915,1.0,0.9430918157814735,30,9,0.0,96.5499999999998,2.0,0.7297255308129945,3.2775763852891764,1.1789738509437724,0.8867061356285393,1,ORB,BUY,58479.1,58408.64,58620.01,2025-10-23 09:45:00+05:30
0,33.41201234441934,-1.3743779252446318,-2.05418494114161,-1,-1.7940055936048442,-0.06775106283946429,3.2597561724242397,0.9529854254810026,0.02726845322048677,0.019746121297570276,1.2178643000286091,0.6962616822421721,0.975260416666642,-2.0,0.0061837455830327905,60,10,0.0,87.3250000000002,2.0,2.1103063269395186,2.2393358144834954,-0.6798070158961999,1.4924221161921218,1,ORB,SELL,57895.4,58079.68,57526.84,2025-10-24 10:15:00+05:30
0,35.01111703371522,-1.0546970215165852,-1.5280164017052102,-1,-1.852529647295147,0.07708364376332207,4.301707004375585,0.4841628959264066,0.0,0.5158371040713309,0.4347795538380203,0.10157273918729078,0.7447016174009643,-1.0,0.11233089376799747,60,10,0.0,101.66071428571377,2.0,0.4999999999999821,3.2028104689938655,-0.47331938018815956,0.556044785506879,1,ORB,SELL,57913.55,57964.38,57811.89,2025-10-28 10:15:00+05:30
0,62.858977930137996,0.8677566993074348,1.8350858515630026,1,3.803865007541509,0.9092310853157226,4.680723938839846,0.6974358974335628,0.16752136752084457,0.13504273504217387,0.617647058823543,0.23592233009665753,1.052785281448517,2.0,0.9104087762828939,275,13,0.0,47.35714285714182,2.0,1.0079939668175228,3.125188536946712,0.9673291522535252,0.475146198829633,0,ORB,BUY,58435.6,58387.86,58531.07,2025-10-29 13:50:00+05:30
0,28.29238295984517,-1.3702834298024529,-2.471963406372272,-1,-1.5070471043288962,0.04117121532250551,6.52895478480705,0.49367088607470316,0.19549929676451175,0.3108298171579721,0.5085836909870552,0.5016835016828731,1.2681984546564304,-4.0,0.043581147702589106,40,9,0.0,69.90000000000093,2.0,1.5535050071531094,2.7532188841161545,-1.1016799765682432,0.6021341463403458,0,ORB,SELL,58088.7,58197.29,57871.52,2025-10-30 09:55:00+05:30
0,66.73033408554386,1.9889420800237625,2.3559314439027017,1,2.2512870325400756,1.0781738629748168,4.347907590468982,0.7169179229472986,0.22724734785008552,0.055834729201499206,1.2177756192326594,0.9374638100741768,1.2037239868565859,3.0,0.9412444059474729,30,9,0.0,73.53571428571533,2.0,2.0575522098105727,4.549490043704327,0.36698936387844017,0.9121931343578416,1,ORB,BUY,58044.4,57893.1,58347.01,2025-11-03 09:45:00+05:30
0,29.073134080249403,-1.3438380332603586,-2.382004844045812,-1,-1.0483227075014856,0.026646052130192208,5.923077439687079,0.5904505716198519,0.06052454606582428,0.34902488231297873,1.240421855448929,0.12554585152812212,0.7834320972569243,-1.0,0.10336586337380493,30,9,0.0,59.939285714286335,2.0,1.1018471071917093,3.023893225282417,-1.0381668107837214,1.0896966143908962,0,ORB,SELL,57894.55,57960.59,57762.46,2025-11-04 09:45:00+05:30
0,35.76829756492306,-0.7052253681911315,-1.2152962743345008,-1,-0.8378356269085987,0.08316447358199884,3.18088907202022,0.6693300553157764,0.20712968653937472,0.12354025814361967,0.9177646158185064,0.4516129032250972,0.780412328022426,-3.0,0.08176100628927635,50,10,0.0,88.63928571428603,2.0,1.4673395382570489,1.6533301099945354,-0.5100709061427938,1.1290770298388242,1,ORB,SELL,57660.35,57790.41,57400.22,2025-11-06 10:05:00+05:30
0,55.897500467908,1.076717301339976,0.8579141748972534,-1,1.5869051767530606,0.6847537364156213,4.3545768037255455,0.4353591160212338,0.4419889502752663,0.12265193370128992,0.7358578232082754,0.9268142681415733,1.3094046591888857,3.0,0.922645523109294,30,9,0.0,61.49285714285673,2.0,1.687176210942055,4.195609246130968,-0.21880312644236674,0.7407104272372951,1,ORB,BUY,58365.65,58261.9,58573.15,2025-11-13 09:45:00+05:30
0,67.9545825115569,1.5698920614425453,2.2195183258210953,1,3.2727315943847377,1.1841696645726112,3.650197643461655,0.7196467991154464,0.18432671081635577,0.09602649006599032,1.3696145124715362,0.6098591549279005,1.1041990668740314,2.0,0.9652083333329373,260,13,0.0,33.07499999999969,2.0,1.761375661375669,3.105064247911944,0.6496262643765859,1.3891444342182746,0,ORB,BUY,59082.35,59024.09,59198.86,2025-11-18 13:35:00+05:30
0,74.04134221891078,2.5072190334941657,3.6806235349098646,1,5.053883080160563,1.1129382893576911,7.149859365358243,0.7320424734531319,0.23922548407216535,0.028732042473453512,2.210889721838701,0.6169354838692793,1.1396061269145716,8.0,0.945433822481561,195,12,0.0,36.20714285714296,2.0,2.2901755770368255,4.572302229223975,1.1734045014124581,1.616192206740174,0,ORB,BUY,59020.35,58937.43,59186.19,2025-11-19 12:30:00+05:30
0,47.64167094838162,-0.35519764679262783,-0.3560396558567417,-1,-0.6148241811175712,0.15362928937976714,2.019252498794052,0.5685279187802988,0.0951776649743742,0.33629441624278883,0.6642581888246862,0.19850187265823663,0.4488203157832284,-1.0,0.13877855014887294,65,10,0.0,59.314285714285816,2.0,0.6428709055877334,1.6682321772611046,-0.0008420090641124007,0.9766980664328937,0,ORB,SELL,59153.2,59191.33,59076.94,2025-11-20 10:20:00+05:30
0,62.47399106470034,0.26288094053618855,1.1774798811204705,1,2.8892668178382666,0.7208752663558254,6.234350779088323,0.5339805825221982,0.25242718446503914,0.21359223300887928,0.7152777777777984,0.18103448275799644,0.811675329868081,1.0,0.8277418089068689,240,13,0.0,35.99999999999896,2.0,0.7291666666664856,1.848611111105908,0.9145989405817414,0.8159062103903022,1,ORB,BUY,59336.2,59309.95,59388.7,2025-11-20 13:15:00+05:30
0,27.12823915949626,-1.1225929522264224,-2.543913690610793,-1,-1.1974339810662098,0.13762866089312137,8.662421980313285,0.7065820777150728,0.14591593973010522,0.14750198255323596,0.9424514200298242,0.8124474348177755,0.8756904624124945,-1.0,0.057266811279789,45,10,0.0,66.90000000000042,2.0,0.9034379671151264,2.133034379667906,-1.421320738382246,1.2141344117056396,1,ORB,SELL,59014.85,59075.29,58893.97,2025-11-21 10:00:00+05:30
0,66.84162687200623,1.6013759498383116,2.0378522393707916,1,2.033364117050711,1.079616981008304,4.723640074116337,0.8339709257829812,0.07192042846197402,0.09410864575351463,0.9940243372446604,0.7041564792164254,0.9459772013877223,4.0,0.9805342721056318,55,10,0.0,65.74285714285672,2.0,1.6803998261625324,3.385919165575032,0.4364762895318162,1.2412155745465572,1,ORB,BUY,59128.55,59018.08,59349.5,2025-11-24 10:10:00+05:30
0,53.40486537423755,0.5774019549829537,0.6643966863757634,1,1.2745885662955443,0.8357472107171827,4.954067012385766,0.42682926829150936,0.08807588075856543,0.48509485094721516,0.5253470280164997,0.9082483781261391,0.6956481694681705,1.0,0.8440366972474369,65,10,0.0,70.23928571428509,2.0,0.5790766258199042,2.132709615088294,0.08699473139268596,0.7721280602620542,1,ORB,BUY,59003.8,58963.13,59085.15,2025-11-25 10:20:00+05:30
0,32.84943555293802,-1.6415399759604419,-2.5533190960147496,-1,-3.659782383254426,0.0056996031994564315,6.476841429978804,0.8714515265122651,0.06480985538285214,0.06373861810381155,1.5191212367778522,0.5414814814807224,1.1470534684712044,-1.0,0.11720443820937387,165,12,0.0,61.44999999999969,2.0,1.7590724165988887,4.580146460529544,-0.9117791200528238,0.8815752195666342,1,ORB,SELL,59768.2,59876.3,59552.01,2025-12-01 12:00:00+05:30
0,70.78293663261286,1.028926761356737,1.7719818461136376,1,1.476639534114197,1.0798434189428683,2.569212426221937,0.641318977118916,0.30484522207227566,0.05383580080746245,1.0325590629343102,0.6821428571406288,0.3943860355148603,4.0,0.9249502982104251,65,10,0.0,71.957142857144,2.0,1.0651578320428159,2.035239229697418,0.743055084755868,1.5001009489168677,1,ORB,BUY,59459.5,59382.85,59612.79,2025-12-04 10:20:00+05:30
0,32.15896132050645,-0.552855684206295,-1.6476025965806913,-1,-3.9527997724147252,0.17597287150366128,4.606528572517003,0.46803069053589214,0.36189258311926237,0.1700767263422879,0.908396946565012,0.1818181818176166,0.8594752186588582,-1.0,0.06669877197204602,240,13,0.0,43.04285714285756,2.0,1.0444075672088013,1.4810819780914668,-1.0947469123718527,1.0184943995807,0,ORB,SELL,59161.1,59206.05,59071.19,2025-12-04 13:15:00+05:30
0,28.48299097184521,-1.1721172460889813,-2.098400903437227,-1,-1.3190404420999742,0.08917518073281751,6.28874363396814,0.5804002760517123,0.23740510696996603,0.18219461697694134,1.0919366993217328,0.15479452054756096,0.573223400078521,-1.0,0.05365853658533221,45,10,0.0,66.35000000000011,2.0,1.0412207987943676,2.0037678975101203,-0.9262836573468498,1.3047001620721796,0,ORB,SELL,59480.35,59549.44,59342.18,2025-12-08 10:00:00+05:30
0,61.09310748309323,0.5947885218016848,1.129078554174156,1,0.6194374578751466,0.8437428604157015,4.426122317442744,0.7285828662919017,0.1321056845474327,0.13931144915906427,0.8623563643536561,0.4780876494011021,0.5234879332605182,1.0,0.7810847855880952,45,10,0.0,72.41785714285756,2.0,0.8484341865167072,1.5203432460401858,0.5342900323717333,1.0545423843277677,0,ORB,BUY,59385.0,59323.56,59507.88,2025-12-10 10:00:00+05:30
0,28.489368404642633,-1.7584600959392853,-2.7897748573540553,-1,-3.805552442676258,0.013413502394934208,7.338058327618027,0.531335149862767,0.4586739327875167,0.009990917347899768,0.9716338880484575,0.6985507246366266,1.2432432432432432,-4.0,0.0015784187114442406,130,11,0.0,56.65714285714317,2.0,1.458169440242007,2.464826021175692,-1.0313147614129494,0.9883303411114096,1,ORB,SELL,59093.0,59175.62,58927.77,2025-12-10 11:25:00+05:30
0,33.558479440755804,-0.23921165305425968,-1.3357386152929753,-1,-0.42985625236870617,0.3905511641773252,6.645605910807261,0.7849999999972379,0.0,0.21499999999942887,0.6193320061933054,0.2583170254392157,0.5151580614964071,-1.0,0.28029916709153807,90,10,0.0,48.43928571428686,2.0,0.7492663864925466,1.38214259381863,-1.096526962236452,0.665926748056214,1,ORB,SELL,59123.55,59159.84,59050.96,2025-12-16 10:45:00+05:30
0,38.91609226299177,-0.6535837488604866,-1.2459062892980952,-1,-1.3432973764065836,0.1298854897871422,3.6519110222747226,0.7571884984003819,0.04952076677287216,0.1932907348235511,0.46624461350209395,0.48319327731011225,0.8315032940706764,-1.0,0.06487823439874213,80,10,0.0,67.13214285714223,2.0,0.7323349470661091,1.8612544554954193,-0.5923225404367264,0.5224503421789992,0,ORB,SELL,58881.45,58930.61,58783.12,2025-12-17 10:35:00+05:30
0,62.52818307368245,1.3449863391512324,1.4335070208806835,1,1.884141942465553,0.9163029284245905,3.260279624758063,0.46384872080041495,0.15572858731906786,0.3804226918794048,1.1349986473081675,0.9507323568567155,1.4984323040379377,5.0,0.9519065613188084,55,10,0.0,79.20714285714244,2.0,2.060050500495971,3.360176751731748,0.08852068172933923,1.2001067948188824,1,ORB,BUY,58989.8,58826.63,59316.14,2025-12-18 10:10:00+05:30
0,40.93697849588997,-0.5647674624764362,-0.9508927088051464,-1,-1.2722597879623112,0.2030305746916362,4.156044730628448,0.7061068702272894,0.12086513994881529,0.1730279898213508,0.9186075632355872,0.5762514551790421,0.830754352031054,-1.0,0.16670391061443113,70,10,0.0,42.78214285714161,2.0,0.8643375907840788,1.6361966775152148,-0.38612524632780776,1.131260794469914,1,ORB,SELL,58953.95,58990.93,58879.99,2025-12-29 10:25:00+05:30
0,55.000499170584376,0.09401221993032582,0.5874194116889588,1,1.1868320807790764,0.6944479914898642,5.806727734365025,0.6206896551712268,0.04075235109703393,0.33855799372964945,0.7732886990649694,0.8953287197215892,0.9270779629948354,1.0,0.6734121122597845,90,10,0.0,61.878571428571114,2.0,0.8417753665012956,2.5283389126127562,0.4934071917578356,0.8799190878983136,0,ORB,BUY,58965.55,58913.46,59069.73,2025-12-30 10:45:00+05:30
0,71.17530046877671,1.2806451054934713,2.545184551644934,1,2.493689788054068,0.9958356368888004,4.707866601374794,0.637274549097052,0.22144288577103766,0.1412825651299064,1.0095375722542068,0.1835793357929754,1.087885304659417,2.0,0.9624596568707595,100,10,0.0,49.42857142857195,2.0,1.6395953757225135,2.8455202312079684,1.2645394461489046,0.9568552253096815,1,ORB,BUY,59470.4,59389.36,59632.49,2025-12-31 10:55:00+05:30
0,36.997444713539736,-0.42828026958590604,-1.5855234340708086,-1,-2.728951870524464,0.23145583470837944,7.813194383585419,0.5475285171083305,0.21292775665316283,0.2395437262347044,0.5017032293227217,0.9360341151365988,0.85478096725904,-1.0,0.1734609476544579,145,11,0.0,52.42142857142763,2.0,0.4999999999999852,2.2023436435440886,-1.1572431644826948,0.5264211369083804,1,ORB,SELL,59763.1,59789.31,59710.68,2026-01-08 11:40:00+05:30
0,33.789178048464606,-1.2538915423787649,-1.8416318924913013,-1,-1.442335384212542,-0.051638942695226515,4.050250430402769,0.586013986013085,0.14405594405578329,0.2699300699297331,0.8735872932757354,0.13139158576027235,0.955853108842632,-1.0,0.05835222978079237,30,9,0.0,81.84642857142846,2.0,1.2216127765413987,3.6354671204738462,-0.5877403501118184,0.7815061755374734,0,ORB,SELL,59682.05,59782.03,59482.08,2026-01-20 09:45:00+05:30
0,32.773496375647866,-1.619864391382821,-2.2658609481294336,-1,-3.061756922226036,-0.11898504721335192,3.9872388650162667,0.5578689528467732,0.39497856705401013,0.047152480097991875,1.3545443772958983,0.2875341219285332,0.9315814967305139,-3.0,0.010673690047143629,255,13,0.0,60.27857142857205,2.0,1.5225619149188128,3.7152506221054953,-0.645996556745541,0.9531870184438966,1,ORB,SELL,59343.05,59434.83,59159.49,2026-01-28 13:30:00+05:30
0,57.65488219298693,0.6800589731393535,0.8404094208905651,1,1.0381516153946209,0.6604831923396726,3.070226035353157,0.6291028446382514,0.056345733041528866,0.3145514223191257,1.028245409618714,0.19395711500930077,0.5979518774457022,4.0,0.8314522197137488,55,10,0.0,88.88928571428654,2.0,1.1507453091727733,2.2466149704663825,0.1603504477510313,0.9540709812098607,1,ORB,BUY,59560.0,59457.71,59764.58,2026-01-29 10:10:00+05:30
0,68.07108769212795,1.3432072901270737,1.754445716003452,1,2.2603403357966583,1.118055281779295,3.6111073942191374,0.49215143120870775,0.32779316712773304,0.1800554016617125,0.7312273932963682,0.4457644628094585,1.272846811308374,6.0,0.9562646297890953,80,10,0.0,74.05357142857247,2.0,1.7656860380998176,3.286134555095569,0.4112384258758227,0.8058035714273766,0,ORB,BUY,59778.6,59647.84,60040.11,2026-02-01 10:35:00+05:30
0,32.84869159525978,-1.2117878915093034,-1.8735050026561528,-1,-2.3068804181141433,-0.014381819387524645,4.480919053884214,0.6134762184378645,0.19847328244268642,0.18805049911915556,2.23847526053891,0.5567844172992331,2.287640934347536,-1.0,0.0957971881543426,175,12,0.0,152.15714285714265,2.0,2.096291428034952,2.417237818043688,-0.6617171111464147,1.4823519171338764,1,ORB,SELL,59261.15,59580.12,58623.22,2026-02-01 12:10:00+05:30
1,36.75208906917596,-1.3536603726414325,-1.6346432234055177,-1,-1.771917633706251,-0.074144244925145,4.180297599156899,0.7073324905175052,0.0,0.29266750948123055,0.9893683552219865,0.13280632411048496,0.7569022993418184,-6.0,0.061251488292071,40,9,0.0,79.95000000000073,2.0,1.4133208255159673,3.1682301438358538,-0.2809828507637337,1.0895316804392505,1,EMA_SCALP,SELL,45393.7,45506.7,45167.71,2024-02-12 09:55:00+05:30
1,38.07175942631826,-0.9378871692503131,-1.5642388549184505,-1,-2.24768399627158,0.10108124582610296,4.724732201212977,0.7113289760333178,0.0,0.28867102396450356,0.7072419106317648,0.14999999999969998,0.7771301693033645,-2.0,0.23802226989473266,265,13,0.0,64.89999999999989,2.0,0.8604006163327673,4.617873651764804,-0.6263516856671724,0.4399501581516148,1,EMA_SCALP,SELL,46872.4,46928.24,46760.72,2024-02-23 13:40:00+05:30
1,61.58706298282941,1.5383747670318864,1.9616752739119347,1,1.719429298494244,1.1062913461792057,4.012007563712125,0.8378776713325862,0.15327929255691009,0.00884303610902982,1.4095563139931406,0.5225118483399266,0.8736414048058453,1.0,0.5952318229713869,230,13,0.0,48.13571428571439,2.0,1.5178661522481687,2.9583024187503697,0.4233005068791688,1.3364191451618137,0,EMA_SCALP,BUY,46739.5,46666.44,46885.63,2024-02-26 13:05:00+05:30
1,60.51256288903428,0.6712856894611245,1.2610982501351493,1,1.1542758777485806,0.8578433419030976,4.282859647377211,0.6215676485265795,0.2855716425358919,0.09286070893653009,0.910779823963123,0.8205697373282886,1.2610637163423333,1.0,0.6946040116770608,45,10,1.0,109.96071428571356,2.0,0.75068693364515,4.02734742927304,0.5898125606734884,0.6195100828896453,1,EMA_SCALP,BUY,47811.05,47728.5,47976.14,2024-03-06 10:00:00+05:30
1,61.26560192518412,1.3061858402916484,1.715138100213671,1,2.4914226487101496,1.0085817612293133,4.906002057669564,0.7685185185173246,0.20959595959557828,0.021885521885413692,0.6849800255342956,0.19479905437332448,1.1676788390251451,1.0,0.9604538087518121,95,10,1.0,86.71785714285787,2.0,1.2139574152629469,3.123347473329498,0.4089522599215511,0.605134474326958,0,EMA_SCALP,BUY,47010.0,46904.73,47220.54,2024-03-14 10:50:00+05:30
1,39.96061370574016,-1.0076856668465526,-1.4644915561499834,-1,-2.0438222783082716,-0.02121619150638886,3.723691379939214,0.4740061162064382,0.33792048929564655,0.18807339449485708,1.0300371245360707,0.4615384615376667,2.0679420289854127,-1.0,0.414978628507559,225,13,0.0,31.746428571428883,2.0,1.2402857464280488,3.1483856451693955,-0.45680588930199195,0.8197543243901146,1,EMA_SCALP,SELL,47484.75,47524.12,47406.0,2024-04-01 13:00:00+05:30
1,59.54782022012937,1.1885119143342644,1.570480667140834,1,2.001354927490392,1.026470731578017,4.196845362929669,0.5932203389812759,0.19722650231047859,0.20955315870516378,0.9617868106275848,0.34253246753118133,0.9086503002845184,1.0,0.6724561403506464,170,12,0.0,33.73928571428717,2.0,1.1551497829999255,2.907589711010585,0.3819687528054374,0.8996395896841163,0,EMA_SCALP,BUY,48789.3,48750.33,48867.25,2024-04-12 12:05:00+05:30
1,61.82020592756623,1.4078972204948597,1.7206346143358962,1,1.9150074811231996,1.095711503350693,3.8287041244762845,0.7661169415284619,0.23388305847053859,0.0,0.9747729566095058,0.7370266479653916,0.7206179613051765,3.0,0.9491691104592244,45,10,1.0,102.63928571428654,2.0,1.4527958523261166,2.8892445805323512,0.31273739384073185,0.979058616302041,0,EMA_SCALP,BUY,47799.65,47650.54,48097.88,2024-05-10 10:00:00+05:30
1,59.03646228077571,0.9310918118632219,1.4597075156536687,1,2.085342832785319,0.8958179073070829,5.737461830955997,0.8808510638285172,0.08368794326231328,0.03546099290775112,1.0303251735476988,0.849924585217455,1.0032967626870801,1.0,0.5896630496857782,155,11,0.0,68.42499999999875,2.0,1.2136280599195828,2.7416879795357705,0.5286157037896744,0.9752386222147328,1,EMA_SCALP,BUY,47293.0,47209.96,47459.08,2024-05-13 11:50:00+05:30
1,56.41189341856166,0.4919826006942035,0.9062570917853091,1,1.4278101004368893,0.8135962139962333,5.139283371492223,0.510638297870634,0.19858156028295265,0.2907801418428673,0.773662551440256,0.6926286509022033,0.9726543627402882,1.0,0.699759945130089,140,11,0.0,36.44999999999969,2.0,0.7200274348421281,1.99999999999457,0.41427449108996894,0.7970604861480257,1,EMA_SCALP,BUY,48131.15,48104.91,48183.64,2024-05-21 11:35:00+05:30
1,68.54239032179613,1.8343240092522302,2.185932093390369,1,2.0833570615033516,1.1702220084151718,3.7255614879974766,0.8156514723671917,0.10125050423551708,0.08309802339648437,1.411731207289322,0.5966277561600675,0.9186382978723117,4.0,0.9594572766916533,35,9,0.0,87.80000000000135,2.0,1.9815489749429755,3.1714123006797603,0.3516080841377383,1.5075407443426134,1,EMA_SCALP,BUY,49994.35,49820.37,50342.31,2024-06-12 09:50:00+05:30
1,43.68154881734884,-0.5188776028748092,-0.7799812661201008,-1,-0.6805426733212503,0.10435236283374444,2.7322937672979664,0.7433581296484998,0.07598299681183812,0.18065887353859933,0.8727971379355977,0.7897667942911538,1.328774364056842,-1.0,0.23643292682920508,40,9,0.0,107.81428571428478,2.0,0.9537829601166201,2.610971246850655,-0.26110366324504936,0.8645718485842758,0,EMA_SCALP,SELL,52451.25,52554.08,52245.59,2024-06-26 09:55:00+05:30
1,63.329646540485285,1.48015456415469,1.776095674232594,1,1.9967115620555842,1.1238866860233467,3.43046756130981,0.6092157731496674,0.39078422684944647,0.0,1.4151737728412739,0.42941810344786235,1.132496513249697,5.0,0.871858201365435,105,11,0.0,79.74285714285621,2.0,1.7747581512003303,3.192135435323819,0.29594111007753277,1.4145149160172819,1,EMA_SCALP,BUY,52673.75,52532.23,52956.8,2024-06-26 11:00:00+05:30
1,59.73531157232488,0.9424955309464239,1.6363321930661052,1,2.404515721869689,0.8890071591855495,4.995300056165273,0.5891980360047022,0.14075286415653596,0.2700490998354885,0.5716004009354512,0.41028571428487626,0.8029101396080657,2.0,0.9232365145226181,145,11,0.0,53.44642857142701,2.0,1.1290678249248147,3.8243902438954223,0.693836662118383,0.5475891736859866,1,EMA_SCALP,BUY,52566.55,52506.21,52687.24,2024-07-01 11:40:00+05:30
1,55.79866864383636,0.3728612475259687,0.722249185924158,1,0.5406848625229653,0.8163877943347347,3.308376817932342,0.5852334419098457,0.2942453854498913,0.12052117263809138,0.7044746762824975,0.36441281138736087,1.0259753807635918,1.0,0.4442920137186868,210,12,0.0,65.36785714285828,2.0,0.7685242856362713,2.429328525374639,0.3493879383976547,0.7050987597599864,0,EMA_SCALP,BUY,50008.9,49958.66,50109.37,2024-08-07 12:45:00+05:30
1,58.24921774192532,0.6444381387589273,1.1055230134257168,1,1.3746380692791296,0.8667527702376653,3.954969870083821,0.5912518853686357,0.046757164404133834,0.3619909502257222,0.6287127036271541,0.7510568341937621,0.9980912835281615,1.0,0.8462448891756224,130,11,1.0,105.45357142857029,2.0,0.6993158803806647,2.739594269648951,0.46108487466635223,0.631248214795137,1,EMA_SCALP,BUY,50222.85,50149.1,50370.34,2024-08-08 11:25:00+05:30
1,63.4514428008578,1.3428097590755703,1.7248312783878967,1,1.6688907971665734,0.9816519334575354,3.723766974339961,0.7709090909075834,0.17272727272695867,0.05636363636363972,1.3680376654526285,0.5329268292669573,1.081896145509386,1.0,0.6722689075628099,265,13,0.0,40.203571428570804,2.0,1.4730123478723915,3.328062538856371,0.3820215193113761,1.116297950068745,0,EMA_SCALP,BUY,50602.45,50543.23,50720.89,2024-08-09 13:40:00+05:30
1,36.06896818550198,-0.9780012513160808,-1.4045687809713605,-1,-1.7977984716454367,-0.02336725783055526,3.1611831903858625,0.44375963019902526,0.28197226502208944,0.2742681047758036,1.0194098507796652,0.16114790286915137,0.7083659108676696,-2.0,0.38763168162294764,310,14,0.0,31.832142857142962,2.0,0.9811847862671802,3.234152361708804,-0.4265675296539396,0.7746478873220357,0,EMA_SCALP,SELL,51160.9,51192.13,51098.43,2024-08-26 14:25:00+05:30
1,36.340633887971705,-1.3354141452197987,-1.6510713620777813,-1,-1.9746639556564072,-0.00454709605890857,3.199867665527966,0.45404814004279903,0.17614879649859536,0.3698030634564174,1.2161186086294977,0.7696629213469299,1.451650485436776,-2.0,0.05956996827630735,160,11,0.0,37.578571428570285,2.0,1.763181904581016,3.2412088956385725,-0.31565721685714243,0.9900346620428715,0,EMA_SCALP,SELL,51312.7,51378.96,51180.18,2024-09-02 11:55:00+05:30
1,60.11870876456128,0.880728604659987,1.6317362181316681,1,2.4846025711443582,0.8598919425278932,5.39520101410733,0.4934554973808127,0.17539267015670315,0.33115183245986635,0.6623730492940988,0.34083601286102627,0.7761140819964524,2.0,0.9065229722062507,110,11,0.0,57.671428571429196,2.0,0.7927173643794011,3.1133267277627628,0.7510076134703788,0.7961650687770604,1,EMA_SCALP,BUY,50768.95,50723.23,50860.38,2024-09-09 11:05:00+05:30
1,43.31653469882855,-0.6147396788173578,-0.9881327000088247,-1,-0.5710779456176778,0.14196203541930094,4.252550138744767,0.70245398772906,0.15184049079723064,0.14570552147217566,0.9824032718075206,0.7477440525013808,1.9086283062126084,-1.0,0.5114408808041118,200,12,0.0,66.36785714285725,2.0,0.9392616907925764,2.711402895115171,-0.3733930211909043,0.8721241305498845,0,EMA_SCALP,SELL,50636.5,50698.84,50511.83,2024-09-09 12:35:00+05:30
1,37.25401443676897,-1.2097185046760206,-1.9532675410375941,-1,-2.0692659515608285,0.08201828588145918,7.18308700730232,0.6981263011786786,0.16793893129755083,0.13393476752238268,0.686494027971577,0.22438672438655438,1.285458761179185,-1.0,0.22561127744508022,175,12,1.0,104.95357142857185,2.0,1.5463538299247375,2.6249702249268787,-0.7435490363608649,0.6407292129830043,1,EMA_SCALP,SELL,51086.4,51248.7,50761.81,2024-10-09 12:10:00+05:30
1,56.7391022678319,0.6926982292774096,1.097586671646935,1,0.9742195239564796,0.8742473344055857,4.51968451757178,0.6498516320452925,0.3471810089011315,0.002967359050608637,0.6568286231380471,0.0598705501618041,0.5970190449903688,2.0,0.36551999999993684,225,13,0.0,51.30714285714306,2.0,0.9965613253514621,1.5845746902376665,0.40488844236873617,0.85467917828861,1,EMA_SCALP,BUY,51980.7,51929.57,52082.96,2024-11-07 13:00:00+05:30
1,53.39859184545294,0.32045704288200705,0.447358545924375,1,0.37231496919927615,0.7299359434272619,2.2558524347769153,0.6110134739300992,0.0,0.38898652606872913,0.6113114879901664,0.7002588438306521,2.1086419753086423,1.0,0.5113209988354126,50,10,1.0,139.61785714285725,2.0,0.9838410968715333,2.6669224669359446,0.12690150304227704,0.4969432314407545,0,EMA_SCALP,BUY,51980.2,51842.84,52254.92,2024-11-12 10:05:00+05:30
1,35.010812426196836,-1.776399275804301,-2.126804108295203,-1,-2.3582403199418045,-0.0975240393052989,3.9695589967745026,0.8054275473622093,0.08499743983609101,0.1095750128006756,0.99407380476278,0.518495297805345,1.4832774253545409,-6.0,0.18037264657102434,95,10,0.0,98.23214285714337,2.0,1.9064351936012147,4.130521723318806,-0.35040483249054505,0.8740601503751841,1,EMA_SCALP,SELL,50141.7,50328.97,49767.15,2024-11-14 10:50:00+05:30
1,64.28583259349728,1.664338863202489,2.5011127507926654,1,4.114645519055778,0.998542062502837,6.476519420422408,0.7037325038868986,0.2581648522546186,0.0381026438569276,0.9363428333680601,0.7217194570127563,1.2629215776314417,2.0,0.7224437893762556,160,11,0.0,68.67142857142764,2.0,1.938464738922385,3.1526939879297142,0.8367738875889578,1.0362610797727765,1,EMA_SCALP,BUY,50412.05,50278.93,50678.28,2024-11-21 11:55:00+05:30
1,54.78566736973933,0.4852757019609947,0.6694796118164936,1,0.8073982812380571,0.8204817493445928,3.019923147663843,0.48488830486091966,0.39159001313946723,0.12352168199698493,0.8102517301694964,0.8730853391665281,0.9650075414782007,1.0,0.48949655921750534,120,11,0.0,46.960714285714594,2.0,0.592965244505372,2.5489390828146345,0.1842039098551067,0.8850895557084819,0,EMA_SCALP,BUY,52154.8,52126.95,52210.49,2024-11-27 11:15:00+05:30
1,31.064926294990258,-1.1258669217532513,-2.065004279476572,-1,-2.9803617245887373,0.13772421363834178,8.172528302142405,0.509773260358915,0.3792025019540332,0.111024237685488,0.6169802219006637,0.3378590078325301,0.9336908824963357,-2.0,0.061964813949851635,110,11,0.0,103.65000000000093,2.0,1.3243125904486077,1.8953207911221013,-0.9391373577224149,0.6793074144883774,1,EMA_SCALP,SELL,52157.7,52294.96,51883.17,2024-11-28 11:05:00+05:30
1,60.88791080520211,1.1724273458293926,1.4264883519674265,1,1.5464746708179364,1.0500144297019984,3.3707024440969318,0.5298329355598976,0.16865552903719924,0.301511535401312,0.9631129597198728,0.7722929936293972,0.9425385934819213,2.0,0.9561167460148984,40,9,0.0,65.25714285714328,2.0,1.5006129597197075,3.015761821361428,0.2540610061376447,1.1653995920616955,0,EMA_SCALP,BUY,53576.45,53478.52,53772.3,2024-12-10 09:55:00+05:30
1,54.77215684986143,0.36780605683962025,0.6075375209936296,1,0.9445753620889766,0.778570644063285,3.3647436970226376,0.47026022304660764,0.529739776949675,0.0,0.4529981355626683,0.5905511810993976,0.3016285908164917,1.0,0.8352607462357264,105,11,0.0,59.382142857142235,2.0,0.49999999999997374,1.721898117516815,0.2397314641536056,0.650701499756551,1,EMA_SCALP,BUY,53493.55,53463.86,53552.93,2024-12-11 11:00:00+05:30
1,44.39246177120055,-0.3907041939601624,-0.8320735494543388,-1,-0.24962813992656255,0.19444151591098494,4.005911276677799,0.5064935064918975,0.07647907647889454,0.41702741702632196,0.6411154430714651,0.555018137847008,1.5070615034168178,-1.0,0.520148260786828,260,13,0.0,54.04642857142816,2.0,0.6745060463886606,3.00667415581287,-0.4413693554933596,0.49949545913149274,1,EMA_SCALP,SELL,51537.4,51573.85,51464.49,2024-12-19 13:35:00+05:30
1,44.735030323735124,-0.5588589471366872,-0.9672083780363374,-1,-1.6797817468152199,0.17963123564922692,5.508008540822175,0.559684684683373,0.0,0.44031531531437473,0.8999565658028515,0.7861339600453392,0.8491198061434663,-1.0,0.3739961229575355,160,11,0.0,49.33571428571356,2.0,0.6584189952221275,1.8059939192087298,-0.40834943089882264,1.1091681239043674,1,EMA_SCALP,SELL,51402.4,51434.88,51337.43,2024-12-27 11:55:00+05:30
1,34.69363040569935,-0.9872222338699144,-1.4894793773896733,-1,-1.1744618707017977,0.0919529509187334,5.474977262428068,0.7370456303164717,0.03750966744007704,0.22544470224267793,0.8754866636036269,0.32418162618774765,0.9858226342140707,-1.0,0.2031720661461609,225,13,1.0,147.68928571428583,2.0,0.9406161584407577,1.7797499576802096,-0.502257143519419,1.065249629262614,1,EMA_SCALP,SELL,51331.65,51470.57,51053.81,2024-12-30 13:00:00+05:30
1,46.92034585000984,-0.18732180834777049,-0.34449284874837033,-1,-0.3704493952548484,0.36384854600554617,2.7235296023572104,0.6862197392910042,0.0,0.31378026070713355,0.6157752477680857,0.5246172941658745,1.2703859438354692,-1.0,0.4261162296242333,95,10,0.0,87.20714285714348,2.0,1.1750266197067742,2.66491932180872,-0.1571710404004196,0.6250727505522126,1,EMA_SCALP,SELL,48579.8,48682.27,48374.86,2025-01-22 10:50:00+05:30
1,38.05383494662283,-0.7321855347003121,-1.2434370234029013,-1,-1.611314313582054,0.12335263099152888,4.315507891222812,0.8200276880472334,0.041532071988887004,0.13844023996295668,0.8219675417919586,0.29723991507388314,0.5512609725512121,-1.0,0.1556426724497131,90,10,1.0,131.81785714285797,2.0,1.0683816955214445,1.9200736947613155,-0.5112514887022014,1.0306287453619014,0,EMA_SCALP,SELL,50135.6,50276.43,49853.94,2025-02-07 10:45:00+05:30
1,40.97479694988441,-0.6698399617430038,-1.0367999323947656,-1,-0.7489545504566816,0.2045984059348452,4.1471904244185795,0.6216216216205789,0.32432432432374164,0.0540540540539358,0.6626774513040408,0.33167701863318255,0.9102289706416821,-1.0,0.21145949981328854,40,9,0.0,86.54285714285756,2.0,0.7268570485308556,2.810168372396838,-0.36695997065133784,0.835518648017399,1,EMA_SCALP,SELL,49944.4,50007.3,49818.59,2025-02-10 09:55:00+05:30
1,42.07817533072626,-0.7077001130292592,-1.0084492094585926,-1,-1.1972750613977141,0.20794296633478826,4.267028455032647,0.7873462214384891,0.012302284709924442,0.20035149384807163,0.6669457468184131,0.20470127326121035,1.1962507322787264,-1.0,0.26854667772549895,245,13,0.0,42.65714285714317,2.0,1.002545210984565,2.712324179497907,-0.3007490964286285,0.6593279258385195,1,EMA_SCALP,SELL,48909.7,48952.47,48824.17,2025-02-21 13:20:00+05:30
1,40.045858193958864,-0.9055840358282395,-1.3407079517825748,-1,-1.320437969094887,0.06570089100596865,4.531947475349345,0.7310231023079719,0.1171617161711033,0.15181518151762463,0.7491390728475646,0.27521367521283385,0.7100745621640224,-2.0,0.5983097988873358,245,13,0.0,40.44642857142909,2.0,1.3967770419425665,2.1064900662198585,-0.43512391595325944,0.7273163706174636,1,EMA_SCALP,SELL,48469.9,48526.39,48356.91,2025-03-05 13:20:00+05:30
1,45.44825429782139,-0.30335132656352026,-0.8407229939364834,-1,-1.344908674906211,0.23395384762741211,6.229453522172759,0.6008771929796164,0.25877192982345726,0.14035087719254044,0.5305851063830349,0.9812353401078592,1.442055246839079,-1.0,0.37295794230089224,165,12,0.0,42.971428571429506,2.0,0.556117021276483,2.887965425525267,-0.5373716673717126,0.5045364018577565,1,EMA_SCALP,SELL,48172.05,48195.95,48124.26,2025-03-13 12:00:00+05:30
1,38.8144585776977,-0.9881565110592886,-1.5572167747541648,-1,-2.57296309123001,0.0936533301791318,3.674779085693814,0.5703544575713935,0.3447905477972644,0.08485499462919387,1.257986680822207,0.6943231441026221,0.9300841311286699,-1.0,0.17726798748690578,250,13,0.0,37.003571428571114,2.0,1.2512402277772274,3.1915838239465795,-0.5690602636933384,1.2233902759494104,0,EMA_SCALP,SELL,48115.75,48162.05,48023.15,2025-03-13 13:25:00+05:30
1,42.441771296139514,-0.813147781517425,-1.1410913684423243,-1,-1.1807271993604163,0.08084947458012916,3.9306483218083073,0.46608527131685473,0.040697674418498725,0.49321705426270857,1.3006841915736347,0.3280254777064127,1.2043835616438145,-2.0,0.48974583698494445,230,13,0.0,39.67142857142763,2.0,1.280950666186593,2.06067698955193,-0.32794358692407255,1.2994208008025618,0,EMA_SCALP,SELL,48335.8,48386.62,48234.17,2025-03-17 13:05:00+05:30
1,59.9340422956754,1.039059035981686,1.3708276201755962,1,1.1445175759347974,0.9729543577165982,3.115755334202287,0.6201923076904197,0.12820512820469937,0.25160256410167586,1.0988679245283952,0.26429675424967125,1.1413810483869953,1.0,0.4928057553955051,210,12,0.0,28.392857142858702,2.0,1.3150943396224595,2.7542138364682898,0.33176858419274163,1.0146341463382098,1,EMA_SCALP,BUY,49901.8,49864.46,49976.48,2025-03-20 12:45:00+05:30
1,56.23862863194982,0.5520303334283343,0.8733570432690296,1,0.9744991396590893,0.7630931103700239,3.840274824794072,0.7474849094553094,0.11468812877235321,0.13782696177032522,0.5628311425682178,0.9642409033865142,0.8964769212228766,1.0,0.7144254962256873,90,10,1.0,88.30357142857143,2.0,0.5982810920121099,2.9579777553050093,0.3213267098403314,0.5642597638503783,0,EMA_SCALP,BUY,51710.4,51657.57,51816.06,2025-03-28 10:45:00+05:30
1,61.45621052320593,1.5568937450538527,1.8666578107575265,1,0.9990546120571737,1.1360076915220323,3.5268286273902576,0.5982081323217677,0.21709166092321486,0.18470020675363907,1.170700783771235,0.7570157426408998,1.1705390866430434,3.0,0.545892707460065,300,14,0.0,61.971428571429506,2.0,1.9113185799907275,3.395112955273424,0.30976406570317394,1.0374660374645086,1,EMA_SCALP,BUY,51595.85,51477.4,51832.74,2025-03-28 14:15:00+05:30
1,62.21843270120209,1.460858558248361,1.796092827905619,1,0.7332873329523485,1.0588416367937326,4.0869868771887505,0.5209964412803765,0.30177935943013395,0.1772241992880661,1.1914713186746455,0.31330868761490227,0.9298956414978181,7.0,0.35698282300218714,225,13,0.0,58.96071428571512,2.0,1.4992367799381923,3.5515173541642797,0.3352342696566894,1.0916860916843953,0,EMA_SCALP,BUY,55527.25,55438.85,55704.04,2025-04-29 13:00:00+05:30
1,37.47761884381913,-1.212999059320598,-1.77473927453429,-1,-1.903942239294316,0.032986015000681435,4.136566032262846,0.7851239669411814,0.14876033057839783,0.0661157024792402,1.2652582159625008,0.11576135351717004,0.8254751653889763,-2.0,0.04811185731585085,120,11,0.0,66.94285714285745,2.0,1.623687580025602,3.4417413572291795,-0.5617402152128531,1.1963276836142156,1,EMA_SCALP,SELL,54913.2,55021.89,54695.81,2025-05-05 11:15:00+05:30
1,36.03847451331044,-1.5028304930829959,-1.854852316593877,-1,-1.1989830559169112,0.05575490869085987,4.47954864634731,0.6862017804143973,0.022997032640850165,0.2908011869432688,0.846695679483168,0.3960880195593327,0.9682110246872211,-5.0,0.047234606579108065,20,9,0.0,79.60357142857174,2.0,1.5195342994302385,5.21270581900735,-0.3520218235104388,0.5585481064054442,0,EMA_SCALP,SELL,54539.8,54660.76,54297.88,2025-05-15 09:35:00+05:30
1,55.27392292980472,0.509908386554085,0.6985238247903748,1,1.3143330093121826,0.8778683694285048,2.3838733351486123,0.4296577946758593,0.33206590620953874,0.23827629911206705,1.0270571827056287,0.3756294058401479,1.298524192041859,1.0,0.6054915854736613,215,12,0.0,38.4107142857148,2.0,0.8758251975825729,1.7573221757276187,0.1886154382357987,1.0489231587314964,1,EMA_SCALP,BUY,55950.15,55916.51,56017.43,2025-06-23 12:50:00+05:30
1,63.6201113926097,1.4364143402994392,1.8576340151641495,1,2.5103423819432136,1.0790613101373456,3.2514440107365283,0.6080645161272585,0.20322580645081653,0.18870967741869918,0.9640159928920075,0.2130801687752488,0.7384820832407037,6.0,0.9682139253274846,185,12,0.0,32.15714285714421,2.0,1.373434029320486,3.899600177686555,0.42121967486340056,0.9603469640614091,0,EMA_SCALP,BUY,57229.8,57185.63,57318.13,2025-07-09 12:20:00+05:30
1,38.03736278821804,-1.5610238267287313,-1.869451594234787,-1,-2.529005813157247,-0.08394655946283339,3.989940493190846,0.884858044162599,0.0,0.11514195583582379,1.1568589116976369,0.7438596491213999,1.025114008606841,-2.0,0.017280151497221227,110,11,0.0,54.80357142857195,2.0,1.891854024112006,2.7124144672482284,-0.3084277675054929,1.2218153786833341,1,EMA_SCALP,SELL,56871.0,56974.68,56663.64,2025-07-22 11:05:00+05:30
1,65.81560622075685,1.6766694823836683,2.1928046484055956,1,1.6767084183257985,1.078556275598778,4.731326771093913,0.7235228539568697,0.21070234113683078,0.06577480490518471,1.9053254437869247,0.10696517412914792,0.9190071848466032,1.0,0.483465750483046,265,13,0.0,47.07857142857132,2.0,1.8778789258080222,3.8637536033902515,0.516135166020831,1.577558916634513,0,EMA_SCALP,BUY,57076.05,56987.64,57252.87,2025-07-24 13:40:00+05:30
1,65.86065862754442,1.7119516192676238,2.242297413808657,1,2.556376374119563,1.1549155033103022,3.811172478303888,0.6831761006279409,0.043238993710624826,0.27358490565986193,1.2044639837673041,0.3307522123887666,0.878278972935396,4.0,0.9892829306309473,130,11,0.0,52.80357142857143,2.0,1.640615488670966,3.763003043618252,0.5303457945400288,1.191904047973738,0,EMA_SCALP,BUY,56318.4,56231.77,56491.66,2025-07-30 11:25:00+05:30
1,56.86826771150616,0.6041796286483434,0.8895704015542234,1,1.145537405302984,0.9112910675330117,3.0866978405633243,0.4717741935464505,0.1451612903219622,0.3830645161275551,0.774999999999851,0.6782376501984158,1.1548458149780712,2.0,0.5292242295428143,215,12,0.0,32.00000000000052,2.0,1.4640624999999308,1.8093749999943618,0.28539077290498815,0.7628422023967674,1,EMA_SCALP,BUY,55701.85,55655.0,55795.55,2025-08-20 12:50:00+05:30
1,38.46134912828693,-1.6433889935056423,-2.0010926782448735,-1,-2.1847789938699624,-0.0766760429207251,5.052999035966464,0.8017857142827469,0.057142857142601096,0.14107142857108065,0.9631449631449975,0.4282655246234603,0.7821509749969796,-3.0,0.29721815519755984,160,11,0.0,29.071428571427532,2.0,1.6427518427517727,2.707125307116242,-0.35770368473800057,0.9440323668208505,1,EMA_SCALP,SELL,55801.65,55849.41,55706.14,2025-08-21 11:55:00+05:30
1,41.71028691817574,-0.7994038730156139,-1.0980696670067964,-1,-0.2297294451927122,0.092019697935299,3.7801977643397433,0.6089686098643263,0.25650224215205847,0.13452914798182147,0.986040048007062,0.2320777642765748,0.6975843070774467,-2.0,0.516035610854769,180,12,0.0,56.53928571428644,2.0,1.1222980228664896,3.0739687953960027,-0.29866579399065424,1.0068629221581749,1,EMA_SCALP,SELL,54156.65,54220.1,54029.74,2025-08-28 12:15:00+05:30
1,63.970313520084986,0.9672583770781452,1.5246123857790796,1,1.2605556751327573,0.9068531079722831,4.8923561305645356,0.523413111341261,0.09469302809559137,0.38189386056106644,1.1893564356436088,0.1132352941174852,0.8652972186875022,1.0,0.7182671917598539,225,13,0.0,40.40000000000094,2.0,1.234900990098967,1.888613861381492,0.5573540086995548,1.245463970966252,1,EMA_SCALP,BUY,53895.25,53845.36,53995.03,2025-09-01 13:00:00+05:30
1,62.76640883299099,1.457848438608104,1.8010502642586188,1,2.054369930292254,1.1078332973149907,3.7225855329642825,0.7082132564831355,0.23775216138293773,0.054034582132485846,0.9753551172012509,0.9703557312240185,1.1188207423006353,2.0,0.9459016393439522,50,10,0.0,71.15357142857101,2.0,1.7141143402098171,3.3680670581692764,0.34320182565003243,1.0601894286571396,0,EMA_SCALP,BUY,53850.25,53728.28,54094.18,2025-09-03 10:05:00+05:30
1,35.307782309311406,-1.3984161142670375,-1.7367028917642056,-1,-0.974241923034424,0.14645560720644085,4.965374202172029,0.4776785714277184,0.1267857142854619,0.3955357142850339,0.8644834050060772,0.7220426632181951,1.2174939569396828,-2.0,0.1122371421332171,20,9,0.0,64.77857142857049,2.0,1.5379755210055104,4.1186459367011,-0.3382867774966459,0.7200720071997968,1,EMA_SCALP,SELL,55513.55,55613.18,55314.29,2025-09-19 09:35:00+05:30
1,36.67309467473506,-0.9386113855890138,-1.3395318311584095,-1,-1.6906145285746719,0.029979533649428167,3.4046564898373015,0.7122994652390247,0.2213903743310461,0.06631016042779016,1.2072304712718336,0.048859934853265674,0.8152503793626205,-2.0,0.48674458380830515,275,13,0.0,38.724999999998545,2.0,1.227178825048254,1.8295674628747713,-0.4009204455683603,1.1977965667404973,1,EMA_SCALP,SELL,55486.3,55533.82,55391.26,2025-09-22 13:50:00+05:30
1,35.392112215991915,-1.249859467516965,-1.6020526081379427,-1,-2.134369177010524,0.0002736838836177857,3.835646402298502,0.7869158878489692,0.09439252336422795,0.11869158878493367,1.1563103049015824,0.3105590062105969,1.2213019583560416,-1.0,0.12400653238974843,305,14,0.0,46.267857142857146,2.0,1.5697028174450602,2.943728290229162,-0.35219314062021645,1.1431623931599149,1,EMA_SCALP,SELL,55108.8,55181.43,54963.55,2025-09-24 14:20:00+05:30
1,37.948299559680535,-1.427750283031167,-1.733222297101817,-1,-2.216452114161949,-0.03264383657108573,4.533493362969498,0.7635843660615591,0.061010486177143296,0.17540514775939103,1.0599018475750055,0.35785953177135077,0.5817120622566972,-4.0,0.2823198374237081,130,11,0.0,49.485714285713975,2.0,1.3720842956119153,3.2959006928339774,-0.30547201407003266,1.1387320885776349,1,EMA_SCALP,SELL,54456.5,54524.4,54320.7,2025-09-29 11:25:00+05:30
1,58.810363482338204,0.9267454137435669,1.2538675006928133,1,0.2102522836608716,1.0112586244582715,3.2050631943033387,0.9814446653399665,0.018555334658708,0.0,1.2170756999655021,0.4880255455024847,1.519524029574817,1.0,0.40842919678297285,305,14,0.0,61.99285714285725,2.0,1.6558244037330583,2.2462265237894363,0.32712208694871875,1.102586584829662,1,EMA_SCALP,BUY,56430.75,56328.1,56636.05,2025-10-14 14:20:00+05:30
1,38.6920387924338,-1.4329034324591268,-1.7656786154373187,-1,-1.4359575656058803,-0.02346131941782809,4.095980013503605,0.7815328907655158,0.02896801448399035,0.18949909474928683,1.9428810720267429,0.6838407494130673,1.0583340709922158,-1.0,0.668906480117698,240,13,0.0,42.642857142857665,2.0,1.6747068676717005,3.001675041868971,-0.33277518297741143,1.764643237482953,0,EMA_SCALP,SELL,58016.1,58087.51,57873.27,2025-10-27 13:15:00+05:30
1,65.09558647181416,1.6976839714762215,2.180098835614029,1,1.7925250976568121,1.111589213722291,4.5086687910135055,0.6504065040642508,0.3139462163848413,0.03564727954965708,1.2933903397272661,0.6361051883430374,1.1423103688240468,4.0,0.5506486337288481,200,12,0.0,61.81428571428478,2.0,1.9587936214467756,4.338802865719831,0.4824148641370271,1.2013523666397474,1,EMA_SCALP,BUY,58069.6,57948.52,58311.76,2025-10-28 12:35:00+05:30
1,41.25175302082333,-0.7460807242736806,-1.0569353275052076,-1,-0.9072261615455847,0.05469720311536061,3.16540470265152,0.45989974937241,0.43859649122695493,0.10150375939812872,1.0599620493359019,0.3671874999986434,0.6858673811118124,-2.0,0.5436143572618635,280,13,0.0,37.642857142857146,2.0,1.052371916508688,3.369829222002394,-0.3108546032307013,0.8564069542802119,0,EMA_SCALP,SELL,57976.45,58016.06,57897.22,2025-11-10 13:55:00+05:30
1,32.84943555293802,-1.6415399759604419,-2.5533190960147496,-1,-3.659782383254426,0.0056996031994564315,6.476841429978804,0.8714515265122651,0.06480985538285214,0.06373861810381155,1.5191212367778522,0.5414814814807224,1.1470534684712044,-1.0,0.11720443820937387,165,12,0.0,61.44999999999969,2.0,1.7590724165988887,4.580146460529544,-0.9117791200528238,0.8815752195666342,1,EMA_SCALP,SELL,59768.2,59876.3,59552.01,2025-12-01 12:00:00+05:30
1,30.526586379400968,-1.7393992086535535,-2.628229547668771,-1,-3.5173481173480616,-0.0035588159821725806,6.695944336164839,0.6985507246366266,0.010869565217375551,0.2905797101445486,1.2432432432432432,0.7444168734479358,1.1239043824700654,-3.0,0.05897926165611636,125,11,0.0,55.5,2.0,1.99369369369372,2.7648648648599616,-0.8888303390136156,1.212866936190564,1,EMA_SCALP,SELL,59121.0,59231.65,58899.7,2025-12-10 11:20:00+05:30
1,55.257098339455744,0.6264563947078121,0.8240128673850774,1,1.4516778972520434,0.8910141028161549,3.978131134245933,0.760330578510201,0.12121212121181765,0.11845730027522644,0.7286021505376624,0.4167794316637801,1.474944757288448,1.0,0.812271540469565,120,11,0.0,49.82142857143065,2.0,1.5551971326164642,1.8777060931861753,0.1975564726768687,0.8244378832595464,0,EMA_SCALP,BUY,60016.9,59939.42,60171.86,2026-01-07 11:15:00+05:30
2,47.742265016220955,-0.9194061884650189,-0.5425840679370205,1,0.37738524943715585,0.32055202109401326,3.2633145498538982,0.846100278550405,0.011838440111384577,0.14206128133681759,1.2695926744552433,0.48480463096816523,0.6328252763786768,-4.0,0.6745098039214165,250,13,0.0,56.55357142857143,2.0,1.7842437638143758,2.675339437949092,0.3768221205273321,1.2030831099174761,0,VWAP_REVERSION,SELL,45907.5,46008.41,45705.69,2024-02-05 13:25:00+05:30
2,46.649740885597026,-0.7274916512908193,-0.6133301525287878,1,0.2841841279790712,0.20460736524653764,2.773658126250667,0.782280867105093,0.21771913289302192,0.0,0.9536466358499436,0.6591337099799444,0.9088575096276982,-2.0,0.6829296424450626,290,14,0.0,55.62857142857164,2.0,1.8562917308680047,1.9648176682038807,0.11416149876182625,1.0835375816970634,1,VWAP_REVERSION,SELL,45911.15,46014.41,45704.62,2024-02-05 14:05:00+05:30
2,53.520535502051956,0.7672988995698848,0.7438341798056811,-1,0.7360627450981687,0.7610414266806161,4.459242632957219,0.4145299145286263,0.4672364672351969,0.11823361823332774,0.6607058823529203,0.5535197685621951,0.8853518721795155,-2.0,0.44465012958152866,145,11,0.0,53.12499999999948,2.0,1.1541176470588348,3.5181176470522626,-0.02346471976415955,0.5344092570028159,0,VWAP_REVERSION,SELL,45707.15,45768.46,45584.52,2024-02-06 11:40:00+05:30
2,48.17855858720542,-0.7130349216322004,-0.2873058611207172,1,0.20729802026707228,0.5374978760775969,5.209921013329627,0.9455645161278211,0.03763440860204054,0.016801075268794294,1.1945639084810282,0.5306372549004796,0.6706586826347865,-2.0,0.4311983216091654,185,12,0.0,62.28214285714213,2.0,1.9705200986295397,2.7150639371481256,0.4257290605107997,1.2056392805036775,1,VWAP_REVERSION,SELL,45701.7,45824.43,45456.24,2024-02-06 12:20:00+05:30
2,39.96522675702496,0.12734764288024444,-0.9762026812092021,-1,-2.6153286572661023,0.35386518587098686,9.352632188263424,0.7556008146629299,0.1547861507126375,0.08961303462307471,0.5995638901003196,0.5714285714276855,0.5052228130313826,2.0,0.23915094339620285,155,11,1.0,122.8392857142852,2.0,1.0992731501671835,1.1319668556467302,-1.103550324088548,0.9751092281199819,0,VWAP_REVERSION,BUY,45455.35,45320.32,45725.42,2024-02-08 11:50:00+05:30
2,49.05051174562361,-0.33901577529584337,-0.1165949772119577,1,0.3074441897971884,0.5121258568519149,4.088398763194117,0.893401015226052,0.0,0.1065989847714099,0.49575338156654797,0.4369469026538583,0.5519406890536913,-2.0,0.6940306070739497,100,10,1.0,79.47500000000011,2.0,1.0355143126769484,1.261402956903098,0.22242079808360576,0.7631222157645519,1,VWAP_REVERSION,SELL,45201.55,45283.85,45036.96,2024-02-09 10:55:00+05:30
2,36.66364190761335,0.43687911923123446,-0.8969604027615135,-1,-3.9965451490294965,0.3718722728522962,7.284773560062273,0.7635974304061484,0.09678800856525252,0.1396145610277426,1.3490425883129844,0.47260273972514444,0.6169900819318535,2.0,0.1771753986332386,255,13,0.0,86.54285714285652,2.0,1.7332948167711981,2.119181247934196,-1.3338395219912067,1.6127918220726571,0,VWAP_REVERSION,BUY,44845.45,44695.45,45145.46,2024-02-12 13:30:00+05:30
2,50.1068097191867,0.3773955740138237,0.17609309812693164,-1,1.3091003032844308,0.5638848675479111,6.967567790503248,0.47099767981337576,0.11484918793470468,0.4141531322495993,0.38436793324201685,0.6274131274123435,0.5555952806578265,-2.0,0.8231461371391399,70,10,1.0,112.13214285714275,2.0,0.8624932318374471,2.778418320219163,-0.20130247588671252,0.46249597596257713,0,VWAP_REVERSION,SELL,45258.7,45355.41,45065.27,2024-02-14 10:25:00+05:30
2,48.17626284632661,-0.603247966529113,-0.30496870314200025,1,0.9425129612688052,0.4901551342389848,4.570837103637729,0.5189309576829392,0.2843355605044311,0.19673348181114494,0.9080753117927488,0.5794392523359033,1.285591684943235,-2.0,0.7057684210525176,135,11,0.0,74.16785714285548,2.0,1.7604227861510162,2.0015409062427927,0.2982792633867107,0.9271751101308696,0,VWAP_REVERSION,SELL,45279.8,45410.37,45018.67,2024-02-14 11:30:00+05:30
2,61.08981264242687,0.003948660611779598,1.0548804095553244,1,3.376434623827972,0.7141860035138936,6.080433809648075,0.6291390728469978,0.07947019867545843,0.29139072847644,1.0929771650150621,0.5462478184980701,0.7050448233433326,-3.0,0.8278380172603583,240,13,0.0,82.89285714285714,2.0,1.9771219302025842,3.244549763029314,1.050931748942277,0.9660908509266695,1,VWAP_REVERSION,SELL,45608.95,45772.84,45281.17,2024-02-14 13:15:00+05:30
2,49.1461041201852,0.06359781313242241,-0.1777438604700944,-1,-0.20337760987891895,0.33100809797171193,4.550323531418693,0.5556478405311053,0.40656146179365316,0.037790697674410935,0.941465594280622,0.4176136363631618,0.6282348741745531,2.0,0.35547066314030223,50,10,1.0,127.88571428571387,2.0,1.518844950849024,1.8016085790870802,-0.2413416736023281,1.0455019103846501,1,VWAP_REVERSION,BUY,45771.65,45577.41,46160.13,2024-02-15 10:05:00+05:30
2,58.101454085400974,-0.05371800053811834,0.6721240234959472,1,0.10243460243458394,0.6588181932509386,3.9880329224661804,0.621348314605378,0.24606741572988222,0.1325842696624926,0.5378572045238664,0.7053571428558832,0.6804964846801459,-2.0,0.5401856463660512,65,10,0.0,82.73571428571502,2.0,1.156980056980126,1.5972545972526702,0.7258420240331882,0.7510548523193891,1,VWAP_REVERSION,SELL,46383.7,46479.42,46192.25,2024-02-16 10:20:00+05:30
2,51.98868419185538,-0.2147924988181831,0.06528859571860805,1,0.10854836507612975,0.5179053596369201,2.672938335138482,0.5427807486615125,0.31818181818099395,0.13903743315481976,0.7276264591440134,0.7450777202056493,0.9198611016545536,-2.0,0.5745981435360871,185,12,0.0,51.399999999998855,2.0,1.781906614785964,1.957198443575974,0.28008109453624624,0.8196362042498192,0,VWAP_REVERSION,SELL,46391.3,46482.89,46208.12,2024-02-16 12:20:00+05:30
2,60.72530322906915,0.328830177349622,1.2536309677306832,1,1.987728501033151,0.7786085987858542,5.70107708675507,0.6402188782473386,0.1025991792062979,0.2571819425436275,0.6274678111587233,0.6201760324974207,1.2367224880382424,-2.0,0.7775997864101455,130,11,0.0,58.25,2.0,1.5300429184549356,2.5545064377639046,0.9248007903794736,0.7043746386572872,0,VWAP_REVERSION,SELL,46608.95,46698.08,46430.7,2024-02-19 11:25:00+05:30
2,58.41070530623289,0.05184876483770617,0.8853572857890084,1,2.767328796957345,0.6659145316704851,3.723066230989744,0.5227272727254789,0.21753246753188246,0.2597402597393919,0.6356132075472217,0.7438202247173968,0.8971128230974096,-2.0,0.8960678740412998,180,12,0.0,48.45714285714348,2.0,1.414563679245221,2.514593160372107,0.8335085209495822,0.7007963594978797,0,VWAP_REVERSION,SELL,46917.0,46985.55,46779.91,2024-02-20 12:15:00+05:30
2,54.56869807014306,-0.5320844885890977,0.19338402930986087,1,3.1741307729322936,0.5184534535148573,4.309471111791862,0.6219758064503478,0.12197580645128255,0.25604838709635347,1.3987309900291334,0.44077134985979516,0.5016781836130564,-2.0,0.9084348941627813,235,13,0.0,35.46071428571512,2.0,1.5791016215126588,1.968375465801716,0.7254685178969127,1.523341523336705,0,VWAP_REVERSION,SELL,46934.3,46990.3,46822.31,2024-02-20 13:10:00+05:30
2,51.19279124084838,-0.8610473319096535,-0.15445560579761797,1,0.9710859095139277,0.4777348415201971,5.4170172647769865,0.6760736196303142,0.2331288343552561,0.0907975460119757,0.90974326263754,0.5547445255467583,1.6812495019523221,-3.0,0.6175430591991246,250,13,0.0,44.79285714285704,2.0,1.9764152447776968,2.624302344117794,0.7065917261104581,0.9730181470845511,0,VWAP_REVERSION,SELL,47195.75,47284.28,47018.69,2024-02-21 13:25:00+05:30
2,45.38391509330625,0.22892208353787274,-0.41977180307254264,-1,-0.3194107574384073,0.40438266406498236,4.875018601540007,0.4737678855318735,0.4610492845779527,0.06518282988858397,0.8006546347229416,0.7512479201319039,0.741550257788736,2.0,0.38959129667733494,80,10,0.0,78.56071428571366,2.0,1.159689957721504,1.4288312042533182,-0.6486938866095896,0.9883720930217347,0,VWAP_REVERSION,BUY,46685.55,46594.44,46867.76,2024-02-26 10:35:00+05:30
2,46.54956792039979,0.33016047395648995,-0.3090625503911407,-1,-0.4603071598528576,0.45873243907356964,5.961217713411126,0.5174603174585362,0.3222222222212455,0.16031746031704378,0.5286818917460879,0.7615971814435851,1.2490569991617964,2.0,0.3216700970301749,110,11,0.0,59.58214285714296,2.0,1.8245099802193219,2.1063357909213547,-0.6392230243465578,0.6195908733268588,0,VWAP_REVERSION,BUY,46662.45,46553.74,46879.87,2024-02-26 11:05:00+05:30
2,46.486864504934225,-0.7266727943062363,-0.5797646978976896,1,-0.11588810970346185,0.10418762076995096,2.220244893199361,0.5724381625434684,0.40577149587698375,0.021790341578369964,1.5364529472595805,0.6967471143741112,0.9163461538461727,-2.0,0.40503161222328793,315,14,0.0,55.25714285714327,2.0,1.7640382626679991,1.6975180972048272,0.14690809640828087,1.530281182405335,1,VWAP_REVERSION,SELL,46667.3,46764.78,46472.35,2024-02-26 14:30:00+05:30
2,46.220540274298834,0.4245652482705995,-0.17825764180089054,-1,-0.04754142386942597,0.46553703018298265,4.029688829427117,0.568992248060206,0.08217054263544923,0.3488372093012439,0.45923816304735054,0.6248108925859919,0.9175549055574673,2.0,0.516117478509844,90,10,0.0,70.22499999999958,2.0,1.3410110359558725,2.089711641150472,-0.6028228900706316,0.6742630148428057,1,VWAP_REVERSION,BUY,46469.0,46374.83,46657.34,2024-02-27 10:45:00+05:30
2,56.2580865798004,0.2462395932268464,0.8897594264640544,1,1.422250254229037,0.7557773295620227,4.758339712263026,0.7119771863103979,0.20532319391602047,0.08269961977168051,1.0469894078339217,0.6749285033352893,1.062739706201563,-2.0,0.7200766038938069,230,13,0.0,50.23928571428509,2.0,1.8456458377762888,3.595791568912939,0.643519833235927,0.9441751929618798,0,VWAP_REVERSION,SELL,46550.5,46643.22,46365.05,2024-02-27 13:05:00+05:30
2,51.68711843689919,-0.6380122218469014,0.002694286400361602,1,1.1991100590754535,0.5470210533187305,5.849305580573064,0.6753246753237402,0.11993888464456684,0.20473644003016503,1.0239704978487743,0.5680810639638174,1.228520617983751,-3.0,0.6437649427455195,270,13,0.0,63.917857142856,2.0,1.8381684081132488,2.424205174047722,0.6407065082462606,1.101295641929804,0,VWAP_REVERSION,SELL,46580.7,46698.19,46345.72,2024-02-27 13:45:00+05:30
2,52.53305312734098,-0.24082876784906448,0.19183609901810247,1,0.19881484836482988,0.5954049556846632,3.387556928260512,0.9071129707097302,0.07029288702912234,0.02259414225947383,0.9471777161297534,0.47489539748860865,0.760584190487056,-2.0,0.5805405405402895,75,10,0.0,63.08214285714348,2.0,1.6376776312064962,3.09200022645721,0.43266486686648103,1.2122134307136887,1,VWAP_REVERSION,SELL,46657.55,46760.86,46450.93,2024-02-28 10:30:00+05:30
2,62.47232212788799,-0.4795027376058913,1.0050106101787546,1,4.719953145430722,0.6038033506520166,5.3282921733845985,0.7785114045608454,0.027010804321695323,0.1944777911162587,1.694319337498236,0.542151162789141,0.7304717124223018,-2.0,0.8970043950958992,235,13,0.0,49.164285714285924,2.0,1.9112741537119498,2.1407816359102085,1.4845133477816264,1.818777292572454,0,VWAP_REVERSION,SELL,46993.55,47087.52,46805.62,2024-03-01 13:10:00+05:30
2,54.52335160117978,0.841392237635792,0.8001149985581214,-1,0.09016410912183248,0.8943038488778572,3.600343136512695,0.7568134171874656,0.20964360586915476,0.03354297693918679,0.6099744245523909,0.7581920903936681,1.0296684118673622,2.0,0.5088838268791033,195,12,0.0,39.1000000000001,2.0,1.392838874680281,2.5191815856713,-0.04127723907756495,0.6202860858240732,0,VWAP_REVERSION,BUY,47359.2,47304.74,47468.12,2024-03-04 12:30:00+05:30
2,53.31526145525285,0.022377488131040103,0.40647012594005943,1,1.0199877972361775,0.6766790153186791,3.3572814199320624,0.41234567901023755,0.4888888888865465,0.0987654320982777,0.5048975957257216,0.5802083333322459,1.153846153846122,-2.0,0.8006451612899845,175,12,0.0,40.1071428571439,2.0,1.2556544968833208,2.0058771148657555,0.3840926378080617,0.5762663631172985,0,VWAP_REVERSION,SELL,47382.9,47433.26,47282.18,2024-03-05 12:10:00+05:30
2,48.98985599756239,-0.5062718354357251,-0.2169818254291874,1,0.4463824475028804,0.44907990912350576,3.1889822279327364,0.8513513513488951,0.12612612612564894,0.022522522522452917,0.8707508404931512,0.4427645788317529,0.5975294985251017,-2.0,0.7126881720426917,190,12,0.0,38.242857142857765,2.0,1.3080687336571053,1.7676503548701707,0.28929001000578114,0.9722627737198739,0,VWAP_REVERSION,SELL,47362.45,47412.47,47262.4,2024-03-05 12:25:00+05:30
2,56.3377649123116,-0.6300233763871409,0.350586001033337,1,2.770780778664763,0.5654836431386249,8.306379820781869,0.6416819012788886,0.27300426569135094,0.08531383302854163,1.271952164765741,0.6994219653163019,0.7008101851851851,-3.0,0.7439475143225459,270,13,0.0,64.50714285714275,2.0,1.857944856604889,1.8664599712072951,0.9806093774189576,1.6347878063326455,1,VWAP_REVERSION,SELL,47599.3,47719.15,47359.6,2024-03-05 13:45:00+05:30
2,62.26852526434594,0.3403317929017213,1.1951512510930231,1,1.262837691596307,0.7871458440067284,5.628880161861708,0.5622022233980303,0.0,0.43779777660091096,0.6690278023729243,0.54292434339434,0.8859616481853336,-2.0,0.7389994394617793,70,10,1.0,141.17499999999927,2.0,1.4192845758810082,2.9491765539203527,0.8548194581906964,0.6363268880949552,0,VWAP_REVERSION,SELL,47969.6,48169.97,47568.86,2024-03-06 10:25:00+05:30
2,54.92926886515374,-0.2490889476061717,0.4448433254696509,1,1.2095331907944968,0.4629572825838807,3.1919438128395665,0.43922018348527914,0.5183486238520061,0.042431192660421176,0.5831661412056803,0.8712169993549654,0.9847812301839172,-2.0,0.7511210762330801,140,11,0.0,74.76428571428498,2.0,1.2917454858125175,1.3087799751582696,0.6939322730748944,0.6802933374930864,0,VWAP_REVERSION,SELL,47978.25,48074.83,47785.1,2024-03-06 11:35:00+05:30
2,45.82287707387228,0.23207487479929323,-0.3298591681372574,-1,-1.1215762197846915,0.35872148893876565,3.2327465460588627,0.56349873843474,0.3397813288471674,0.09671993271641059,1.4879771162956315,0.6030534351122128,0.6864414709461254,2.0,0.2875192604005367,200,12,0.0,39.95357142857132,2.0,1.6830875122910265,2.088674354155785,-0.5619340429351442,1.4539007092162002,1,VWAP_REVERSION,BUY,47840.5,47773.25,47974.99,2024-03-07 12:35:00+05:30
2,37.199487978120594,-0.0284493586149712,-0.9676707535051987,-1,-0.3229192546582701,0.3104314630618848,5.9315475066217225,0.41659070191353675,0.2689152233358888,0.3144940747487513,0.9539130434782269,0.8185961713749286,0.9701219127030151,2.0,0.2649895971249286,65,10,0.0,57.50000000000052,2.0,1.318260869565256,1.7791304347795491,-0.9392213948885941,1.2194308581563515,0,VWAP_REVERSION,BUY,47659.5,47583.7,47811.1,2024-03-11 10:20:00+05:30
2,40.73761315674726,0.145654251124903,-0.7631393916088864,-1,-0.5245970465290093,0.3858225796433564,3.3559810847316247,0.5270793036740585,0.0,0.47292069632400724,1.1890915064891638,0.6167108753298577,0.8781299392730365,2.0,0.22724805500263748,100,10,0.0,43.47857142857174,2.0,1.5443896829308845,2.349433218328768,-0.9087936427316992,1.1973135710949225,0,VWAP_REVERSION,BUY,47640.25,47573.1,47774.55,2024-03-11 10:55:00+05:30
2,42.456856592065606,0.20762576945626512,-0.5562878135686066,-1,-4.201224805279638,0.545193615634039,2.901548296780031,0.44444444444295317,0.09604519773960261,0.45951035781367777,0.6945716154348182,0.553731343282016,0.8219418156326694,2.0,0.1295144288923291,270,13,0.0,38.22499999999958,2.0,1.0601046435580601,2.133420536292752,-0.7639135830228732,0.6456712062240091,0,VWAP_REVERSION,BUY,47350.05,47309.53,47431.1,2024-03-11 13:45:00+05:30
2,55.38866930232283,-0.6006913347819359,0.2684291612218984,1,0.06861270296084464,0.5741732267783536,8.510193467979636,0.6259965337950802,0.010745233968766447,0.3632582322354602,1.4466332378223343,0.6717877094953568,0.3780786783842171,-3.0,0.6936505358881618,75,10,1.0,99.71428571428676,2.0,1.3074498567335293,2.153151862462045,0.8691204960029628,2.3046812589833445,1,VWAP_REVERSION,SELL,47624.1,47754.47,47363.36,2024-03-12 10:30:00+05:30
2,55.68311045722684,1.2244389677794203,1.1139450578943946,-1,-0.4428378788171861,1.1345773926888552,2.485345684537285,0.9134377576242173,0.006595218466624667,0.07996702390750918,0.9861215957261853,0.4181091877484437,0.6060291659462181,4.0,0.5314014865883315,205,12,0.0,61.503571428570595,2.0,1.9494860925613955,2.116950235174638,-0.11049390988484602,1.3199129488546129,1,VWAP_REVERSION,BUY,47377.75,47257.85,47617.55,2024-03-12 12:40:00+05:30
2,51.27580676546599,-0.3677305770017581,0.042510365340481276,1,-0.18325470687939482,0.5338975089054675,3.146643100427709,0.7199681782009395,0.0,0.2800318217974693,0.9691062283165102,0.39120234604057974,1.3501894903557827,-2.0,0.5419045567165217,295,14,0.0,64.85357142857174,2.0,1.7105512418083666,1.8819318244366936,0.4102409423416068,0.9745697007272481,1,VWAP_REVERSION,SELL,47387.5,47498.44,47165.63,2024-03-12 14:10:00+05:30
2,41.87214213832738,0.1856995439994641,-0.6791070564052698,-1,-1.762603290122159,0.3362314680236624,5.77646355588403,0.42607313195472823,0.061208267090613847,0.5127186009530681,1.0013645667500701,0.4834855938151107,1.1653699912255184,3.0,0.2740100136549121,165,12,0.0,62.814285714286335,2.0,1.7198544462132799,1.6811462360674474,-0.8648066004033571,1.070820565200747,0,VWAP_REVERSION,BUY,47149.7,47041.67,47365.76,2024-03-13 12:00:00+05:30
2,51.42359103419624,-0.15454358167687723,0.24310267854586748,1,0.9813591565718097,0.6841477199692104,4.597120237748853,0.716410971640371,0.23198512319833092,0.051603905160368196,1.219684082624563,0.7160975609741557,0.6043886619214041,-2.0,0.712047541869106,105,11,0.0,88.17857142857247,2.0,1.5447954637504315,2.413284730657454,0.39764626022229377,1.1512524084766445,0,VWAP_REVERSION,SELL,46895.05,47031.27,46622.61,2024-03-14 11:00:00+05:30
2,61.28594027145299,0.4023951896528859,1.469039259094918,1,3.0154268039092784,0.7683301742051009,6.715476821938928,0.6510115606927702,0.14017341040438555,0.20881502890139908,0.863381160324351,0.451505016721631,0.6999707370093504,-2.0,0.8591485847284491,155,11,0.0,80.15000000000042,2.0,1.2703056768559176,2.863381160320804,1.0666440694407013,0.8087891538092068,1,VWAP_REVERSION,SELL,47137.7,47239.52,46934.07,2024-03-14 11:50:00+05:30
2,55.43913455071241,-0.29932323458955,0.43919890528097305,1,2.6383005022074726,0.5409922302838933,4.701326494988369,0.4168466522671939,0.08063354931592104,0.5025197984154451,1.0711688883992265,0.4707057256984309,1.1791622273313465,-2.0,0.8339214655753698,200,12,0.0,64.83571428571304,2.0,1.198160185083176,1.6364437589486804,0.738522139869384,1.1621485943755618,1,VWAP_REVERSION,SELL,47120.9,47198.58,46965.53,2024-03-14 12:35:00+05:30
2,43.590250012990246,0.2356823343913465,-0.5399981274133002,-1,-0.7507009634933822,0.4597839926322551,3.60721092958321,0.5392696348168994,0.11905952976478135,0.34167083541731874,1.2368956068239845,0.7882441597577277,0.8402912840924402,2.0,0.259831317955435,120,11,0.0,80.80714285714203,2.0,1.5058163175108428,2.6414744099675525,-0.7756804618036868,1.1653258715154786,1,VWAP_REVERSION,BUY,46438.35,46316.67,46681.71,2024-03-15 11:15:00+05:30
2,51.65132615615687,-0.5210083011521978,0.06366889430986573,1,0.6835963383675091,0.5536726267604254,4.7347959722842,0.582293523469292,0.4064171122990271,0.011289364230492505,1.1595472440945083,0.6030120481920797,1.1751618122977396,-2.0,0.42851336246307176,300,14,0.0,72.57142857142857,2.0,1.899606299212627,2.5871062992090335,0.5846771954612578,1.068707137412944,1,VWAP_REVERSION,SELL,46521.35,46659.21,46245.64,2024-03-15 14:15:00+05:30
2,43.94293301979291,0.3057302211976436,-0.5054781013672911,-1,-1.2617952575399443,0.3718394915847751,5.232062072136209,0.94535519125511,0.0,0.054644808743068415,0.6607350096711975,0.6911841418876566,1.1413140548585907,2.0,0.4272533170656702,145,11,0.0,83.08928571428571,2.0,1.7867397378036078,3.371674188691425,-0.8112083225639584,0.8264338401312444,1,VWAP_REVERSION,BUY,46302.3,46153.84,46599.22,2024-03-18 11:40:00+05:30
2,58.47054576560534,0.17969857190147864,0.9763779960776104,1,1.4353200366536243,0.732400868908092,7.414203899086602,0.4393849793017083,0.4624482554695957,0.09816676522751326,0.8348850331499187,0.6961165048536648,1.034284894563198,-3.0,0.7834332729046415,200,12,1.0,101.27142857142722,2.0,1.6335026096770038,1.754690365353037,0.7966794241753451,0.9425863991070541,0,VWAP_REVERSION,SELL,46583.95,46749.38,46253.1,2024-03-18 12:35:00+05:30
2,56.2367608717082,-0.06337486067572243,0.6364224190610802,1,1.1177573102441678,0.6862741390834289,7.362579400672288,0.4276729559743048,0.3899371069177485,0.18238993710668883,0.7678774707647821,0.4393849793017083,0.8348850331499187,-4.0,0.7466183238041108,205,12,1.0,103.53214285714161,2.0,1.6376867087515918,1.8950636448289622,0.6997972797361267,0.8916554508738403,0,VWAP_REVERSION,SELL,46557.55,46727.1,46218.44,2024-03-18 12:40:00+05:30
2,49.54056330956449,0.310323440840641,0.10326454782568473,-1,-0.12840533087896297,0.5850958036197016,2.954523561996596,0.48370136698115124,0.3932702418498313,0.12302839116691439,1.06931170187127,0.41777188328804876,0.8445475638050628,2.0,0.4284438091833455,180,12,0.0,44.46785714285579,2.0,1.1007228335074364,1.4887157657985755,-0.20705889301449065,1.211773700302629,0,VWAP_REVERSION,BUY,46442.4,46393.45,46540.29,2024-03-19 12:15:00+05:30
2,54.809159781459,1.1290608413608407,0.9163089144239034,-1,0.2939260318594476,0.9058469867186425,3.6649740210669823,0.9144667370637574,0.0,0.08553326293553873,1.42202359671074,0.7283531409143081,0.31086481188265486,2.0,0.5666599231235271,145,11,1.0,99.89285714285559,2.0,1.654665713264177,1.9786199499443629,-0.21275192693672423,1.8317214700169584,1,VWAP_REVERSION,BUY,46248.95,46083.66,46579.53,2024-03-20 11:40:00+05:30
2,60.7307531447294,0.18458834553358017,1.382349379635092,1,3.2664829070767887,0.7410277115228352,5.884727451538329,0.8438107582619953,0.0,0.15618924173670853,1.1058100844637955,0.6875460574787575,0.9728096676736908,-2.0,0.846386452978428,255,13,0.0,69.76785714285766,2.0,1.9203224980803721,3.6098285129204006,1.1977610340997953,0.8102289434984193,1,VWAP_REVERSION,SELL,46528.55,46662.53,46260.6,2024-03-20 13:30:00+05:30
2,46.525953198805674,-1.166284016859272,-0.7963467968227957,1,0.9533098629716007,0.20070735944510035,3.8713661487933266,0.7381590705973899,0.26184092940082276,0.0,0.7313384062368303,0.8235294117634057,0.8874229169654734,-4.0,0.6847293619593953,285,14,0.0,76.50357142857163,2.0,1.8044955884412324,3.075673404598874,0.3699372200359927,0.7978040781394136,1,VWAP_REVERSION,SELL,46394.9,46532.95,46118.8,2024-03-20 14:00:00+05:30
2,50.1901499397376,0.4988276111444685,0.021639784433056405,-1,-0.834040185439638,0.41087727727824347,5.1496614587041885,0.7463524130182542,0.2239057239054436,0.029741863075179845,1.3113961312026738,0.4367666232061788,0.5941788401947548,2.0,0.4254939300165629,200,12,0.0,67.94285714285694,2.0,1.7307821698906922,2.9245164003320787,-0.47718782671070975,1.205194102527765,0,VWAP_REVERSION,BUY,46748.9,46631.31,46984.09,2024-03-21 12:35:00+05:30
2,49.83526935654622,0.3342557078506705,0.01316333003859043,-1,-0.9602266474152471,0.4791451187942327,4.620314723939112,0.707196029774869,0.29280397022264953,0.0,0.6394650345687849,0.36540803897594143,0.6200906344411344,2.0,0.3924065698642225,225,13,0.0,63.02142857142878,2.0,1.12266802674825,1.5597869205460169,-0.3210923778115705,0.8441558441541471,0,VWAP_REVERSION,BUY,46735.0,46664.25,46876.5,2024-03-21 13:00:00+05:30
2,50.60158935033419,0.3620142676209081,0.14909354718907986,-1,-1.013743804928454,0.6194320936291455,2.381425537681003,0.6052409129322317,0.24344885883308123,0.15131022823299642,1.1799658022228796,0.7466960352407738,0.9429567539498889,2.0,0.37752915972378326,285,14,0.0,50.12857142857164,2.0,1.7577372470789143,2.641208321453854,-0.2129207204314035,0.9650840267564939,0,VWAP_REVERSION,BUY,46728.75,46640.64,46904.98,2024-03-21 14:00:00+05:30
2,49.942127136242206,-0.06136462042073104,0.1509957991661059,1,0.5132654264088352,0.7054761121499805,3.8596915864037826,0.5182926829255651,0.30487804877974417,0.17682926829225162,1.098144251004345,0.6292749657985017,1.0069861261438893,-2.0,0.6178844519963538,160,11,0.0,37.33571428571616,2.0,1.5878515400801911,2.2592309163894346,0.21236041958626814,1.032485520017493,1,VWAP_REVERSION,SELL,46698.4,46757.68,46579.83,2024-03-26 11:55:00+05:30
2,53.00188456593863,-0.7187243583177789,0.03493553426010859,1,-0.14241513135453676,0.46174311495771275,4.929003529285754,0.4216177523258814,0.08303507516087977,0.49534717251180715,1.2511514841350955,0.5035273368597947,1.0176270751875816,-4.0,0.5819861431868686,95,10,0.0,55.828571428570804,2.0,1.741632548618269,2.889201637661235,0.7536598925765375,1.1437694448973774,1,VWAP_REVERSION,SELL,46819.85,46917.08,46625.38,2024-03-27 10:50:00+05:30
2,47.4877589247488,0.032321712226244,-0.338445922511492,-1,-1.0899843505475486,0.34669497019826234,2.623876865933531,0.44186046511417926,0.049095607234741684,0.5090439276459112,0.726760563380227,0.37159533073800904,0.9586997069010297,2.0,0.4539755856151692,215,12,0.0,26.625,2.0,0.8154929577465335,1.419718309853932,-0.3707676347363435,0.7962962962929595,1,VWAP_REVERSION,BUY,46781.05,46759.34,46824.48,2024-03-27 12:50:00+05:30
2,55.29680169551014,0.9567256823373436,0.7600868201553633,-1,0.11347739304005335,0.8133733727800854,2.497492818346222,0.9494799405616867,0.0,0.050520059435341456,1.2265035147097687,0.44186046511417926,0.726760563380227,3.0,0.5593863411413518,220,12,0.0,27.43571428571418,2.0,1.958890913824655,2.141369435035161,-0.19663886218126347,1.3222003929221704,0,VWAP_REVERSION,BUY,46813.0,46759.26,46920.49,2024-03-27 12:55:00+05:30
2,57.419435941855134,-0.9652691295441438,0.2937670196049411,1,1.0240334378265672,0.4544951156189941,6.269372732654511,0.7302631578932225,0.19736842105220503,0.07236842105237945,1.090909090909075,0.7414187643004455,1.046259085079037,-2.0,0.7920934239493097,140,11,0.0,41.79999999999927,2.0,1.9959330143541087,2.677033492816469,1.2590361491460729,1.0940499040280809,0,VWAP_REVERSION,SELL,47241.6,47325.03,47074.74,2024-03-28 11:35:00+05:30
2,56.1770323926829,0.006527587593849437,0.5380444681013278,1,1.3702088190702215,0.6444952149916202,3.702913758101059,0.9014238773253609,0.02300109529026455,0.07557502738218397,0.8793945648435268,0.6666666666650961,0.8371601634033977,-2.0,0.8376863985538555,220,12,0.0,51.91071428571325,2.0,1.8298933608530297,3.4636394908773855,0.5315168805064544,0.735104669886101,0,VWAP_REVERSION,SELL,47291.3,47386.29,47101.32,2024-03-28 12:55:00+05:30
2,52.779972033453554,0.13141099691681216,0.23618784264325826,1,-0.7195567431358775,0.39820914898149234,3.7588861626247745,0.4517611026019653,0.28943338437879707,0.2588055130161748,0.4251697516510259,0.6484784889816678,1.5961239382701695,2.0,0.26450779592209284,105,11,0.0,76.79285714285756,2.0,1.9667100734816105,2.3693609896723378,0.10477684572630964,0.38776722090216287,1,VWAP_REVERSION,BUY,47856.05,47705.02,48158.11,2024-04-04 11:00:00+05:30
2,54.48883349934686,-0.5276618209065796,0.23383065545922926,1,1.393649409221536,0.5672727770684319,5.327486831453371,0.5734597156392669,0.08151658767763406,0.3450236966821512,1.8167281672817053,0.6120689655158991,0.7013387624159317,-2.0,0.5495894455207093,270,13,0.0,58.07142857142753,2.0,1.8917589175891203,2.9541205412003024,0.7614924763644977,1.6658771514264228,1,VWAP_REVERSION,SELL,48010.55,48120.41,47790.84,2024-04-04 13:45:00+05:30
2,48.977465817533066,-0.9660817370716815,-0.5136651115357728,1,1.0249631494774518,0.23054938379506673,3.215658715492116,0.6176836861753485,0.3113325031125383,0.0709838107096225,1.1548022598870822,0.409836065572667,1.0491400491400356,-6.0,0.7652481373908971,200,12,0.0,34.7678571428561,2.0,1.9968669748330885,2.75541859269876,0.45241662553460754,1.1981498060245506,0,VWAP_REVERSION,SELL,48197.5,48266.93,48058.65,2024-04-05 12:35:00+05:30
2,56.68619790718339,-0.5736238800158715,0.4262275617892773,1,0.7780300573035712,0.5260244692389648,5.66222771406098,0.5488888888876045,0.2644444444438891,0.18666666666628418,1.0217320791436937,0.6534391534374232,0.8003629764064446,-2.0,0.6434850863420409,115,11,0.0,44.04285714285704,2.0,1.5951346091468876,1.944696723965781,0.9998514418028787,1.1568123393286458,0,VWAP_REVERSION,SELL,48826.8,48897.05,48686.29,2024-04-09 11:10:00+05:30
2,53.28355121821206,-0.4040888334977152,0.14329421803448059,1,0.2850381877022665,0.4737551908661076,2.6537286511573392,0.5281249999988694,0.23854166666626064,0.23333333333278658,1.0438834951456428,0.4447391688763163,1.2222307989194128,-2.0,0.7023849512930143,120,11,0.0,45.982142857142335,2.0,1.7506407766991485,1.89421359222888,0.5473830515310053,1.2361576100920943,0,VWAP_REVERSION,SELL,48878.35,48958.85,48717.35,2024-04-10 11:15:00+05:30
2,41.38457103677739,0.15181261173648344,-0.6599093304125336,-1,-0.5132051363955635,0.44082119898764666,4.777973508476414,0.4962216624659771,0.0,0.5037783375289852,0.39058327477157667,0.7474747474726008,0.6242439840432592,2.0,0.3357894736840825,105,11,0.0,50.82142857142909,2.0,0.9283907238228836,1.5957835558646998,-0.8117219421474198,0.5718813022166817,1,VWAP_REVERSION,BUY,48693.35,48646.17,48787.71,2024-04-12 11:00:00+05:30
2,42.37290803184014,0.21034010201370315,-0.5182696377046471,-1,1.194254285117008,0.7996863782982089,4.278511241455527,0.6549999999982897,0.1999999999995,0.14499999999971025,0.8413461538461465,0.8412921348290501,0.679157866048887,-2.0,0.4427328483809979,110,11,0.0,47.54285714285756,2.0,1.3515024038460948,2.46829927884091,-0.7286097397168176,0.8948545861277519,1,VWAP_REVERSION,SELL,48060.15,48124.4,47931.64,2024-04-15 11:05:00+05:30
2,45.75614708147977,0.1949479596690676,-0.284246923111903,-1,-0.5465699944227866,0.3947714525261741,3.5343590944228382,0.4629349470485709,0.5083207261709712,0.028744326777432116,0.9011588275392673,0.5143769968040791,1.253432494279095,2.0,0.2518898873198602,270,13,0.0,36.67500000000031,2.0,1.7278118609406887,2.3803680981528794,-0.47919488277966404,0.9565846599104446,0,VWAP_REVERSION,BUY,47993.25,47929.88,48119.98,2024-04-15 13:45:00+05:30
2,42.50262054937583,-0.03810901381584767,-0.636912696172346,-1,0.6759835213945549,0.6355382218019837,3.567815625041203,0.44054878048643165,0.2972560975601089,0.26219512195041067,0.6875280730647371,0.397647058822628,0.8125085347535131,-2.0,0.7505397448475841,105,11,0.0,47.70714285714296,2.0,0.8629884713279967,1.418026650693267,-0.5988036823552432,0.873269435567334,0,VWAP_REVERSION,SELL,47507.75,47548.92,47425.41,2024-04-16 11:00:00+05:30
2,59.02879906719828,0.45520006560782333,0.8923381705560899,1,-0.1314090573349639,0.6949346939203477,5.531043020140117,0.8329729729720252,0.061621621621602195,0.10540540540529145,1.1180177846844697,0.46167883211597444,0.6737211855104726,2.0,0.3972534745200432,40,9,0.0,82.73571428571293,2.0,1.551005784339117,2.656651989982103,0.43713810494773814,1.1123136123122863,0,VWAP_REVERSION,BUY,47647.6,47519.28,47904.25,2024-04-18 09:55:00+05:30
2,53.191523503876056,-0.2477393353074991,0.17472189538349672,1,0.40225362519628016,0.5602126461282297,4.479943257109152,0.4092827004210956,0.3206751054844843,0.2700421940923104,0.9193682460515531,0.6395348837196372,0.9437753865886562,-2.0,0.5122787762380226,170,12,0.0,51.55714285714358,2.0,1.3015793848710508,1.7533942920441201,0.42246123069017644,1.1666256460714852,1,VWAP_REVERSION,SELL,47652.0,47719.11,47517.79,2024-04-18 12:05:00+05:30
2,63.3848105096522,0.2727707425340446,1.5370812001402834,1,4.903214624558163,0.7730365551694942,5.306815046349232,0.5319540229880032,0.18850574712626345,0.2795402298848138,1.192340825436603,0.6784753363222745,1.2496997838443695,-2.0,0.85035817285321,300,14,0.0,91.20714285714295,2.0,1.8635680162894577,2.8764194533604424,1.2643104576048525,1.064402466476401,0,VWAP_REVERSION,SELL,47493.1,47663.07,47153.16,2024-04-19 14:15:00+05:30
2,55.735198250605336,-0.40762098315245393,0.4733289550922546,1,0.9712532734753555,0.5569767910456195,5.1612367364362175,0.642765685017781,0.04225352112650802,0.3149807938531501,1.104444444444321,0.45897435897185607,0.5084745762711851,-3.0,0.38090180554206754,175,12,0.0,35.357142857142854,2.0,1.5452525252527782,2.3319191919125144,0.8809499382422169,1.4361897756474018,1,VWAP_REVERSION,SELL,47825.7,47880.34,47716.43,2024-04-22 12:10:00+05:30
2,54.59798511699912,-0.012999036914591115,0.3792652432080085,1,1.00135940527323,0.7077380490057121,3.423276622041183,0.5818181818158898,0.13939393939355257,0.27878787878651723,0.6567475360121051,0.47192982455990085,0.7277701778385482,-2.0,0.40359177367955446,295,14,0.0,37.68571428571574,2.0,1.2914329037148593,1.688968915840829,0.3922642801215587,0.6788261108044904,1,VWAP_REVERSION,SELL,47837.45,47886.12,47740.11,2024-04-22 14:10:00+05:30
2,53.12116404825548,0.5498868174117141,0.42170602337184143,-1,0.08755134773222628,0.6393739023261568,3.078086958772135,0.8251173708900033,0.04694835680739511,0.12793427230025417,0.9602318467236771,0.6268656716403765,0.9287128712871907,2.0,0.28011898859686074,300,14,0.0,44.36428571428613,2.0,1.78604089518594,1.787473836737285,-0.12818079403958368,0.9502565246466459,0,VWAP_REVERSION,BUY,48012.3,47933.06,48170.77,2024-04-23 14:15:00+05:30
2,55.52884645022379,-0.5350021558239691,0.27250147778269834,1,0.47297683085455183,0.42441939751933394,3.6769113456462508,0.4607250755273292,0.20241691842831244,0.33685800604133714,0.9775340153991405,0.6042402826832637,0.8341930729551004,-2.0,0.7351089588374305,120,11,0.0,33.86071428571553,2.0,1.204524839151923,1.9447315683940998,0.8075036336042828,1.0298693217142083,0,VWAP_REVERSION,SELL,48180.5,48221.29,48098.93,2024-04-24 11:15:00+05:30
2,46.31162662707636,-0.053447353812650616,-0.2862018892842698,-1,0.5810784457120556,0.3883386658997876,3.261929395444709,0.4270172257470954,0.2710788757928715,0.30190389845821985,0.5646482375310952,0.5579086697543884,0.7873892652423465,-2.0,0.8289355992842529,30,9,0.0,97.67142857142868,2.0,0.8832382623957692,2.6363902296301776,-0.23275453547138092,0.6071782450725496,0,VWAP_REVERSION,SELL,48107.9,48194.17,47935.37,2024-04-25 09:45:00+05:30
2,51.70462033611891,0.09851802941827215,0.23252184628846176,1,0.6353244294816247,0.544077687639012,3.7378131943031563,0.45689655172271504,0.24137931034420604,0.3017241379302053,0.7616665363869894,0.4875283446704541,1.4253174297807003,-2.0,0.7789964803141907,210,12,0.0,45.689285714285816,2.0,1.6594465723441734,2.8299851481217457,0.13400381686989632,0.630663283797269,0,VWAP_REVERSION,SELL,48213.05,48288.87,48061.41,2024-04-25 12:45:00+05:30
2,60.794090551908084,0.16572279505997892,1.1329616384095627,1,2.94888042591078,0.7352421180810348,5.915279412368372,0.8001722652870756,0.055124892334172136,0.14470284237702952,0.9841961852861355,0.5269645608612444,0.5661059190030594,-2.0,0.8851486468469679,280,13,0.0,58.9821428571439,2.0,1.5606115652436938,2.9500454132556184,0.9672388433479437,0.9488394900279135,0,VWAP_REVERSION,SELL,48401.15,48493.2,48217.05,2024-04-25 13:55:00+05:30
2,44.131764142461094,-0.0322914685321059,-0.6227829223801633,-1,-1.3654812206573292,0.3370255184413128,5.591204112662621,0.44799999999856643,0.33279999999898163,0.219199999999252,0.550176056338015,0.45894160583844795,0.8986763500058847,2.0,0.18204599056598172,120,11,0.0,56.800000000001354,2.0,1.1871478873239205,1.7922535211236137,-0.5904914538470178,0.6830601092881027,1,VWAP_REVERSION,BUY,48402.2,48334.77,48537.06,2024-04-26 11:15:00+05:30
2,47.213357110512675,0.2732218242232689,-0.22311020440525275,-1,-0.9352179487178194,0.4256986872559868,4.854221098937581,0.5156555772985324,0.03718199608592006,0.44716242661359057,0.8942499999999582,0.44799999999856643,0.550176056338015,3.0,0.2449882075471116,125,11,0.0,57.14285714285818,2.0,1.554250000000019,1.7814999999969008,-0.496332028627653,1.0254866546236343,1,VWAP_REVERSION,BUY,48423.55,48334.74,48601.18,2024-04-26 11:20:00+05:30
2,48.111045883343266,0.7115793346515359,0.03710159064354841,-1,-1.4204863516445436,0.4454430778359579,6.666299968219511,0.6416610850626803,0.23911587407878848,0.11922304085719168,1.2599915606727419,0.5182755388930291,0.9446060452762978,2.0,0.26404616724732677,300,14,0.0,59.246428571429405,2.0,1.9583398637650844,2.347820845134447,-0.674477744006849,1.471515868319569,0,VWAP_REVERSION,BUY,48341.7,48225.68,48573.75,2024-04-26 14:15:00+05:30
2,57.57211686562808,0.0021358396390844785,0.5960942210870517,1,0.6956973692078839,0.6446374198863426,3.899670586068318,0.4205443371370721,0.19315188762039062,0.38630377524078124,0.6695217701641474,0.5002715915258562,0.9807084966325159,-2.0,0.6967032967030825,105,11,0.0,85.06071428571262,2.0,1.0734223453836103,1.5318470000402502,0.5939583814472689,0.8405904059027933,1,VWAP_REVERSION,SELL,49576.25,49667.56,49393.64,2024-04-30 11:00:00+05:30
2,45.7653035091879,-0.057747436330654975,-0.33642617602217423,-1,0.16988515416876027,0.5695849329223222,3.261663560194858,0.5347298787198964,0.23263506063902945,0.232635060638869,0.4855646055600056,0.5516285516277154,0.7559497081275509,-2.0,0.7125690159140279,60,10,0.0,93.39642857142773,2.0,1.0475737065504316,2.5370349126201193,-0.27867873969122087,0.6292493409176733,1,VWAP_REVERSION,SELL,49440.85,49538.69,49245.17,2024-05-02 10:15:00+05:30
2,45.56112899980792,0.12264687132585747,-0.28173139612138887,-1,-1.5504311027871975,0.4667353007098755,2.365772327759282,0.4763033175334585,0.24644549762904286,0.2772511848327594,0.4335510383796584,0.44018058690642664,0.8817173727609319,2.0,0.3115218730744801,225,13,0.0,48.66785714285704,2.0,1.2650399941292587,2.472884714165291,-0.4043782674464154,0.440317195324596,1,VWAP_REVERSION,BUY,49250.0,49188.43,49373.13,2024-05-02 13:00:00+05:30
2,49.72909221337014,0.5324434802957881,0.24222537086281662,-1,-0.9585763619750676,0.713773629289418,2.2594396718648353,0.5574092247290143,0.07948969578007094,0.363101079488952,1.0332440066633666,0.4763033175334585,0.4335510383796584,3.0,0.3776956253849963,230,13,0.0,49.3107142857147,2.0,1.2893966828421235,2.083725646406997,-0.29021810943238296,1.0247385357984855,1,VWAP_REVERSION,BUY,49276.85,49213.27,49404.01,2024-05-02 13:05:00+05:30
2,35.31580396785621,-0.10493437675420186,-1.412393944894371,-1,-3.5742311879266198,0.2761598036024934,6.1109460911004945,0.6274848746748674,0.10198789974056015,0.2705272255828439,0.7800250409322769,0.6377590176505131,0.8620575587165238,2.0,0.13648144636194934,160,11,0.0,74.1642857142854,2.0,1.3654338823076062,1.8856785129513127,-1.307459568138406,0.8524904214546719,1,VWAP_REVERSION,BUY,48924.75,48823.48,49127.28,2024-05-03 11:55:00+05:30
2,46.578498079969286,0.6199741771061706,-0.00357792782261118,-1,-2.503013397457958,0.6183383594023096,4.270637891565052,0.6102646351232638,0.2349639133917931,0.15477145148333926,0.983549295774633,0.4892167990909449,0.7021119143848638,2.0,0.2081673936405259,200,12,0.0,63.39285714285662,2.0,1.3351549295773577,1.8787605633773106,-0.6235521049277982,1.203203396369714,1,VWAP_REVERSION,BUY,48981.45,48896.81,49150.73,2024-05-03 12:35:00+05:30
2,47.92938308588989,0.5195998310743708,0.0455432840481562,-1,-3.0073982619990853,0.5191791651181155,6.065823577418418,0.4170748775361111,0.2869139258218634,0.2960111966406258,1.0081636766780508,0.3952941176463931,0.895230452881284,3.0,0.17077158377720994,295,14,0.0,70.87142857142837,2.0,1.2125781092521217,1.8526506752644127,-0.47405654702554567,1.1150124843927416,0,VWAP_REVERSION,BUY,48821.6,48735.66,48993.47,2024-05-03 14:10:00+05:30
2,41.9517586367322,0.00885499409653287,-0.740144906851827,-1,-2.2889267797347554,0.3164419058363787,4.902142441129107,0.5611782477333379,0.2900302114798932,0.14879154078525827,1.0998635257817286,0.3562653562647557,0.9724655819775326,2.0,0.2057698992005138,260,13,0.0,60.18928571428478,2.0,1.5753456357919366,2.016139559718962,-0.7489999009471154,1.1109246517853102,0,VWAP_REVERSION,BUY,48909.9,48815.08,49099.54,2024-05-06 13:35:00+05:30
2,36.963348088753804,0.19500276368809238,-1.0517052133279925,-1,-3.624841694729785,0.38720595062926544,4.5144692863401525,0.4806201550379327,0.3118001722647107,0.2075796726956339,1.0818690095847125,0.54200230149457,0.7816756617836774,2.0,0.09885260370696218,180,12,0.0,53.65714285714317,2.0,1.1595047923323252,1.9904153354594563,-1.2467079770137615,1.0985995457965951,0,VWAP_REVERSION,BUY,48308.8,48246.58,48433.23,2024-05-07 12:15:00+05:30
2,50.241746917425594,-0.10562014885570087,0.10873885204807965,1,0.3155043622056099,0.6128212748838039,3.675197562264834,0.42512908777904423,0.06626506024082641,0.5086058519784081,0.8613787991104146,0.6071133167897129,0.7717138558336268,-2.0,0.5842968539928377,190,12,0.0,67.45000000000125,2.0,1.2289844329133066,1.5670867309093908,0.21435900090346272,1.0283185840689242,0,VWAP_REVERSION,SELL,48068.45,48151.34,47902.66,2024-05-08 12:25:00+05:30
2,36.49033828316327,-0.4256410287499441,-1.6950726935022935,-1,-3.1209009208511107,0.24285036999753376,7.45453001487073,0.43768115941961333,0.17898550724620177,0.3833333333327356,1.0695897691413454,0.3896529142103681,1.1291992393830352,2.0,0.14959839357426277,135,11,0.0,64.51071428571387,2.0,1.4858163095830477,2.9049438077792926,-1.2694316647503816,1.0198049068858621,1,VWAP_REVERSION,BUY,47750.45,47654.6,47942.15,2024-05-09 11:30:00+05:30
2,54.915669064348876,1.1526422250670378,0.9541399520286801,-1,-0.3767318433902828,0.9212312306886374,3.7026783210374434,0.6409722222213522,0.19652777777742397,0.16249999999983494,1.2355969600392098,0.551333872270723,1.0454572894657073,2.0,0.3944946452475922,180,12,0.0,58.2714285714293,2.0,1.6925471929395304,2.0756312821733665,-0.19850227303801718,1.4504431909720725,0,VWAP_REVERSION,BUY,47896.8,47798.17,48094.05,2024-05-09 12:15:00+05:30
2,41.387503539260585,0.2429816355614268,-0.675276029816278,-1,-2.12068219692941,0.34659464819200575,6.106102881810812,0.782843894898296,0.06182380216373335,0.15533230293642503,0.9359855334539511,0.4512110726637152,1.0429447852760751,2.0,0.29314846493197805,250,13,0.0,69.125,2.0,1.384629294755898,2.413019891497455,-0.9182576653763763,1.0786928976308132,1,VWAP_REVERSION,BUY,47476.15,47380.44,47667.58,2024-05-10 13:25:00+05:30
2,47.09968396391229,0.6628263902249583,-0.047004180849886515,-1,-1.4077044989580696,0.4618679200680855,5.70873915494994,0.499449944993958,0.38118811881147174,0.11936193619347013,1.260561636372667,0.782843894898296,0.9359855334539511,3.0,0.3704870802196155,255,13,0.0,72.11071428571397,2.0,1.9270516566787572,2.307562775490862,-0.7098305710738604,1.4223126271296886,0,VWAP_REVERSION,BUY,47519.1,47380.14,47797.02,2024-05-10 13:30:00+05:30
2,35.908520485831616,0.00931539828240862,-1.3075068317768883,-1,-1.0214653460602423,0.3469102331393066,7.728697057446124,0.6847290640383021,0.00821018062396103,0.3070607553360947,0.9703522449211076,0.6319095477370961,0.6405702132552122,2.0,0.15124690652956696,90,10,0.0,62.76071428571335,2.0,1.3659193080292935,1.6969214135294446,-1.3168222300571988,1.1626575028613835,1,VWAP_REVERSION,BUY,47062.7,46976.97,47234.15,2024-05-13 10:45:00+05:30
2,53.54905293416117,0.195778253762164,0.6532556840322491,1,1.2100287137396335,0.7660930826424428,5.5129659880029305,0.849924585217455,0.006787330316688394,0.14328808446434838,1.0032967626870801,0.6066746126326147,0.6318450779988852,-2.0,0.4626879878164007,150,11,0.0,66.08214285714192,2.0,1.8137761444090084,2.8434307950019746,0.45747743026939275,1.0117503433525739,0,VWAP_REVERSION,SELL,47226.3,47346.16,46986.58,2024-05-13 11:45:00+05:30
2,53.534390017500144,-0.1967691237729246,0.25781326103172597,1,1.6294406029339705,0.5677433630768501,3.2229317506728083,0.5588235294106689,0.14313725490173718,0.298039215685633,1.1755021402699581,0.4138528138521224,1.2765453540695886,-2.0,0.7622950819669739,295,14,0.0,43.38571428571595,2.0,1.343496871913058,1.925749094496707,0.4545823848036028,1.127320954904612,1,VWAP_REVERSION,SELL,47858.95,47917.24,47742.37,2024-05-14 14:10:00+05:30
2,47.58514365380579,0.49594132458908374,-0.06812955068871879,-1,-1.7554809816367183,0.4453084609675989,5.031213573581955,0.5060379528458561,0.43990799309895445,0.05405405405403938,1.1977762471711761,0.3515709642467036,1.296738585047615,5.0,0.20111858514092995,280,13,0.0,72.59285714285683,2.0,1.867391518252566,2.294302863324647,-0.5640708752770255,1.1317193804489243,1,VWAP_REVERSION,BUY,47473.4,47337.84,47744.52,2024-05-16 13:55:00+05:30
2,54.42191273240927,0.9230975209412811,0.7390250643450474,-1,-0.7809113348863227,0.8292390369360967,2.9181558320422445,0.642697881827556,0.053511705685593255,0.30379041248573585,1.1761730823264773,0.5617399438722426,1.4518820333720754,2.0,0.28659965233159856,305,14,0.0,76.26428571428447,2.0,1.916708813337044,1.893415753486375,-0.1840724565959922,1.1225128269288882,1,VWAP_REVERSION,BUY,47529.95,47383.77,47822.3,2024-05-16 14:20:00+05:30
2,58.39716870560933,-0.07639520874810822,0.7108867151909661,1,1.8569729685396694,0.6249534645583659,2.6581414930649454,0.5514834205925494,0.07242582897010912,0.37609075043559625,1.0167944736674779,0.48254620123107084,0.872536472997147,-2.0,0.8407121105643359,165,12,0.0,56.353571428570184,2.0,1.306667089169146,1.851701628743798,0.7872819239376773,1.2394548994132584,1,VWAP_REVERSION,SELL,48117.7,48191.34,47970.43,2024-05-17 12:00:00+05:30
2,55.06389334280729,-0.07627677468336151,0.48351364308709677,1,1.4911641813929664,0.6411940179883714,4.223164087858426,0.4223706176948397,0.10183639398950742,0.4757929883123141,0.8725418790967913,0.4335260115581148,0.5036913798482717,-2.0,0.7601165980793092,185,12,0.0,34.32499999999969,2.0,1.113838310269654,2.0276766205330343,0.5597904177688274,0.8375279642033795,0,VWAP_REVERSION,SELL,48148.75,48186.98,48072.28,2024-05-21 12:20:00+05:30
2,40.90635587590436,0.3213147806363598,-0.5994102841995234,-1,-1.3333587327590652,0.4226481365015611,4.211146331944422,0.7025761124105805,0.03629976580777775,0.26112412177929983,0.8825570236952059,0.6627906976726687,0.7864141084259325,2.0,0.14404576183044326,150,11,0.0,48.38214285714379,2.0,1.426935852956459,1.6224994463685056,-0.9207250648339801,0.9135643987998487,0,VWAP_REVERSION,BUY,47702.55,47633.51,47840.63,2024-05-22 11:45:00+05:30
2,43.75784934703296,0.5060015254614991,-0.24608064775537322,-1,-0.9561428916244069,0.5216789870907086,3.8111231200172213,0.44930629669053057,0.3201707577367865,0.23052294557054842,0.9498913830557173,0.7025761124105805,0.8825570236952059,3.0,0.17659906396250966,155,11,0.0,49.32142857142909,2.0,1.7189717595944323,1.9230992034717933,-0.7520821732153475,1.0231491592027808,0,VWAP_REVERSION,BUY,47718.2,47633.42,47887.76,2024-05-22 11:50:00+05:30
2,53.47891663962392,0.8919736929133949,0.6759559251480878,-1,-0.43116039730429934,0.7100125193443614,3.1136209330817497,0.4048672566362977,0.42920353982205,0.16592920353943988,1.0810626121125184,0.7703639514717902,1.382390690510775,4.0,0.19124565350783515,250,13,0.0,41.810714285714184,2.0,1.887819253438199,2.695481335946513,-0.21601776776479042,1.1901000526562668,1,VWAP_REVERSION,BUY,47718.65,47639.72,47876.51,2024-05-22 13:25:00+05:30
2,55.54395975477547,0.4103877032228929,0.45154493516227806,1,0.035770425655659285,0.535129034645901,2.7384097332315127,0.806967447172112,0.1427755568245038,0.050256996002241955,0.9102521258030112,0.7287166454882146,0.8431605127224544,2.0,0.4966857487193485,65,10,0.0,96.18214285714255,2.0,1.4989083212654903,1.6531135123075211,0.04115723193934237,1.1664002131612787,1,VWAP_REVERSION,BUY,48809.65,48665.48,49097.99,2024-05-24 10:20:00+05:30
2,51.65426294723508,-0.17035092780495525,0.08908520695037747,1,-0.16299051355116265,0.5371230474738051,3.3391424283115354,0.5163234555494557,0.36464088397755284,0.11903566047198688,1.5473520595093082,0.8169761273187705,0.5973629109841655,-2.0,0.4222657426934451,115,11,0.0,64.3357142857146,2.0,1.4942489175086404,2.315976462747582,0.25943613475492944,1.5065072639202757,0,VWAP_REVERSION,SELL,48784.95,48881.08,48592.68,2024-05-24 11:10:00+05:30
2,50.51290277982332,-0.3560610498509224,-0.10816926905765202,1,0.07053743311060605,0.3941683890800522,2.7735096439949034,0.4799999999983932,0.3180952380939709,0.20190476190382645,0.6345506345506409,0.506132461160311,1.3121311977929713,-2.0,0.4975896354322004,185,12,0.0,41.36785714285673,2.0,1.5528187861522145,1.941120607782672,0.2478917807926711,0.5828152753095295,0,VWAP_REVERSION,SELL,48809.95,48874.19,48681.48,2024-05-24 12:20:00+05:30
2,62.053079483329405,-0.5117511367063106,0.7908266502692769,1,3.2517635757033663,0.6166737362088457,8.683665882428276,0.5818836232746569,0.06238752249539222,0.35572885422875106,1.3633602056314729,0.6942482341055501,0.8720301697046395,-2.0,0.7947772898367654,220,12,0.0,61.13571428571439,2.0,1.7406122210538848,2.625306694703027,1.3025777869734567,1.417999319493948,1,VWAP_REVERSION,SELL,49558.0,49664.41,49345.17,2024-05-27 12:55:00+05:30
2,45.167195535511475,0.16292683430636212,-0.32763584526799966,-1,-0.2274727730644763,0.5008640783087278,3.123126129825883,0.425260718423237,0.33603707995286,0.23870220162158554,0.506285618504873,0.8876689189175122,0.6786211414066587,2.0,0.3602290473710441,60,10,0.0,85.22857142857227,2.0,0.9565202815957299,1.754693261814921,-0.4905626795737862,0.6431658965559325,0,VWAP_REVERSION,BUY,49326.8,49245.28,49489.85,2024-05-28 10:15:00+05:30
2,57.657307979007044,1.1443916445970357,0.9671952288166975,-1,0.0334377007065522,0.6988330264225044,4.28154535360632,0.6215384615375277,0.3261538461532996,0.05230769230763422,1.0958574181117515,0.6657559198531032,0.9663062610007782,6.0,0.6241134751772014,170,12,0.0,59.314285714285816,2.0,1.6999518304431738,3.0709296724417325,-0.17719641578003947,1.0234608723019534,1,VWAP_REVERSION,BUY,48692.0,48591.17,48893.66,2024-05-30 12:05:00+05:30
2,49.51292756181241,-0.7409623800261085,-0.32713060888445084,1,1.1101136716112536,0.32845044561390174,3.5980090506028195,0.6716723549479481,0.21092150170615695,0.11740614334452974,1.1226668126334263,0.46392694063844864,0.8403683806600167,-2.0,0.6930232558138566,310,14,0.0,65.24642857142837,2.0,1.4058185998139332,2.1526082434693237,0.4138317711410234,1.2408944604417032,1,VWAP_REVERSION,SELL,48820.2,48911.92,48636.75,2024-05-30 14:25:00+05:30
2,57.92527542258077,-0.6614610102447072,0.3108701090856304,1,1.8440628328008364,0.4579330859304295,5.0279320302712,0.6267857142849854,0.02321428571422343,0.34999999999960063,0.9392971246006445,0.7301161751557016,1.2580606303955266,-2.0,0.7356104084247239,205,12,0.0,89.4285714285709,2.0,1.8639776357827678,2.0927316293906597,0.9723311193292503,1.087801087799683,0,VWAP_REVERSION,SELL,50752.75,50919.44,50419.36,2024-06-03 12:40:00+05:30
2,49.78832657182513,-0.4676643753244771,-0.34071442231368604,1,1.4309785158081758,0.25657859344908573,2.4060089313530666,0.5592105263151302,0.06937799043057503,0.3714114832530985,0.9411764705882332,0.36408730158659236,0.5811712379539806,-2.0,0.7790159915305275,295,14,0.0,88.82499999999865,2.0,0.9449197860963005,1.5614973262014415,0.12694995301064813,1.1811246114705216,1,VWAP_REVERSION,SELL,50791.7,50875.63,50623.83,2024-06-03 14:10:00+05:30
2,45.41394343980588,-0.8798810293065196,-0.8850971755793454,-1,0.7725797112848725,0.04506507036949869,2.5965021089010185,0.6333133612934339,0.13481126422992104,0.23187537447544676,0.9342662934825907,0.5592105263151302,0.9411764705882332,-3.0,0.7158299437231047,300,14,0.0,89.321428571427,2.0,1.462495001999184,1.9172331067551842,-0.005216146272819987,1.2601932950751298,0,VWAP_REVERSION,SELL,50735.0,50865.63,50473.74,2024-06-03 14:15:00+05:30
2,35.345769667028634,0.03640256767956988,-1.340324699834712,-1,-1.8361041280469614,0.2753102689703973,6.46010430576352,0.8472286911968612,0.10768514205867188,0.04508616674428054,1.439504233554271,0.40058195926274603,1.1959937441092137,2.0,0.28037138948241236,125,11,2.0,372.87142857142834,2.0,1.8646833454656986,3.186621202251927,-1.3767272675139128,1.0526573838005389,0,VWAP_REVERSION,BUY,48326.35,47631.06,49716.92,2024-06-04 11:20:00+05:30
2,48.39575433460119,0.43135465917391164,-0.02165478522459898,-1,0.21112183719287064,0.5247969141711928,2.535918317274339,0.8786986038168654,0.03291917509925785,0.08838222108362058,1.3340412547296399,0.4859813084109066,0.5509867586626792,2.0,0.4417055620380739,50,10,2.0,292.6071428571434,2.0,1.6524227999511805,1.8890516294391166,-0.45300944439835583,1.6538852639599662,1,VWAP_REVERSION,BUY,46927.85,46444.34,47894.87,2024-06-05 10:05:00+05:30
2,55.45947963716929,-0.27639569135116476,0.5220078394468246,1,2.642177766344067,0.47524068197440533,3.558955600592693,0.5911057692305061,0.2596153846152598,0.14927884615375342,1.2413410917151497,0.4679592507391186,0.9223607863514357,-2.0,0.8317029218689124,210,12,1.0,167.56071428571522,2.0,1.5663341645885487,1.7838310207376857,0.7984035307975129,1.4050256687372078,0,VWAP_REVERSION,SELL,47739.1,48001.56,47214.19,2024-06-05 12:45:00+05:30
2,51.89451528944886,-1.1755171953901982,-0.3493635496297484,1,-0.03548023059780158,0.35849017008903256,5.666778618500815,0.7477597079317996,0.06571523398602581,0.18652505808151093,1.7205906346875737,0.6249999999989918,0.7655566206811035,-2.0,0.6380952380951309,135,11,0.0,87.55714285714255,2.0,1.9302333170174306,2.562326643821507,0.8261536457595061,1.7057291666647574,1,VWAP_REVERSION,SELL,49452.35,49621.36,49114.34,2024-06-06 11:30:00+05:30
2,57.0388449818527,1.2356574172639834,1.1168658569827763,-1,0.13595047606633023,0.8814689080244098,3.4324229286868713,0.7695671184951829,0.12111937035405868,0.10931351114988393,0.8803893532775983,0.8587035688267979,1.058684217773219,2.0,0.598237597911149,265,13,1.0,129.88571428571387,2.0,1.8349868015837947,2.7293224813001515,-0.11879156028111554,1.0132919805041976,0,VWAP_REVERSION,BUY,49365.0,49126.66,49841.68,2024-06-06 13:40:00+05:30
2,51.68604745221034,0.24708170001441734,0.1705038845242463,-1,-0.22762374726560236,0.4968473286914496,4.067101642784608,0.42560553633139697,0.39619377162561736,0.17820069204125555,0.6037679537400042,0.4760508308891043,0.9750485073356994,2.0,0.40409185803751807,105,11,1.0,95.73214285714286,2.0,1.0322887520985065,1.6290244357379446,-0.07657781549009104,0.7350883886548287,1,VWAP_REVERSION,BUY,49896.15,49797.33,50093.8,2024-06-10 11:00:00+05:30
2,51.546657776741235,0.28125205579058316,0.1973446633013798,-1,-0.25081519647031814,0.6023401929706599,2.4183113515982027,0.5457715780287554,0.44638186573591204,0.007846556233588778,0.7132450919427795,0.6244131455385983,0.4926686217008676,2.0,0.3959916492692546,120,11,0.0,80.40714285714213,2.0,0.9512925290930778,1.394776583457477,-0.08390739248909901,0.8328492593655936,1,VWAP_REVERSION,BUY,49891.3,49814.81,50044.28,2024-06-10 11:15:00+05:30
2,43.331638267085076,-1.1536854304463797,-1.0390718422055685,1,-0.1933415421401876,0.165146923086187,3.6360825882228545,0.8359057676673343,0.07392363931744216,0.09017059301359888,1.162182210533348,0.5978021978009799,0.8617424242424361,-4.0,0.6126890446328275,130,11,0.0,52.96071428571356,2.0,1.8361925955898557,2.158203520125348,0.11461358824059496,1.5488173125275266,0,VWAP_REVERSION,SELL,49779.6,49876.85,49585.11,2024-06-11 11:25:00+05:30
2,64.17400716825321,-0.016798521203800036,1.2449122973370634,1,1.8378916016601108,0.644870413387646,9.296532399231188,0.4137931034474605,0.1477832512312359,0.43842364531933314,0.7327764026402651,0.3978494623647358,0.6242807825086288,-2.0,0.8602742281501966,105,11,0.0,69.25714285714275,2.0,0.8630981848184988,1.606332508248508,1.2617108185390418,1.0229792380547993,1,VWAP_REVERSION,SELL,50158.5,50218.28,50038.95,2024-06-12 11:00:00+05:30
2,61.2293279139624,-0.27042426065731295,0.9351068266853115,1,1.591954064860128,0.5933905172779571,9.141190369270491,0.4475201845432544,0.3737024221445799,0.17877739330985887,0.6779869295648591,0.4137931034474605,0.7327764026402651,-3.0,0.822124801790728,110,11,0.0,63.9392857142853,2.0,1.2362341507009325,1.6124671842682585,1.205531087340739,0.9573763250862173,1,VWAP_REVERSION,SELL,50138.05,50217.09,49979.96,2024-06-12 11:05:00+05:30
2,47.476989846049975,0.1928351610658536,-0.29323932970183836,-1,-0.6085932741838681,0.4029448960143023,2.9425625655069854,0.6156069364149255,0.09537572254325027,0.28901734103989746,1.047502342680086,0.8988159311068403,0.9502447577993444,2.0,0.5731741442028561,225,13,0.0,49.546428571427114,2.0,1.9477618395443737,2.1918835147364746,-0.4860744907667109,1.0624360286570471,0,VWAP_REVERSION,BUY,50004.6,49908.1,50197.61,2024-06-12 13:00:00+05:30
2,46.866589639523525,-0.30473438716370216,-0.47518075483372096,-1,-1.0682307786379872,0.3624492980806382,5.111277912714947,0.6091205211706173,0.21661237784952522,0.17426710097660017,0.45823338131025526,0.5343511450372879,0.8412844036696708,2.0,0.19624629568646523,80,10,1.0,66.9964285714294,2.0,0.9895996588304077,2.6367077136268438,-0.1704463676697644,0.5097127677228287,1,VWAP_REVERSION,BUY,49942.35,49876.05,50074.95,2024-06-13 10:35:00+05:30
2,58.626447107230874,-0.11083256266396371,0.8228216130661009,1,1.584753119553648,0.6550016537538982,9.722219497014818,0.48512585812259185,0.23112128146398409,0.2837528604111357,0.7297668038408306,0.398447606725841,0.5850994809688783,-4.0,0.8212583995110969,100,10,0.0,59.88214285714275,2.0,1.0134609649908726,1.3668515536447403,0.9336541757285054,1.0311467673405774,1,VWAP_REVERSION,SELL,50029.45,50090.14,49908.07,2024-06-14 10:55:00+05:30
2,52.385700794833184,0.5020158229207402,0.2639584275150953,-1,-0.017599300811877185,0.5392444427113631,3.770242980627039,0.6724912631046462,0.13529705441826445,0.19221168247609086,0.8292279031256632,0.6201854493576098,1.0124832353244446,2.0,0.379961277831485,70,10,1.0,120.77499999999938,2.0,1.7249223763196067,1.7371144690526208,-0.23805739540544785,1.097173531988311,1,VWAP_REVERSION,BUY,51477.75,51269.42,51894.4,2024-06-20 10:25:00+05:30
2,59.30728963158817,0.18021437956866015,1.0461856228332393,1,1.8568640637156073,0.745125110681863,5.163725556119292,0.44581618655630684,0.061042524005362093,0.4931412894369593,1.143913920645603,0.423570595098243,0.6903734392082072,-2.0,0.7103581800579485,165,12,0.0,63.72857142857226,2.0,0.8932078009414304,1.3573189867721183,0.8659712432632203,1.4886665305258495,0,VWAP_REVERSION,SELL,51648.4,51705.32,51534.55,2024-06-20 12:00:00+05:30
2,53.06915696767244,-0.5000375397093881,0.17209153642402195,1,1.3524269705363854,0.5100687136971775,4.2849608815901865,0.4599999999994614,0.08937499999990647,0.45062499999938216,1.410224124905519,0.9508990318105414,1.3479824210946858,-2.0,0.6688286544045114,195,12,0.0,56.7285714285733,2.0,1.961495844875327,2.4969780911564583,0.6721290761322253,1.3093289689012317,0,VWAP_REVERSION,SELL,51626.95,51738.22,51404.4,2024-06-20 12:30:00+05:30
2,41.92803552593922,-0.025294314962640944,-0.7160258021700874,-1,-0.5766924597193166,0.3031944419029451,5.358882307656355,0.7468354430364068,0.0,0.25316455696148343,0.5716008441362795,0.4035836177467864,0.6158927968169163,2.0,0.1700382722798972,70,10,0.0,82.92500000000084,2.0,1.0375942116370496,2.1555622550471227,-0.6907314872066135,0.8180876769057461,0,VWAP_REVERSION,BUY,51554.85,51468.81,51726.94,2024-06-21 10:25:00+05:30
2,59.092708508970006,0.22702301002677197,1.0371902818792025,1,1.3135450481038116,0.7626574707485942,6.1244040504396295,0.548253676470083,0.17647058823510045,0.2752757352938974,1.2481665096079193,0.9411231884040968,0.6284970722186507,-3.0,0.5303073019452361,300,14,0.0,87.16785714285808,2.0,1.8575285778669428,3.6928749948742587,0.810167271851501,1.030791094267156,1,VWAP_REVERSION,SELL,51601.15,51763.07,51277.32,2024-06-21 14:15:00+05:30
2,54.043178202324896,-0.4092693495192246,0.3613766391295504,1,1.638663620788095,0.6209656063931314,5.5809247191724385,0.7427385892109801,0.0617796219455149,0.19548178884258285,1.238720731010828,0.47326649958191735,1.3663826491091877,-2.0,0.7099387983793254,145,11,0.0,87.54999999999927,2.0,1.826442033123931,2.3375214163308065,0.7706459886478948,1.2377311116169307,0,VWAP_REVERSION,SELL,51550.7,51710.6,51230.89,2024-06-24 11:40:00+05:30
2,52.36796647565981,-0.46728339113371925,0.07169173718422371,1,1.877001694266888,0.3932816513795607,2.5308077173013834,0.6357031655415956,0.23819408406828396,0.1261027503890826,1.3270044269553187,0.6007812499991295,0.9260024803637951,-2.0,0.8106197741572615,205,12,0.0,72.60714285714286,2.0,1.5213477619282678,1.5886866699437847,0.5389751283172006,1.437416082349091,0,VWAP_REVERSION,SELL,51609.1,51719.56,51388.18,2024-06-24 12:40:00+05:30
2,50.2811507829252,-0.42377489497423093,-0.07713776234623174,1,0.42221676422835064,0.49691365032551305,3.0638052893145766,0.4816849816843494,0.06593406593400203,0.4523809523804275,1.408080559990183,0.4962546816470648,0.9581544376801173,-2.0,0.5457314259343735,205,12,0.0,58.16428571428644,2.0,1.510659462114633,2.3657128822260143,0.3466371326274032,1.3886063072204509,1,VWAP_REVERSION,SELL,52934.65,53022.52,52758.92,2024-06-27 12:40:00+05:30
2,48.83050087075487,0.22750527911556692,-0.07742247486531327,-1,-0.35394732226751824,0.4193021076541758,3.3992631870578998,0.590509666079893,0.31985940245983546,0.08963093145851408,0.8382616015995201,0.5648201027978338,1.279369552737273,2.0,0.4357175819104002,280,13,0.0,67.87857142857112,2.0,1.6616121224876723,2.0013679890531266,-0.3049277539804309,0.8287212350701908,0,VWAP_REVERSION,BUY,52875.05,52762.26,53100.63,2024-06-27 13:55:00+05:30
2,46.23656472128807,0.6521806492862644,-0.062018187092745515,-1,-2.617659596516214,0.5410750146390716,4.5498407838471,0.44995140913466725,0.3649173955292382,0.1851311953351227,1.3740938573064083,0.4897828863339482,1.0519144036081542,2.0,0.25881967749853224,265,13,0.0,74.88571428571335,2.0,1.5582220526517203,2.1359214040413934,-0.7141988363780561,1.4801495972361027,1,VWAP_REVERSION,BUY,52577.55,52460.86,52810.93,2024-06-28 13:40:00+05:30
2,40.644805808522804,-0.1707029676198709,-0.9956752743054562,-1,-1.6834612727726121,0.2677443132805036,4.911206413096638,0.42970123022765366,0.4639718804912897,0.10632688927929917,0.830310610798423,0.6011904761894559,0.9910982354490879,2.0,0.18342734876480557,165,12,0.0,68.52857142857258,2.0,1.3629768605378128,4.159578903475139,-0.8249723066843815,0.6687823225191984,0,VWAP_REVERSION,BUY,52198.75,52105.35,52385.56,2024-07-02 12:00:00+05:30
2,57.71570935138428,-0.03832984939877083,0.6318673304618344,1,0.8848861533509707,0.6776692925846745,2.764138106467429,0.542997542996212,0.3169533169525966,0.14004914004873445,1.031498913830481,0.3902439024377553,0.7334525939177048,-2.0,0.8005942768553975,205,12,0.0,39.45714285714296,2.0,1.1530412744388663,1.8969949312046033,0.6701971798589067,0.9148123173725513,0,VWAP_REVERSION,SELL,53102.35,53147.85,53011.36,2024-07-03 12:40:00+05:30
2,39.9262181152575,0.18801102676560516,-0.6527756075511826,-1,-1.6358800986412694,0.36744259876653124,7.98446330957269,0.4357798165127765,0.01261467889895393,0.5516055045859759,0.6396981764828786,0.4512195121940214,0.5717700966231521,6.0,0.20071982281281062,130,11,0.0,68.15714285714473,2.0,1.004527352756258,1.4994760008361145,-0.840786634315554,1.0013780431763328,1,VWAP_REVERSION,BUY,52924.65,52856.18,53061.58,2024-07-04 11:25:00+05:30
2,52.7163148369954,0.3663121306222085,0.38084223913320686,1,-0.3210760669927633,0.5502881019180826,2.7646436940667534,0.5109289617456811,0.3442622950801903,0.1448087431686641,0.5305995650824097,0.7432126696815924,1.2172715648666663,2.0,0.30924695459572915,280,13,0.0,34.48928571428561,2.0,1.8251734493114233,1.9078388733506733,0.014530108510956218,0.5803996194083051,1,VWAP_REVERSION,BUY,52983.45,52920.5,53109.35,2024-07-04 13:55:00+05:30
2,45.73569277119458,0.25464875979700224,-0.13423721415165818,-1,1.437197026294368,0.7802256165917041,6.3973518038550345,0.4559902200478853,0.3227383863072541,0.22127139364241552,0.7053027037013236,0.5270270270256026,0.6012768427161927,-4.0,0.5064418340279409,110,11,0.0,57.98928571428561,2.0,1.0303442754204106,3.1824844490923074,-0.3888859739479898,0.731009830204149,0,VWAP_REVERSION,SELL,52557.35,52617.1,52437.85,2024-07-05 11:05:00+05:30
2,42.82054529663106,-0.07548539436809486,-0.8950146802860761,-1,-1.5907059666167847,0.27717262871375553,5.865948665691113,0.6448598130834208,0.1635514018689706,0.19158878504644042,1.4927752864972288,0.5981735159802632,0.7880735124020514,2.0,0.2655773686135206,155,11,0.0,57.34285714285735,2.0,1.999103139013488,2.5504484304888164,-0.819529285916552,1.3179368745167797,0,VWAP_REVERSION,BUY,52409.65,52295.02,52638.92,2024-07-08 11:50:00+05:30
2,50.88451489225522,0.7174854029992191,0.35797770851648897,-1,-0.87120368624104,0.7122276430773977,2.97694978010749,0.6928406466496235,0.14434180138533823,0.16281755196272873,0.7621801722512488,0.5377128953758042,0.7230005654331472,6.0,0.35251023486310823,220,12,0.0,56.81071428571522,2.0,1.3207204375433599,1.7153454453984247,-0.3595076944820973,1.0895822848488423,0,VWAP_REVERSION,BUY,52410.3,52335.27,52560.36,2024-07-08 12:55:00+05:30
2,50.27370754403108,0.03965886196378741,-0.05725874171829117,-1,0.23649249089104843,0.39550635615928315,3.4926144626333873,0.506641366221959,0.3965844402263865,0.0967741935478595,0.7727272727272159,0.632218844983481,1.2949114422265326,2.0,0.7372995654126336,215,12,0.0,34.10000000000063,2.0,1.7202346041056427,2.4472140762392405,-0.09691760368179436,0.6429965836977565,1,VWAP_REVERSION,BUY,52538.95,52480.29,52656.27,2024-07-09 12:50:00+05:30
2,47.81503021407074,0.4495782286145291,0.0944260875260991,-1,-0.9163990083218735,0.7666866769606275,1.6317821911686599,0.5752773375575991,0.1917591125192766,0.23296354991995472,0.9206878582595811,0.6461916461901762,1.1835081524560267,2.0,0.1848525171878017,215,12,0.0,34.267857142857665,2.0,1.6612298071911715,1.7815528921261772,-0.35515214108739357,1.0044571792392023,0,VWAP_REVERSION,BUY,52161.25,52104.32,52275.1,2024-07-10 12:50:00+05:30
2,38.27627751054308,0.11820648186124298,-1.0364927765959597,-1,-2.228332824486618,0.3498665701277086,9.75551291857495,0.5608170844928844,0.06035283194046523,0.37883008356479336,0.7124362124361951,0.45566502462978276,0.7321911632101185,3.0,0.15771683183526888,125,11,0.0,75.58571428571408,2.0,1.4580608580608605,1.4010584010565705,-1.154699258455675,0.9374999999983521,1,VWAP_REVERSION,BUY,51852.1,51741.89,52072.52,2024-07-11 11:20:00+05:30
2,54.144010797377575,0.4200895516605749,0.6345843612648546,1,-0.2773440628604986,0.790802895004218,3.2400129487154734,0.5499999999980877,0.3142857142846958,0.1357142857136451,0.5238890745071835,0.540731995276133,0.7588148716965285,2.0,0.3081355150955985,230,13,0.0,53.44642857142857,2.0,1.2946541931172038,1.4884062813202206,0.21449480960387843,0.742115027827341,0,VWAP_REVERSION,BUY,51950.0,51880.81,52088.39,2024-07-11 13:05:00+05:30
2,59.419572360019004,0.0907162533626643,1.1115986190830935,1,1.6240871834309785,0.7196624855398067,6.953059475899477,0.5405105438395541,0.24084350721399148,0.21864594894534453,0.9238656754678148,0.4335620711161468,0.8531457897737453,-4.0,0.624558870708911,125,11,1.0,97.52499999999989,2.0,1.4975903614458386,3.2976159958951694,1.0208823657193826,0.844898724680369,1,VWAP_REVERSION,SELL,52560.5,52706.55,52268.39,2024-07-12 11:20:00+05:30
2,53.465931658833014,-0.3053650384280962,0.14220756092977863,1,0.7654396829329249,0.5212650280738869,5.97126462557885,0.788840262580319,0.0054704595185870696,0.20568927789890565,0.4648864668483617,0.45643793369253416,0.658901226504085,-2.0,0.5347289059992689,160,11,0.0,98.30357142857194,2.0,0.8415803814713789,1.3122615803801296,0.4475725993574195,0.7106204322800946,0,VWAP_REVERSION,SELL,52504.5,52587.23,52339.04,2024-07-12 11:55:00+05:30
2,51.63583297062691,-0.4181818978871911,-0.06804834214585873,1,0.9021922170171752,0.3687858311666468,6.182956122274501,0.6242514970040483,0.20359281437072618,0.17215568862223155,0.5440372309482494,0.6782752902144553,0.9420823568798595,-2.0,0.5216554379209883,185,12,0.0,61.392857142857146,2.0,1.4071553228621256,1.7607911576469044,0.3501335557407621,0.7298951048935324,0,VWAP_REVERSION,SELL,52496.35,52582.74,52323.57,2024-07-12 12:20:00+05:30
2,44.60378339987247,0.11243453776736946,-0.3578435614113293,-1,-1.1469864151390121,0.3441039738238172,3.5024781408004726,0.5714285714265307,0.12499999999955358,0.3035714285703444,0.6976330307884128,0.40209267563423995,0.8468354430379232,3.0,0.25463582488997266,275,13,0.0,40.13571428571335,2.0,1.1339918134899754,1.4600462715749327,-0.470278099177527,0.7532956685478851,0,VWAP_REVERSION,BUY,52424.1,52378.59,52515.13,2024-07-16 13:50:00+05:30
2,40.71012883301817,0.0811030119043786,-0.7880811215631598,-1,-1.7796968964482058,0.32999404564127455,7.117653698393065,0.6138613861369642,0.0,0.3861386138605605,0.5859318346628228,0.7607802874727263,0.6691201727267932,2.0,0.2253324002798645,160,11,0.0,68.94999999999969,2.0,1.216751269035492,1.8723712835361734,-0.8691841334662778,0.8206378224643338,1,VWAP_REVERSION,BUY,52281.35,52197.46,52449.14,2024-07-18 11:55:00+05:30
2,58.492738941457205,0.2295661753905422,1.0422193392204229,1,1.6193344804924814,0.7574120878939251,4.977013019977633,0.555961960496638,0.44403803950189885,0.0,1.0177080563679497,0.4389736477108877,1.0666807566311558,-2.0,0.7140857742675778,260,13,0.0,67.16071428571533,2.0,1.5517415580962206,3.1037490029201495,0.8126531638286706,0.9823225064659388,0,VWAP_REVERSION,SELL,52525.8,52630.02,52317.37,2024-07-18 13:35:00+05:30
2,41.788266954898646,-0.0404675549150664,-0.7263966712564278,-1,-0.2619547369172382,0.31367218518754586,4.6702361825315375,0.5123809523800041,0.447619047618195,0.03999999999989609,0.6296851574212854,0.5073649754492635,0.7238111355559083,2.0,0.37883008356531894,65,10,0.0,83.37500000000053,2.0,1.3233883058470857,1.880659670162685,-0.6859291163405387,0.840537944283008,0,VWAP_REVERSION,BUY,52419.5,52309.16,52640.18,2024-07-19 10:20:00+05:30
2,47.80633297591184,0.39456088556241886,0.029868092053756068,-1,-0.4053878525957849,0.5880235036899593,2.932328354306364,0.6558603491254614,0.019950124688302852,0.32418952618374197,0.6239857730354357,0.3610149942321396,0.6796953746221083,3.0,0.46611420138483456,165,12,0.0,64.2642857142855,2.0,1.02430810270096,1.173279982214495,-0.3646927935080953,0.9353860508491699,0,VWAP_REVERSION,BUY,52351.6,52285.77,52483.25,2024-07-19 12:00:00+05:30
2,40.83473003357991,-0.44965956238570204,-1.1136453129114023,-1,-2.1003805231574475,0.1771981452163846,3.142338121889847,0.4167636786950101,0.27823050058149773,0.3050058207211639,0.8933957358295105,0.45211389128472657,1.1472002262444232,2.0,0.26200476785099047,205,12,0.0,48.07500000000073,2.0,1.3792511700468355,3.65886635464655,-0.6639857505243191,0.7126265140191186,0,VWAP_REVERSION,BUY,52261.7,52195.39,52394.32,2024-07-19 12:40:00+05:30
2,52.312959233132375,-0.45798826361474443,0.1276864254336519,1,0.954859801332619,0.5701781627272459,8.171080393749024,0.5403422982873105,0.3740831295833174,0.08557457212692708,0.7199798818056177,0.4876088412585664,1.2749008844159826,-2.0,0.8397140012669249,100,10,0.0,56.80714285714411,2.0,1.4968313843833196,1.6203948195621072,0.5856746890473653,0.7724268177511443,1,VWAP_REVERSION,SELL,52338.45,52423.48,52168.39,2024-07-22 10:55:00+05:30
2,50.53279359039748,0.6985014257283171,0.36724092791671736,-1,-1.7252047419262735,0.6734963813720307,4.4398531883774845,0.4260471204183205,0.1210732984291586,0.452879581151212,0.5429166032181175,0.5719298245607516,0.5933673722302057,4.0,0.3648435554817508,285,14,1.0,140.7214285714295,2.0,1.3904928683822861,1.6632150652239435,-0.33126049781136435,0.7801490860811111,1,VWAP_REVERSION,BUY,51782.25,51586.58,52173.59,2024-07-23 14:00:00+05:30
2,55.02680616401909,1.1686191051223325,1.0121289647324072,-1,-1.0584233245748444,0.7981623886301353,4.84209753535076,0.6526986255442999,0.14146832048267832,0.20583305397235138,1.1116375638841622,0.4260471204183205,0.5429166032181175,5.0,0.44592912274873464,290,14,1.0,134.1714285714292,2.0,1.4941120102214236,2.5474872231667653,-0.1564901403898085,1.3146760687516086,0,VWAP_REVERSION,BUY,51879.95,51679.48,52280.88,2024-07-23 14:05:00+05:30
2,51.99839557259069,0.3131460890831287,0.3287470395956289,1,-0.7552137260858967,0.5787889155985343,4.802170326360592,0.6634699215338634,0.16521360069730645,0.17131647776795833,0.896043747558708,0.47483296213768755,0.891176137008052,3.0,0.3353584970699478,310,14,1.0,128.00714285714275,2.0,1.500703085765347,1.679984375870594,0.015600950512488068,1.2795626952238734,1,VWAP_REVERSION,BUY,51173.4,50981.3,51557.6,2024-07-24 14:25:00+05:30
2,47.4223660344686,-0.5622903671152898,-0.3297934301695617,1,0.9527466782050737,0.41132033135810336,3.719447411098276,0.5423728813545011,0.05649717514108102,0.401129943501593,0.8041538211910076,0.6573957016417786,0.8836578359400606,-2.0,0.5226355894216638,205,12,0.0,44.02142857142878,2.0,1.5549732273244214,1.7775434041822267,0.23249693694519993,0.9784411276921869,0,VWAP_REVERSION,SELL,50793.1,50861.55,50656.2,2024-07-25 12:40:00+05:30
2,54.60712309644868,-0.0930636614252804,0.3883998687975363,1,1.9891677875993912,0.6438940801478549,3.4950231671631387,0.4590818363264423,0.4510978043903012,0.08982035928126045,1.0782475019216038,0.3715277777770101,0.9622146209529511,-2.0,0.7138054683996654,315,14,0.0,46.46428571428415,2.0,1.3450422751730293,1.6991544965374596,0.48146353022178046,1.2770838643862432,0,VWAP_REVERSION,SELL,50878.4,50940.9,50753.41,2024-07-25 14:30:00+05:30
2,43.1303013947122,-0.1719068731808825,-0.8574814161188979,-1,-1.2582062461484425,0.2760666889526774,6.918478771675874,0.46395641240531577,0.46060352053606907,0.07544006705777691,0.6323042268450798,0.6603954081628347,0.8561789426470623,2.0,0.43371195699294174,205,12,1.0,188.67500000000032,2.0,1.1369683317874726,3.603816085860039,-0.6855745429376522,0.6304830356195581,0,VWAP_REVERSION,BUY,51687.15,51472.63,52116.19,2024-07-29 12:40:00+05:30
2,45.20493477509361,-0.00869593210165326,-0.49207314513649947,-1,-1.2585314299234518,0.39914804188968556,6.873259100953502,0.7203482045694942,0.23286180631090586,0.046789989118511725,0.5073743986118481,0.8131801692856233,0.3999309153713168,2.0,0.4060955518945322,245,13,2.0,181.1285714285706,2.0,0.8894944396245751,1.4693982175242049,-0.48337721303457937,0.8921463935531341,0,VWAP_REVERSION,BUY,51655.3,51494.19,51977.53,2024-07-29 13:20:00+05:30
2,43.230868760708574,0.16238897019784754,-0.9015016351109748,-1,-3.4405066318010267,0.3170068487821004,5.515312782192714,0.9723520249213955,0.0,0.027647975077825775,1.2479433510361637,0.5053161723553216,0.8968632371393448,2.0,0.23072921182691586,310,14,1.0,102.88928571428447,2.0,1.9310944496511668,2.250477281402914,-1.0638906053077883,1.0861106411765487,0,VWAP_REVERSION,BUY,51453.05,51254.36,51850.43,2024-07-29 14:25:00+05:30
2,59.14804768309302,0.35052914865812457,0.9153372956729006,1,-0.294280436842352,0.6033705934550119,6.816129845587798,0.7075835475569147,0.2924164524417999,0.0,1.0981499218631412,0.7714570858268549,0.7129860228716544,2.0,0.4231934227605103,60,10,0.0,70.84642857142742,2.0,1.4804506729848304,2.0029238292051685,0.5648081470139787,1.2392481682044434,0,VWAP_REVERSION,BUY,51743.85,51638.97,51953.62,2024-08-01 10:15:00+05:30
2,52.12705266030055,0.3856284097184273,0.31350547718903005,-1,-0.7199884341939443,0.7046746435147514,3.3314106703460373,0.6652719665251923,0.2384937238487496,0.09623430962326868,1.024390243902581,0.43376623376428286,0.5441696113074125,2.0,0.360782990212502,275,13,0.0,34.996428571429405,2.0,1.1072456373098045,1.9659148892688345,-0.07212293252919118,1.2641043723510872,0,VWAP_REVERSION,BUY,51687.75,51649.0,51765.25,2024-08-01 13:50:00+05:30
2,48.522836244763425,-0.610895646373288,-0.3217777240836362,1,1.2019300604206233,0.27392176492114956,2.728712542843891,0.436399217220208,0.5244618395293782,0.03913894324845681,1.0225843339050722,0.4262295081950087,0.4983587424320161,-2.0,0.7462018730487582,180,12,0.0,49.97142857142795,2.0,1.0825614636935534,1.9120926243528853,0.2891179222890733,1.2835970861560237,1,VWAP_REVERSION,SELL,51446.4,51500.5,51338.21,2024-08-02 12:15:00+05:30
2,60.09568712582865,0.5226862360160108,1.1681525223287597,1,2.658646463100319,0.8546270226140538,4.48890767067211,0.49835706462101725,0.19277108433698473,0.3088718510398074,0.9781893319048426,0.4556213017742467,1.1215041870753133,-2.0,0.8579245464143496,270,13,0.0,46.66785714285652,2.0,1.685673834851251,3.5870513507230855,0.6454662863113656,0.8106908186808931,1,VWAP_REVERSION,SELL,51534.7,51613.37,51377.37,2024-08-02 13:45:00+05:30
2,36.25143298658948,0.21095692296278676,-0.9784992391634543,-1,-2.26348751045772,0.43363651942171405,5.339791608267476,0.6729559748418882,0.0321453528999659,0.2948986722567483,0.7183219792039719,0.4206204379554676,0.5500627352572409,2.0,0.23768778258542422,170,12,0.0,99.60714285714286,2.0,0.9267479383291961,1.2569379705975627,-1.1894561621250468,1.0256594036682047,1,VWAP_REVERSION,BUY,49963.55,49871.24,50148.17,2024-08-05 12:05:00+05:30
2,39.003852321031616,0.4172352065451316,-0.6401539653786532,-1,-1.967415207559326,0.5182662117508211,4.775929000288991,0.4768656716410358,0.1440298507460754,0.3791044776113962,0.6931461296877887,0.6729559748418882,0.7183219792039719,3.0,0.2662744907384615,175,12,0.0,96.66071428571429,2.0,1.2561056715314638,1.2559394051344999,-1.0573891719226909,1.0131559050339995,0,VWAP_REVERSION,BUY,49992.95,49871.53,50235.78,2024-08-05 12:10:00+05:30
2,41.33795614673659,0.2959020308887707,-0.6611495052905683,-1,-3.4196600665849504,0.4499633289358639,3.0870414293486244,0.5936207914936772,0.32191376255129756,0.08446544595384389,1.384381753402262,0.3758802816894342,0.9617221987059746,2.0,0.1841606300743665,230,13,0.0,61.1464285714293,2.0,1.7419601658781936,2.087611704920363,-0.9570515361777738,1.3031096059093055,1,VWAP_REVERSION,BUY,49908.5,49801.99,50121.53,2024-08-05 13:05:00+05:30
2,38.84992019068784,-0.7274830223454852,-1.5275905635942033,-1,-2.8438533338385663,0.17020358012786993,8.367195231716792,0.4490140845065199,0.5211267605627931,0.029859154929560216,0.9416088818157685,0.3517899761333018,1.1088846880907373,2.0,0.16308243727596572,95,10,1.0,94.25357142857163,2.0,1.4516729187980777,3.6619302034745806,-0.8001075412478691,0.8188024725520565,1,VWAP_REVERSION,BUY,50035.0,49898.17,50308.65,2024-08-06 10:50:00+05:30
2,51.16496495990717,0.3585308432042483,0.21864194128704273,-1,-0.7482500174349037,0.5867069434655603,4.48111105506993,0.702505219205223,0.061586638830706496,0.2359081419619828,0.5318634254669636,0.6675925925914102,0.5686562112151654,2.0,0.3600870455708721,140,11,0.0,90.06071428571418,2.0,1.313625728675139,1.9503509537195485,-0.1398889019170502,0.5999498997988594,0,VWAP_REVERSION,BUY,50188.9,50070.59,50425.51,2024-08-06 11:35:00+05:30
2,53.08379123750627,0.5080778386340646,0.5267674604430935,1,-0.48803239847371244,0.7746062132871895,4.141883674697685,0.5746268656702177,0.03109452736310898,0.39427860696418565,0.5814950663842126,0.640957446806668,0.5179063360882337,3.0,0.3880568356374308,165,12,0.0,69.13214285714275,2.0,1.3975151108125594,1.3155964250639245,0.01868962180900179,0.8073910423762933,0,VWAP_REVERSION,BUY,50210.75,50114.14,50403.98,2024-08-06 12:00:00+05:30
2,52.526148297849524,0.3855013948412547,0.3503247109060048,-1,-0.45404382223872464,0.5238994926505992,5.951277950563236,0.4158204168888443,0.4762159273111053,0.1079636557989814,0.9714073799369856,0.6530131826735889,1.0801700025427456,2.0,0.3385595296422658,75,10,1.0,96.30357142857143,2.0,1.5334878546263309,2.256406452806884,-0.03517668393521338,1.0687764195121183,1,VWAP_REVERSION,BUY,49954.95,49807.27,50250.31,2024-08-07 10:30:00+05:30
2,45.4155038396154,-0.3647435421619533,-0.6454090626732943,-1,-0.8028173037019144,0.1952296829476483,3.323009747423332,0.4945848375445223,0.187123947051558,0.31829121540271627,0.762335364654994,0.7430061640581668,0.9977022369398997,2.0,0.39190897597965757,60,10,1.0,109.00714285714223,2.0,1.3797326518576942,3.0988794967536397,-0.28066552051108357,0.6622041596934634,1,VWAP_REVERSION,BUY,49969.1,49818.7,50269.9,2024-08-08 10:15:00+05:30
2,51.94333991684488,-0.8102738243378956,-0.026903583172915368,1,1.5114282498260199,0.4749616015982495,4.401523283618113,0.7625779625773648,0.19209979209962025,0.04532224532218343,1.602951678171864,0.5778597785969545,0.9667719906227645,-2.0,0.7307534975045805,210,12,0.0,75.01785714285714,2.0,1.9922161390146147,2.2661271125892193,0.783370241163936,1.686299256763888,1,VWAP_REVERSION,SELL,50276.2,50425.65,49977.3,2024-08-08 12:45:00+05:30
2,55.855727310879104,0.29613596380396773,0.6082318755532254,1,-0.4659582368616297,0.382841472489144,4.069819259822655,0.41184041183936715,0.2548262548256459,0.3333333333324129,0.6534118212397686,0.8916827852981039,0.7703687935713508,2.0,0.3965141612199211,105,11,0.0,59.45714285714244,2.0,1.2234983181162142,1.7289764536252163,0.3120959117487328,0.73150065900821,1,VWAP_REVERSION,BUY,50513.85,50441.1,50659.34,2024-08-09 11:00:00+05:30
2,64.38028507758622,0.301451481981478,1.5547984946720934,1,3.1417176178865747,0.7323377670267588,10.039848832550632,0.41119860017463405,0.027996500437396432,0.5608048993870945,1.4490627546861674,0.6244041944696822,0.6286276859858381,-2.0,0.8492969781712347,130,11,0.0,78.87857142857163,2.0,1.329738295752969,2.0423797880984464,1.2533470126890265,1.5837605653295748,0,VWAP_REVERSION,SELL,50695.9,50800.79,50486.12,2024-08-12 11:25:00+05:30
2,57.26011279913525,-0.35957456896788087,0.5779725071843616,1,2.24834637354202,0.5945911218878254,7.975015570113894,0.5198744769863771,0.3859832635974932,0.09414225941403759,0.6424422790764056,0.4800569800555908,0.4638036809815727,-5.0,0.7578652994638794,145,11,0.0,74.40357142857154,2.0,1.1886574185186745,2.165218643495363,0.9375470761509823,0.7722132471715414,0,VWAP_REVERSION,SELL,50637.05,50725.49,50460.17,2024-08-12 11:40:00+05:30
2,54.14231324044054,-0.5076308311126874,0.20094939865805092,1,2.3521287086802563,0.3748317144656209,3.7264713415339696,0.6824769433448009,0.2028985507240419,0.11462450592852215,0.6564527089639343,0.6525172754181526,0.8396684428656251,-3.0,0.7641575390350672,175,12,0.0,57.810714285714184,2.0,1.7190770371285709,1.8128127509699208,0.7085802297695126,0.7358929610223925,0,VWAP_REVERSION,SELL,50641.1,50740.48,50442.34,2024-08-12 12:10:00+05:30
2,37.99443939711502,0.09231560901537691,-1.0140831167973023,-1,-0.8050866446215242,0.3464824725752727,5.056078511468877,0.6156351791517843,0.1802388707921476,0.2041259500538965,0.6989754431614301,0.5661820964031248,0.9288796385603152,2.0,0.23763715617008507,95,10,0.0,65.88214285714223,2.0,1.2998698975443892,1.432102780937808,-1.1063987258109997,0.8609085810415273,0,VWAP_REVERSION,BUY,50305.65,50220.01,50476.93,2024-08-13 10:50:00+05:30
2,43.78614991045827,-0.1325804133054496,-0.6839112704577512,-1,-0.7422971181393865,0.30789896537795114,2.9528911233759416,0.4628450106137505,0.33970276008344125,0.19745222929856202,0.506879852409935,0.6720955483154815,0.8252160000000598,2.0,0.2368680236374856,130,11,0.0,46.460714285714076,2.0,1.0857790760243557,1.7423322315282113,-0.5513308571511151,0.6102617258341889,1,VWAP_REVERSION,BUY,49726.8,49676.35,49827.69,2024-08-14 11:25:00+05:30
2,56.77039726002951,0.616548778833369,0.741174805195054,1,-0.10413494889505256,0.5002169275911219,5.78570977976746,0.8482293423261915,0.050590219224228086,0.10118043844845617,0.9923499880468054,0.4801670146131201,0.7708636677139717,2.0,0.406401652039143,90,10,1.0,89.63571428571595,2.0,1.7131962706190942,2.2457566339921446,0.12462602636154595,1.0458553791874485,1,VWAP_REVERSION,BUY,50002.85,49849.29,50309.98,2024-08-16 10:45:00+05:30
2,55.126642048867275,0.9975071329864874,0.7481797552043595,-1,0.16702373450956537,0.6990760737279156,4.058635980499638,0.6600790513827768,0.29468599033793474,0.04523495827841017,2.0086956521738872,0.4964028776964132,0.631736138163876,2.0,0.374181222707316,120,11,0.0,56.67857142857143,2.0,1.9005040957781099,2.697668557021101,-0.24932737778168793,1.940184049076462,0,VWAP_REVERSION,BUY,50498.95,50391.23,50714.39,2024-08-19 11:15:00+05:30
2,51.4879972322757,0.6189742811887882,0.31135591085144476,-1,-0.4694311325862611,0.5305635880216782,4.37329901705555,0.6501547987606181,0.31269349845160294,0.03715170278623093,1.25367341280841,0.7943760984153125,0.5735474116208035,2.0,0.28392672858608786,240,13,0.0,51.52857142857101,2.0,1.4662323260326122,1.758247851396629,-0.3076183703367463,1.408327883144934,0,VWAP_REVERSION,BUY,50450.7,50375.15,50601.81,2024-08-19 13:15:00+05:30
2,49.591958742825696,0.5475526826812593,0.16219662647445743,-1,-1.484102582226015,0.5652005725518399,3.255149258848417,0.5953757225416149,0.13150289017311997,0.273121387282375,0.7703562340966561,0.47716346153738765,0.8840315725562825,3.0,0.19192271880814288,310,14,0.0,44.914285714285924,2.0,1.3501590330788444,1.8346055979603157,-0.3853560562059439,0.8815286624180664,0,VWAP_REVERSION,BUY,50381.1,50320.46,50502.38,2024-08-19 14:25:00+05:30
2,58.698789165407625,-0.4713407870036237,0.6052042586296275,1,3.214842674984052,0.5025577406853906,4.016938394151647,0.4799999999987305,0.15272727272697303,0.36727272727187216,1.0595358224016231,0.507172995779661,1.5689426896160694,-2.0,0.8807647157469625,205,12,0.0,38.932142857142544,2.0,1.9262544720667962,2.215393083197703,1.076545045630486,1.056879323594517,0,VWAP_REVERSION,SELL,50923.8,50998.79,50773.81,2024-08-20 12:40:00+05:30
2,56.23414571167151,-0.4137632102288909,0.3155303217329002,1,3.1119877049179605,0.48440845303546015,2.7485074896724537,0.5613608748466973,0.014580801944035613,0.424058323206837,0.9837773224043966,0.4371395617061427,1.0731146671381426,-2.0,0.8916267942582355,245,13,0.0,41.82857142857184,2.0,1.2284153005463376,2.0416666666618,0.7292935319600475,1.004148365053703,1,VWAP_REVERSION,SELL,50957.65,51009.03,50854.88,2024-08-20 13:20:00+05:30
2,45.53602213635086,-0.748197253890971,-0.8342702892656328,-1,1.8568479705616312,0.103980248927562,3.356204448351642,0.46554149085647606,0.06188466947954984,0.47257383966116107,1.0476791916640988,0.7194357366751288,0.9323590814194399,-2.0,0.8165071770333695,300,14,0.0,33.93214285714358,2.0,1.345132091358816,2.138090727285603,-0.08607303537440812,1.002538071063187,1,VWAP_REVERSION,SELL,50910.55,50956.19,50819.26,2024-08-20 14:15:00+05:30
2,53.09747599495083,-0.3503685826823906,0.10345804648485683,1,1.3521761077720378,0.4338320479863417,2.3894557013608724,0.6328903654465297,0.14285714285653012,0.224252491693618,0.8475462590506602,0.5086887835686236,0.886643321660897,-2.0,0.7610016571530958,250,13,0.0,35.51428571428499,2.0,1.284030571198882,2.452534191465348,0.4538266291659695,0.9741100323593059,0,VWAP_REVERSION,SELL,51001.1,51046.7,50909.9,2024-08-22 13:25:00+05:30
2,44.38014549861494,-0.9068007585244724,-1.0021248795851487,-1,0.19628096004906978,0.05770621075073073,3.0281859222138623,0.4534746760884799,0.22850412249646418,0.3180212014127002,1.2304347826086297,0.7984693877511618,0.5870146539736563,-3.0,0.6226580283660964,310,14,0.0,34.49999999999948,2.0,1.7913043478259874,2.120289855066392,-0.09532412106040002,1.15856986899241,1,VWAP_REVERSION,SELL,50972.25,51034.05,50848.65,2024-08-22 14:25:00+05:30
2,50.26817639251007,-0.3200068004418082,-0.043320415182468666,1,0.324847754180974,0.48235298513743796,2.9134821721197515,0.5533333333314404,0.09333333333311924,0.3533333333321071,0.7790039877584856,0.6917098445577441,0.9701104030158203,-2.0,0.5554279149911796,135,11,0.0,38.51071428571543,2.0,1.3061578410460188,1.48140591671676,0.27668638525862105,0.9442870632642264,1,VWAP_REVERSION,SELL,51001.75,51052.05,50901.15,2024-08-23 11:30:00+05:30
2,61.20478958623576,-0.5256985919980485,0.6793602536152653,1,-0.19646426786620874,0.5836257360800093,10.61343389597888,0.5907441016323901,0.0526315789473007,0.35662431941849426,1.101449275362269,0.6517857142838459,0.6360194699837362,-4.0,0.6268045259459003,75,10,0.0,50.02500000000094,2.0,1.6162418790606023,2.3048475762071563,1.2050588456109048,1.343902439021077,1,VWAP_REVERSION,SELL,51222.2,51303.05,51060.49,2024-08-26 10:30:00+05:30
2,50.58496996875997,0.050567301460622965,0.11508113102705476,1,0.48450270071544393,0.5821878887527487,3.345553067483093,0.8534936138229002,0.07137490608554732,0.0751314800900498,0.7904471027402474,0.6946442845713499,0.7707609030497087,-2.0,0.6266768292681105,55,10,0.0,84.19285714285797,2.0,1.554398914057794,3.2960040722790764,0.06451382956635517,0.6459910696945463,1,VWAP_REVERSION,SELL,51143.65,51274.52,50881.91,2024-08-27 10:10:00+05:30
2,60.61962830655464,0.24385070230819236,1.1252087002538642,1,2.072855767535903,0.762785688755542,5.934054562743854,0.5630413859468958,0.2550529355144058,0.18190567853677345,0.7337200504414343,0.6503378378366913,0.7875332573166774,-2.0,0.8073296185167699,150,11,0.0,70.8035714285704,2.0,1.369709962168887,2.1842118537169153,0.881357997944427,0.7523533671242293,1,VWAP_REVERSION,SELL,51314.8,51411.78,51120.84,2024-08-27 11:45:00+05:30
2,51.969808329568714,-0.2674306792373842,0.10019440873034627,1,0.08304469215100406,0.6172372800766845,4.3140596992380695,0.6661538461518411,0.09230769230740828,0.24153846153767355,0.5730839473518399,0.40364789849255434,1.066578057032415,-4.0,0.6624296350097381,65,10,0.0,56.71071428571512,2.0,1.354613010894922,1.7774419043989313,0.36762508796708215,0.714599824096929,0,VWAP_REVERSION,SELL,51211.1,51287.92,51057.46,2024-08-29 10:20:00+05:30
2,52.510581696853926,-0.2057424000926374,0.176792422755092,1,0.20734484789612365,0.607449518980313,5.177539197720296,0.5416204217524021,0.38401775804580224,0.07436182019957585,0.9174485417121683,0.7481481481445256,0.4090909090909048,-2.0,0.7069184674048544,80,10,0.0,49.10357142857226,2.0,1.0225398210779317,1.6088442795806661,0.38253482284695034,1.0153256704958349,1,VWAP_REVERSION,SELL,51223.35,51273.56,51122.93,2024-08-29 10:35:00+05:30
2,52.98683895488332,-0.4487351557506337,0.18753872477004835,1,0.9512029032447572,0.6055674985561662,5.916077828219622,0.4532710280361573,0.0712616822428873,0.4754672897186189,1.0947291495387637,0.5494071146234935,1.3178308994511867,-4.0,0.6909625275530837,215,12,0.0,39.09642857142847,2.0,1.9377637708961049,3.2100118753914506,0.6362738805190546,0.9342938223075514,1,VWAP_REVERSION,SELL,51263.8,51339.56,51112.28,2024-08-29 12:50:00+05:30
2,53.037649479163626,0.052120098696576515,0.33329829465053656,1,0.26511159897552095,0.6860568057706038,3.0040516751811905,0.4150612959705377,0.16987740805542204,0.4150612959705377,0.8774972557627917,0.8475409836037309,0.933435348125499,-2.0,0.271169149153138,135,11,0.0,32.53571428571325,2.0,1.2694840834246568,2.4403951701350985,0.28117819595309584,0.8282564548858212,1,VWAP_REVERSION,SELL,51400.9,51442.2,51318.29,2024-09-02 11:30:00+05:30
2,53.747639494498294,0.6033020871737288,0.4870129205280693,-1,-0.0987906213611957,0.750826659732298,2.4401031018748127,0.7195357833627714,0.08897485493207515,0.19148936170128508,0.6751865671641412,0.587121212119751,0.9973913825672054,2.0,0.25519915403584564,230,13,0.0,38.285714285714285,2.0,1.7311567164178996,1.6912313432791646,-0.11628916664535574,0.6847682119187037,1,VWAP_REVERSION,BUY,51368.2,51301.92,51500.76,2024-09-02 13:05:00+05:30
2,60.905477210286605,0.20758597805455664,1.106626906670724,1,1.7690634958891989,0.7488673933730162,6.265115387408665,0.4201127819540357,0.08646616541347361,0.493421052630611,1.0770788141721779,0.5911745619719931,1.6040148698885537,-2.0,0.6011632005637549,310,14,0.0,49.392857142857146,2.0,1.755097613882918,3.948951554583531,0.899040928614347,0.9910581222038929,1,VWAP_REVERSION,SELL,51466.35,51553.04,51292.97,2024-09-02 14:25:00+05:30
2,53.96913648777214,0.7322699490488622,0.562282885958936,-1,0.27534235976787585,0.709073060658093,2.758015263371419,0.6781354051039019,0.16426193118725296,0.15760266370662535,0.9759381044486591,0.6631853785888482,1.278086763070169,2.0,0.5843062200954479,170,12,0.0,46.160714285713766,2.0,1.8384912959381476,1.89880077369033,-0.1699870630895579,1.1137206427660291,0,VWAP_REVERSION,BUY,51392.7,51307.83,51562.43,2024-09-03 12:05:00+05:30
2,44.18935967861344,0.662842427870896,-0.1560043458719718,-1,-1.7883347872444766,0.6605533604234289,3.025448082000541,0.4349845201223179,0.4164086687294586,0.14860681114512747,0.8327808471455742,0.6901408450685292,0.9850450450451443,2.0,0.17553390783060888,185,12,0.0,38.785714285713766,2.0,1.4213627992633227,2.21086556168862,-0.8188467737407565,1.0419354838676516,0,VWAP_REVERSION,BUY,50939.95,50884.82,51050.21,2024-09-06 12:20:00+05:30
2,47.02123389900203,0.7181488350254075,0.14276126323308042,-1,-1.702195512266818,0.9162018738485522,2.135848506982509,0.7210031347947533,0.23406478578838083,0.04493207941477591,1.388249922287837,0.39272271016199445,1.165326370757173,2.0,0.17899962532780908,205,12,0.0,34.46785714285631,2.0,1.7159983421409488,1.952543777841322,-0.5753875717906577,1.252617801043851,0,VWAP_REVERSION,BUY,50941.8,50882.65,51060.09,2024-09-06 12:40:00+05:30
2,61.33329310514777,0.67397193559978,1.4364330669898489,1,2.403831916106634,0.8475141739651326,5.93589931907609,0.4399999999991342,0.4304761904753428,0.12952380952361825,0.8043335521996035,0.6545784224829035,0.7852929210740611,-2.0,0.8325626036121087,265,13,0.0,65.27142857142879,2.0,1.5700153206390448,4.451411687452061,0.7624611313889008,0.5605979711686573,0,VWAP_REVERSION,SELL,50846.5,50948.98,50641.55,2024-09-09 13:40:00+05:30
2,59.67334769288883,0.1844588109258104,0.949434479919537,1,2.6497441508214328,0.7665240325374167,3.7088263636519794,0.407310704959893,0.09399477806759456,0.49869451696990136,0.8660959457276964,0.5328571428563192,1.606689072874757,-2.0,0.8134886572652746,260,13,0.0,44.22142857143054,2.0,1.8197544823129548,2.616378614111168,0.7649756689919966,0.802094240836053,1,VWAP_REVERSION,SELL,51289.95,51370.42,51129.01,2024-09-10 13:35:00+05:30
2,57.74978340338751,-0.14138616372910812,0.582815416265328,1,2.6078196107879523,0.6524748031449297,3.7527186995524477,0.5077081192178678,0.21068859198314815,0.2816032887969284,1.0747988006942113,0.4020771513340236,0.7689048239894961,-2.0,0.8479460453707302,285,14,0.0,45.264285714285506,2.0,1.24549471358686,1.8778601862038447,0.7242015799928361,1.240122355337074,1,VWAP_REVERSION,SELL,51304.0,51360.38,51191.25,2024-09-10 14:00:00+05:30
2,55.09898515042817,-0.054127923112793006,0.5739030993926925,1,1.2867531421547387,0.6788019671370356,7.02534486842534,0.49926035502885796,0.0458579881655921,0.4548816568040706,1.203535321421735,0.9999999999975124,0.7039839889925112,-2.0,0.7518463810928508,95,10,0.0,56.16785714285704,2.0,1.7067908692058393,3.037324346659543,0.6280310225043673,1.0731862200332092,1,VWAP_REVERSION,SELL,51327.75,51423.62,51136.02,2024-09-11 10:50:00+05:30
2,56.20868423720209,0.8177383132818786,0.7274278144904397,-1,0.0308741921643823,0.7919516800275632,2.395865289016731,0.6689814814782947,0.129629629629173,0.20138888888790274,0.7532693984306298,0.48300283285975754,1.250031617553893,4.0,0.6542142068455346,205,12,0.0,28.675000000000313,2.0,1.7983435047950067,3.2920662597967296,-0.09031049879112395,0.6920858699112445,1,VWAP_REVERSION,BUY,52099.2,52047.63,52202.33,2024-09-16 12:40:00+05:30
2,59.46353020664312,0.1851250098312443,0.8388310746368031,1,-0.3008795008644303,0.6844475571207633,6.0819433533708045,0.5901727861764935,0.3882289416842206,0.021598272138205955,0.64967801748978,0.38934911242559195,0.5927893167639634,2.0,0.5023913043477137,45,10,1.0,142.53214285714265,2.0,0.8598286100879855,1.9900774261430958,0.6537060648051002,0.8097236796075298,0,VWAP_REVERSION,BUY,53124.4,53001.85,53369.51,2024-09-19 10:00:00+05:30
2,47.27727867924189,0.09243270356028607,-0.3014320038161057,-1,-1.3736692800127928,0.4044905409795254,4.363252536536264,0.5770925110124235,0.1512481644637405,0.2716593245223675,0.8676738259919704,0.4668158090970152,0.7983161117489783,2.0,0.2131974673525492,200,12,0.0,78.4857142857145,2.0,0.9893338187113468,1.5977429923532753,-0.3938647073758899,0.9798561151064829,1,VWAP_REVERSION,BUY,52955.65,52878.0,53110.95,2024-09-19 12:35:00+05:30
2,51.19846777391854,0.5414778549627025,0.24779118866028038,-1,-0.805423218641301,0.5618993247912569,4.039118095407013,0.589258698940186,0.2904689863837892,0.12027231467451191,0.8644558617468283,0.5770925110124235,0.8676738259919704,3.0,0.30124653739606144,205,12,0.0,76.46428571428571,2.0,1.594815506772618,1.745913124705797,-0.29368666630203805,0.8990750816092069,1,VWAP_REVERSION,BUY,53000.15,52878.2,53244.04,2024-09-19 12:40:00+05:30
2,62.35303468970402,0.03102212272098954,0.9550638359941849,1,3.13939662104986,0.7099871517787762,4.515864691237906,0.6396797153013342,0.3549822064050289,0.005338078291857511,0.9532347952507448,0.45654565456440815,0.7737110894942364,-3.0,0.8693459884323222,225,13,0.0,58.95714285714244,2.0,1.4577659316693692,2.6171553186290186,0.9240417132716281,0.8734846129920575,1,VWAP_REVERSION,SELL,53623.8,53709.75,53451.91,2024-09-20 13:00:00+05:30
2,53.237061885298154,-0.004519341955170637,0.40874700922092116,1,0.3749211003196771,0.7260041188700787,4.208044402777715,0.6416040100233947,0.15914786967392666,0.1992481203001723,1.0236393622870137,0.6298157453914094,0.7801008026880485,-2.0,0.5367647058820898,205,12,0.0,38.97857142857122,2.0,1.455873190397691,2.405167674540296,0.4132663511750315,1.0600425079674831,0,VWAP_REVERSION,SELL,54057.6,54114.35,53944.1,2024-09-24 12:40:00+05:30
2,50.31652894298376,-0.5410983252264904,-0.11044061446961867,1,0.4857843964667968,0.48076104112426327,3.861272050124224,0.61558441558293,0.17922077922016252,0.20519480519431002,1.0752044683822157,0.5979999999977826,0.7040128733782643,-3.0,0.5942095588232403,255,13,0.0,35.807142857142544,2.0,1.5326750448834363,1.8278475962447838,0.430657710755669,1.252032520321191,0,VWAP_REVERSION,SELL,54070.1,54124.98,53960.34,2024-09-24 13:30:00+05:30
2,47.58943723806131,-0.6042057176660189,-0.4444721426951277,1,0.34562510108377537,0.3303046280517656,3.3792036814908863,0.5017667844503694,0.23851590105920334,0.2597173144868938,0.8238719068414214,0.5299145299130007,1.0263157894736354,-2.0,0.6198807157055247,220,12,0.0,34.3500000000001,2.0,1.5133915574961616,1.6666666666618097,0.15973357497042623,0.9580230196312685,0,VWAP_REVERSION,SELL,54166.8,54218.78,54062.83,2024-09-26 12:55:00+05:30
2,46.17940631753108,-0.591512723736936,-0.5456217863199881,1,0.09847690760259221,0.23920111342659017,2.9847106247835935,0.5081135902625424,0.3590263691676961,0.132860040567733,1.4185592436543546,0.3814616755778194,0.8397305677323499,-4.0,0.6039761431409187,270,13,0.0,34.75357142857216,2.0,1.4394306854381915,2.540746069255899,0.04589093741681577,1.4971150926161068,1,VWAP_REVERSION,SELL,54162.8,54212.83,54062.75,2024-09-26 13:45:00+05:30
2,51.61082986708124,-0.10210586186121935,0.09305447665963489,1,0.385972593441268,0.5208549332390329,4.031925101980529,0.4793103448257327,0.4258620689642495,0.09482758620656957,0.6200840015273075,0.5495495495481181,0.7018970189701753,-2.0,0.7010836845270035,70,10,0.0,46.76785714285662,2.0,0.921076746849793,1.3000381825095506,0.19516033852043693,0.6873666745658134,1,VWAP_REVERSION,SELL,54289.05,54332.13,54202.9,2024-09-27 10:25:00+05:30
2,41.733322809667165,-0.03203539374781445,-0.8724027607015723,-1,-1.4944866654699067,0.29469918570072795,7.547871213111385,0.5339652448648431,0.3688783570294355,0.0971563981041416,1.0606187541140075,0.38940520446022026,0.8852844381757823,2.0,0.2085279674211891,95,10,0.0,59.68214285714151,2.0,1.5585602297886982,2.322302674880943,-0.8403673669523497,1.1128691983102257,1,VWAP_REVERSION,BUY,52904.85,52811.83,53090.89,2024-10-01 10:50:00+05:30
2,48.373404274427344,-0.33894066884791396,-0.15680604052180738,1,-0.05952460588222452,0.477101175542984,2.6466887293813834,0.5734347571672341,0.10181392627260082,0.3247513165589948,0.6859321693759147,0.88957597173066,0.9298559568163625,-3.0,0.4739130434781394,55,10,1.0,124.57499999999969,2.0,1.8483443708609295,2.2825607063999276,0.1821346283259604,0.7269247128875425,0,VWAP_REVERSION,SELL,51839.95,52070.21,51379.44,2024-10-04 10:10:00+05:30
2,52.03205217875785,0.3984815157512023,0.34724723095750204,-1,0.19243899929901756,0.7486190333053349,2.5414723831820534,0.5119375573916259,0.2323232323230426,0.2557392102844132,0.9848201020606046,0.5780172413788371,1.0688429643280284,2.0,0.46908547356964153,40,9,0.0,110.57857142857132,2.0,1.6608810800335672,2.00626574510508,-0.05123428479365394,1.0024855012418386,0,VWAP_REVERSION,BUY,51589.45,51405.79,51956.77,2024-10-07 09:55:00+05:30
2,35.81697483766895,-0.4157213030910823,-1.490197060000817,-1,-2.3504945330525104,0.2079485739020694,6.52602840109136,0.42254273504224354,0.5464743589737991,0.03098290598288891,0.9858561540776275,0.45717732207424694,0.8921515873626098,3.0,0.18162202380949027,120,11,0.0,94.94285714285694,2.0,1.3855100812518695,2.1539271742378805,-1.074475756908603,0.9579367516109403,1,VWAP_REVERSION,BUY,51234.85,51103.31,51497.94,2024-10-07 11:15:00+05:30
2,42.69145012814534,0.11297292264787932,-0.5826600504865243,-1,-1.753163515083146,0.38557293852932695,4.152520944959822,0.44094955489554993,0.3270029673586968,0.23204747774456624,0.6682908864273787,0.4757019438440176,0.7284169124877005,3.0,0.18618695791837528,180,12,1.0,126.06785714285694,2.0,1.0364004646023528,1.5753420776779958,-0.6956329731338518,0.9889658410600033,0,VWAP_REVERSION,BUY,51151.45,51020.79,51412.76,2024-10-07 12:15:00+05:30
2,53.569783170907044,0.14422652742383452,0.5636342422040147,1,0.2612714839021693,0.605808374677151,6.006168290594807,0.6351791530940488,0.28697068403891995,0.07785016286637984,0.9753994190268712,0.8041333959597977,0.6241571386689957,-2.0,0.6711385385921259,40,9,2.0,157.37142857142837,2.0,1.2682552650690258,2.1274509803908264,0.4194077147799137,1.1166884911966342,0,VWAP_REVERSION,SELL,50841.2,51040.79,50442.03,2024-10-08 09:55:00+05:30
2,49.536399282467364,-0.7370149796428654,-0.36007933568012357,1,0.46023448424228564,-0.054097891854965094,1.6366563023427778,0.4821029082762601,0.022371364653195256,0.49552572706830744,0.6731203614068689,0.5006112469430999,1.22370037933435,-4.0,0.7798323278224905,170,12,0.0,66.40714285714213,2.0,1.6088738302677876,2.449284715495984,0.37693564396217427,0.6254372463961764,0,VWAP_REVERSION,SELL,50963.65,51070.49,50749.97,2024-10-08 12:05:00+05:30
2,64.0595482719005,0.828222038281318,1.6337171589544188,1,1.7816280241935698,0.8807560082370194,5.326679760014565,0.4719334719329751,0.35862785862746954,0.16943866943851588,0.6788306451613236,0.8646426312455355,1.1358924355947806,-2.0,0.7239631665356959,65,10,1.0,141.71428571428518,2.0,1.4643649193548163,4.45826612902915,0.8054951206725324,0.4773719730049428,1,VWAP_REVERSION,SELL,51412.65,51620.17,50997.61,2024-10-09 10:20:00+05:30
2,59.66934625417499,0.23455768048445613,1.0631547948482776,1,1.5289640984493105,0.7286574737279199,5.932898004573249,0.5262923351153702,0.4737076648837385,0.0,0.6730221298656576,0.5221712538222414,0.7990400349078343,-2.0,0.7844935129739536,105,11,1.0,166.7107142857151,2.0,1.136226140234369,2.6330041346199984,0.8285971143633245,0.8935255236115848,1,VWAP_REVERSION,SELL,51534.4,51723.82,51155.56,2024-10-09 11:00:00+05:30
2,43.37583789863929,-0.005364679992359231,-0.7757169056731338,-1,-1.2726410889391844,0.3012902894372623,7.524233065173386,0.5774647887317021,0.4131455399055983,0.009389671361525806,0.8179386957415874,0.4976019184646225,0.8056858956665862,3.0,0.30651197604786284,195,12,0.0,104.16428571428592,2.0,1.0101008023040798,1.896523349103256,-0.7703522256800349,1.0418195157727148,0,VWAP_REVERSION,BUY,51151.25,51046.03,51361.68,2024-10-09 12:30:00+05:30
2,49.759888702796175,0.014229227192877945,0.004037117382236388,-1,0.5917163220001973,0.5513724943571763,3.8339454509325503,0.8684895833311903,0.03776041666649111,0.09374999999971441,0.47108307045217773,0.6726504751833634,0.5799396351865503,-2.0,0.716249130131962,65,10,0.0,81.51428571428498,2.0,0.8961794602173497,1.3506834910603773,-0.010192109810629053,0.7631160572322211,1,VWAP_REVERSION,SELL,51478.45,51551.5,51332.35,2024-10-11 10:20:00+05:30
2,52.8645073197,0.05361542136672975,0.27254867981579467,1,0.07894608915467455,0.5129813812644433,4.537522570596413,0.4695121951209951,0.11890243902412602,0.41158536585284633,0.669680618346174,0.6576200417527515,0.9825161164289674,-2.0,0.49195987899999805,95,10,0.0,73.46785714285735,2.0,1.47951485100377,3.0775363375583704,0.21893325844876693,0.5999268381896933,1,VWAP_REVERSION,SELL,51862.5,51971.2,51645.11,2024-10-15 10:50:00+05:30
2,57.59814023752705,0.14556828391624435,0.8902463241064378,1,1.5213475901673807,0.7193338455503454,6.575340624501614,0.5361596009961886,0.13341645885250367,0.33042394014881393,0.9133653298625313,0.6407103825118565,0.8299991900866591,-2.0,0.6566656356323395,220,12,0.0,43.90357142856946,2.0,1.014504189376046,2.0522248434022012,0.7446780401884973,1.1881481481446359,1,VWAP_REVERSION,SELL,51911.05,51955.59,51821.97,2024-10-15 12:55:00+05:30
2,60.53017411643893,0.3790482765088514,0.8212583853363159,1,0.6908816461500581,0.8539018356534008,2.9632602306156066,0.47689463955474487,0.4177449168190641,0.10536044362249423,0.342219410807823,0.37159763313514627,0.5200228581476055,-2.0,0.8982521847687633,40,9,0.0,79.04285714285756,2.0,0.5124344840050294,1.8951744080944104,0.442210108826905,0.4367834652018806,1,VWAP_REVERSION,SELL,51999.0,52039.5,51917.99,2024-10-16 09:55:00+05:30
2,54.251083086773356,0.8758580234179957,0.6993476876534063,-1,-0.09908946547399135,0.7293679809958823,3.6207144931664494,0.48854961831801424,0.43256997455247403,0.07888040712442278,0.6280105010843935,0.8509036144553429,1.021201801603774,2.0,0.6072097378275322,185,12,0.0,31.28928571428592,2.0,1.4902522543089096,2.0997603013286463,-0.17651033576402528,0.641109298529797,0,VWAP_REVERSION,BUY,51905.75,51859.12,51999.01,2024-10-16 12:20:00+05:30
2,53.22312899680129,0.5565556593565436,0.5182120745556701,-1,-0.2500065048266064,0.8353159517285594,2.8202988792944743,0.6004415011013202,0.16997792494398675,0.22958057395027806,0.8132854578097743,0.7516129032234758,1.101942363844148,2.0,0.5808364544317943,225,13,0.0,27.849999999999064,2.0,1.572172351885277,1.610412926385602,-0.038343584800735867,0.9282786885208455,0,VWAP_REVERSION,BUY,51897.3,51853.52,51984.87,2024-10-16 13:00:00+05:30
2,36.022608348101784,0.34976771078588226,-1.0360586325303052,-1,-0.9312105891331418,0.3725230455950213,9.815585079318927,0.6692486444605455,0.06893880712621643,0.2618125484116888,0.833248812871722,0.8061366806125155,0.8876508820797994,2.0,0.23574529667145858,85,10,0.0,77.46785714285839,2.0,1.7858604951361587,2.4145498132834984,-1.3858263433143987,0.8747797804569174,0,VWAP_REVERSION,BUY,51402.1,51263.75,51678.79,2024-10-17 10:40:00+05:30
2,40.8131428325687,0.494915442536873,-0.5826728247207194,-1,-1.9222838249122292,0.46958865559561486,5.361762203884727,0.5605590062095803,0.4394409937873141,0.0,0.5837109931373323,0.6485714285701101,0.9233668341708627,5.0,0.16930572472592662,160,11,0.0,55.164285714285406,2.0,1.2873624239285082,2.6502654408860034,-1.077588267255639,0.716670376139022,1,VWAP_REVERSION,BUY,51282.3,51211.28,51424.33,2024-10-17 11:55:00+05:30
2,45.53499838151367,0.22539518555109223,-0.2534676651027079,-1,-1.8094538205530548,0.5797751802445104,3.9870865588326496,0.6641053787033258,0.20417124039464563,0.1317233808998332,0.969590998935607,0.5048275862055842,0.7911762413282533,2.0,0.15936919033269753,220,12,0.0,46.9785714285707,2.0,1.9700015204501695,2.8534286148640335,-0.4788628506527808,1.0793838862533,0,VWAP_REVERSION,BUY,51274.55,51182.0,51459.65,2024-10-17 12:55:00+05:30
2,52.974104063326166,-0.6544543392710249,0.07362850395291874,1,0.5957526601409648,0.49165179219534744,5.186306742343934,0.6722741433013066,0.17570093457920216,0.15202492211824503,1.0129835001352328,0.6731107205612411,0.7094447165694537,-4.0,0.7443762781184972,110,11,0.0,79.22142857142951,2.0,1.5232260391307724,1.8763862591266511,0.7280828432230245,1.2468924797991419,0,VWAP_REVERSION,SELL,51492.3,51612.97,51250.96,2024-10-18 11:05:00+05:30
2,63.620310857678106,-0.15406968893170195,1.113402663671702,1,4.310857321652113,0.6454906024416023,6.086854068212464,0.48030739673296,0.5052833813631299,0.014409221901988801,0.8504901960784904,0.48082010581945983,1.2405063291139256,-2.0,0.9057221558130159,230,13,0.0,61.19999999999917,2.0,1.4553921568627601,1.6642156862717892,1.267472352601333,0.9696348733216669,0,VWAP_REVERSION,SELL,51872.25,51961.32,51694.11,2024-10-18 13:05:00+05:30
2,49.696362113035235,0.0877744141397452,-0.0788133509013071,-1,-0.5157999985076593,0.4240386273499559,4.7078577657045075,0.4536928487685929,0.39507620164078905,0.15123094958944566,0.8019609159894836,0.785876993164601,0.40208040299624964,2.0,0.28243972081214186,100,10,1.0,106.36428571428561,2.0,0.8789268685783351,1.0957625411311573,-0.16658776504089567,1.2468937289851463,0,VWAP_REVERSION,BUY,52125.15,52031.66,52312.12,2024-10-21 10:55:00+05:30
2,47.79320142067658,0.48966389637869745,-0.07138408747715975,-1,-1.9079023869237244,0.6199129255607103,2.2076496405195467,0.7428256070632419,0.0,0.2571743929356544,1.711625396396987,0.41732283464462805,0.7735479660648003,2.0,0.142386713436872,230,13,0.0,52.932142857142544,2.0,1.978820592402682,1.9147156062307635,-0.5610479838547973,1.6007067137780648,1,VWAP_REVERSION,BUY,51978.5,51873.76,52187.99,2024-10-21 13:05:00+05:30
2,51.2915813695327,-0.40554530503680614,0.03427926238090447,1,-0.10724344227828632,0.5843277488811928,3.8121567556803675,0.7478500171993855,0.09597523219805733,0.15617475060186928,1.2943421429252853,0.4361968306915614,0.5587696814353462,-3.0,0.5373744886573525,55,10,0.0,112.29642857142815,2.0,1.7616735044366558,1.8638170657999824,0.43982456741731896,1.603242885504544,1,VWAP_REVERSION,SELL,52070.7,52268.53,51675.04,2024-10-22 10:10:00+05:30
2,53.08823412614372,-0.8735159163495527,-0.006990577553895498,1,0.4375355929790913,0.5051445688614836,8.630204636706967,0.8056737588640435,0.0,0.19432624113453806,0.9033498077979144,0.5967859751634857,0.8265482145937243,-4.0,0.631878557874654,115,11,0.0,78.04285714285705,2.0,1.6702910488741995,2.4979864543259813,0.8665253387945469,1.0940409683409564,0,VWAP_REVERSION,SELL,51568.15,51698.5,51307.44,2024-10-24 11:10:00+05:30
2,51.8948251940483,-0.4664394709203517,-0.08986719952725555,1,0.7920437535981042,0.25272737815065366,3.0686973359582357,0.7027707808547411,0.2732997481101262,0.02392947103261376,0.7679447322969921,0.4879649890579487,0.8493296163546321,-2.0,0.7012247714333738,175,12,0.0,51.696428571429614,2.0,1.2731951640760357,1.4662521588918362,0.3765722713923677,0.8354377104358707,1,VWAP_REVERSION,SELL,51608.35,51674.17,51476.71,2024-10-24 12:10:00+05:30
2,46.4424136818441,0.43752890298471997,0.031204667583972688,-1,-1.268332909999166,0.7165714062756733,2.83418018176646,0.4938169826867974,0.016488046166501683,0.48969497114505206,0.8626873253746652,0.6824385805264563,0.7754649463233235,2.0,0.17756612758733026,195,12,0.0,70.30357142857194,2.0,1.2813055626111898,1.3818643637267725,-0.4063242354001693,0.9973688538052901,0,VWAP_REVERSION,BUY,50628.9,50538.82,50809.06,2024-10-25 12:30:00+05:30
2,51.26353072900159,-0.7625448136766049,-0.2088340430587559,1,0.3910491329936908,0.48533934336779405,4.27451347576249,0.7118573797672941,0.22636815920375894,0.06177446102811776,1.6071581552519982,0.612244897958113,0.796064581231059,-2.0,0.7169614984389933,205,12,0.0,75.0392857142854,2.0,1.9283756127743485,2.2741421160314563,0.553710770617111,1.5370889625267166,1,VWAP_REVERSION,SELL,51425.95,51570.65,51136.54,2024-10-28 12:40:00+05:30
2,55.521208112213,-0.5391374386158191,0.327385425879007,1,2.8748616878563222,0.5283071332018926,3.9221440851282603,0.6512585812351152,0.1684210526314381,0.1803203661325314,1.3838498077358063,0.6664486592535301,1.0058265200638667,-2.0,0.7839258340023665,260,13,0.0,78.94642857142857,2.0,1.9746889843926794,2.2534268265070034,0.8665228644937285,1.125940430793436,0,VWAP_REVERSION,SELL,51815.85,51971.74,51504.06,2024-10-29 13:35:00+05:30
2,47.758861757172504,-0.15847802271794964,-0.25600753845186724,-1,0.1295269170144247,0.6315363616617068,3.52287394019488,0.5205696202523878,0.4359177215182486,0.043512658227781255,0.7923700353736299,0.8528301886784544,1.3369971620343295,-2.0,0.4602669404516539,110,11,0.0,79.76071428571387,2.0,1.9003850803743458,2.7262794967054655,-0.09752951573379533,0.8019286892515873,0,VWAP_REVERSION,SELL,51957.15,52108.73,51654.0,2024-10-30 11:05:00+05:30
2,54.31151366889647,0.17335247386192595,0.471467173132196,1,0.6099436918557556,0.7361421802364733,3.097253229929609,0.815415821499253,0.09634888438113762,0.08823529411758094,0.5163076002394014,0.7487562189045821,0.8372508182088761,-2.0,0.6959146427065428,50,10,0.0,95.48571428571553,2.0,1.2342010771992584,3.2533662477524006,0.2981146992699578,0.511995015058163,1,VWAP_REVERSION,SELL,51897.3,52015.15,51661.6,2024-10-31 10:05:00+05:30
2,50.85772142136272,-0.16450122186945368,0.08881414928577995,1,0.2043823707255488,0.604124784378215,3.152458284000655,0.6747211895898415,0.27509293680250185,0.05018587360579786,0.5732770103132238,0.815415821499253,0.5163076002394014,-3.0,0.5952548083670914,55,10,0.0,93.84642857143002,2.0,1.636020093617968,2.447083000339875,0.25331537115496366,0.7395189003426365,1,VWAP_REVERSION,SELL,51861.45,52014.98,51554.38,2024-10-31 10:10:00+05:30
2,39.2682457169911,0.18393181444410675,-0.87693819729899,-1,-2.990966576332469,0.4405435715166862,5.1538884098724385,0.5726495726479234,0.12250712250686148,0.30484330484236605,0.8878048780487553,0.5578124999982114,0.7847258714310817,2.0,0.06600257990538802,195,12,0.0,39.535714285713766,2.0,1.1408310749775314,2.6495031616916167,-1.0608700117404133,0.9669421487576267,1,VWAP_REVERSION,BUY,51112.85,51067.75,51203.06,2024-11-04 12:30:00+05:30
2,46.67815063603447,0.5733506503197545,0.06742950449165307,-1,-2.0993337473812512,0.876425042449148,1.8357020510901965,0.5296052631567821,0.11842105263119537,0.3519736842098295,1.1720212961262926,0.6591337099786128,0.7016517225107047,3.0,0.09208829009601699,230,13,0.0,38.90714285714213,2.0,1.468643289884343,1.5562695061460914,-0.5059211458268011,1.4148309028811263,1,VWAP_REVERSION,BUY,51131.05,51073.91,51245.33,2024-11-04 13:05:00+05:30
2,50.674207162224405,0.515816558967292,0.19601073354539095,-1,-0.17655086985850443,0.5440689393177508,3.124242951895073,0.49407114624458526,0.18626482213419426,0.31966403162023227,0.940177179070287,0.38258484744574855,1.3600426283012579,5.0,0.4564634673583376,170,12,0.0,107.63928571428498,2.0,1.8484322638442077,2.627293539929254,-0.3198058254216039,0.942535158795782,0,VWAP_REVERSION,BUY,51129.4,50930.44,51527.33,2024-11-05 12:05:00+05:30
2,47.85457717584673,0.1536864188033966,-0.13331128226644284,-1,-0.6188961238609366,0.44152568411689574,2.8037817848685247,0.4270270270266554,0.2896396396393918,0.28333333333305183,0.9196898857785462,0.38120950323898484,0.3925867603415572,3.0,0.3279723303069064,200,12,0.0,120.69285714285641,2.0,1.1965851926377422,1.763981771910735,-0.28699770106960165,1.0839843749989568,1,VWAP_REVERSION,BUY,51055.1,50910.68,51343.94,2024-11-05 12:35:00+05:30
2,57.88440487502426,0.47314255342112127,0.7389304971693373,1,-0.13937556624161973,0.44647679092307063,3.558084495315328,0.5287660862978535,0.38607115821318666,0.08516275548820294,1.9333054568262413,0.4419225634167367,0.57206764866346,2.0,0.41905687894978305,95,10,1.0,68.32857142857132,2.0,1.509366506376693,2.638720468321397,0.26578794374782705,2.072807155182656,1,VWAP_REVERSION,BUY,52314.7,52211.57,52520.97,2024-11-06 10:50:00+05:30
2,59.99559112666904,0.747967868784208,1.1037252053199251,1,0.2837398522746348,0.5991595324322951,3.2663503482011,0.4574036511145753,0.25253549695696503,0.2900608519264312,0.7577537465005674,0.5287660862978535,1.9333054568262413,3.0,0.5114244044723602,100,10,0.0,65.06071428571418,2.0,1.9344403579074367,2.771257616507727,0.35575733653517044,0.8472246090379352,1,VWAP_REVERSION,BUY,52343.2,52217.34,52594.91,2024-11-06 10:55:00+05:30
2,46.68185356295123,0.3279224731640339,-0.11014714047499564,-1,0.03341323511260394,0.5703709731354242,6.0298995168074665,0.47777777777713437,0.26319444444403844,0.25902777777743824,0.9036306588973614,0.6773957571314726,0.7948664700751643,-2.0,0.34863999999994655,110,11,0.0,79.6785714285709,2.0,1.6135813536530914,3.3384132675888396,-0.4380696136384797,0.8799804448779303,1,VWAP_REVERSION,SELL,51970.15,52098.72,51713.01,2024-11-07 11:05:00+05:30
2,45.37692629936928,0.3157002559395869,-0.3420611678687718,-1,-1.0645728779952686,0.4368877666690477,4.822573449843966,0.45138888888826195,0.39097222222159833,0.15763888888875077,1.2879320258097466,0.7775816416578419,1.0181001283697309,2.0,0.1872799999999747,175,12,0.0,55.90357142857153,2.0,1.7698396473520455,2.1733852935500595,-0.657761423807182,1.3281682346405903,1,VWAP_REVERSION,BUY,51869.3,51770.36,52067.18,2024-11-07 12:10:00+05:30
2,38.922657460143,-0.5910331429114835,-1.3512398915304484,-1,-1.4567107195299693,0.16985430625224873,4.4177398796282334,0.5585798816556204,0.11479289940797788,0.32662721893403485,0.5211453744493459,0.386894075403277,0.6088382261087353,2.0,0.19276704989392945,100,10,0.0,81.07142857142753,2.0,1.1651101321587027,2.8857268722432274,-0.7602067486180272,0.5948190905242904,0,VWAP_REVERSION,BUY,51645.55,51551.09,51834.46,2024-11-08 10:55:00+05:30
2,42.395089803172915,0.1448623804687136,-0.7966724969662007,-1,-2.0881808391360357,0.3615394543401694,3.7544392200690906,0.49999999999935146,0.4085603112834859,0.09143968871586555,1.4729803493450688,0.5097312326218816,1.0674109666477682,2.0,0.18258152704546377,180,12,0.0,52.34285714285787,2.0,1.8862991266375466,2.7157478165885487,-0.9415348774331155,1.1879815100136675,1,VWAP_REVERSION,BUY,51588.55,51489.82,51786.02,2024-11-08 12:15:00+05:30
2,52.06202444816361,-1.1455539747727803,-0.28411567193876613,1,2.618365206815798,0.2849030172651682,5.472572956210691,0.5169616519166623,0.0036873156342126924,0.47935103244765,1.1190756896958785,0.7554179566554112,1.2456613960663383,-2.0,0.7943406904356802,185,12,0.0,60.585714285714076,2.0,1.973378920066003,2.838127800042436,0.8614383028325923,1.0816847479242888,1,VWAP_REVERSION,SELL,51996.0,52115.56,51756.88,2024-11-11 12:20:00+05:30
2,41.13324274626523,-0.20768536693462092,-1.032108147388216,-1,-0.5779635012918932,0.2552964984921229,5.385635902460725,0.41834451901478087,0.1823266219235442,0.39932885905943777,0.757994186046567,0.5238095238086924,0.9152225796409561,2.0,0.627843803055961,310,14,0.0,58.971428571430025,2.0,1.2658187984496312,2.240915697670588,-0.8244227804521971,0.8197322574715011,1,VWAP_REVERSION,BUY,51848.9,51774.25,51998.19,2024-11-11 14:25:00+05:30
2,50.53656856746921,0.3679803689380567,0.21458984959573957,-1,0.275268735758414,0.70674239241336,1.5052951314473442,0.5225396825390375,0.04126984126978886,0.4361904761899038,0.6263136965290048,0.5714970059877642,1.6674749664793367,2.0,0.6317373103085708,40,9,0.0,125.73571428571346,2.0,1.6445094586149793,2.6639209225678924,-0.15339051934219514,0.5776424851459173,0,VWAP_REVERSION,BUY,51212.75,51005.98,51626.3,2024-11-13 09:55:00+05:30
2,45.79253277870779,0.5983738550773826,-0.14875669997110869,-1,-2.024190979699349,0.5677031006884719,4.102439760952953,0.4932432432427535,0.2920997920994601,0.2146569646567469,1.3932654011276773,0.5282669138081317,0.7888250652741209,2.0,0.16599576993925783,185,12,0.0,69.04642857142815,2.0,1.8089949826721645,2.1159675166782494,-0.7471305550474091,1.5154379332049839,1,VWAP_REVERSION,BUY,50742.3,50617.4,50992.11,2024-11-13 12:20:00+05:30
2,52.509291800475836,-0.05372267112448374,0.3347807668700085,1,0.3536556590363551,0.6596587472654222,4.105402663357801,0.47088465845409405,0.4843225083981375,0.04479283314664856,0.8530003752600726,0.5162538699682302,0.5858651292349346,-2.0,0.7590478977659249,75,10,0.0,104.68928571428685,2.0,1.114430457476147,1.3769317367707643,0.3885034379941212,1.140776699027609,1,VWAP_REVERSION,SELL,50438.3,50554.97,50204.96,2024-11-14 10:30:00+05:30
2,53.64880677638693,1.0665392813226646,0.7679931800642855,-1,-0.09649062968244969,0.6581074751318382,5.999883204893332,0.8273638968469177,0.0959885386817652,0.07664756446988442,0.7815411684728566,0.906931652931688,1.129791894852148,2.0,0.5007631135030156,165,12,0.0,89.3107142857147,2.0,1.95140160754998,2.204102851199169,-0.2985461012580449,0.8235016517215676,0,VWAP_REVERSION,BUY,50251.05,50076.77,50599.61,2024-11-14 12:00:00+05:30
2,52.28108409133392,0.4519401163249121,0.3539580787787077,-1,0.09791465744690568,0.5549788748181897,2.8259355094162975,0.6499999999990697,0.11301369862998217,0.23698630136957824,1.0786279683377142,0.4952702702696206,1.0646934895431777,2.0,0.5226925857497694,285,14,0.0,67.67857142857247,2.0,1.606385224274308,1.8839050131897996,-0.09798203754605961,1.002471848391906,0,VWAP_REVERSION,BUY,50264.7,50155.98,50482.14,2024-11-14 14:00:00+05:30
2,62.9338329433829,-0.061047812574804676,1.212575545043532,1,0.8827729654300213,0.6438292245268847,7.580066715537833,0.48582677165286986,0.23858267716488693,0.27559055118066833,0.8894447223611741,0.436657681939957,0.7125154328044373,-2.0,0.7341568206228284,90,10,0.0,71.39285714285766,2.0,1.100100050025022,2.1080540270105383,1.2736233576165528,0.9160415464499039,0,VWAP_REVERSION,SELL,50791.2,50869.74,50634.12,2024-11-19 10:45:00+05:30
2,59.10375132841287,-0.5088182449168241,0.735059827092343,1,2.0387849789764263,0.5271982235098424,4.562903557557766,0.9069462647419798,0.0,0.09305373525539894,0.91267942583736,0.6983050847433463,0.6764392760625714,-2.0,0.8503845030661279,160,11,0.0,41.79999999999979,2.0,1.516267942583677,1.9234449760719978,1.2438780720061913,1.0079260237754468,0,VWAP_REVERSION,SELL,50886.25,50949.63,50759.49,2024-11-19 11:55:00+05:30
2,50.34820215426333,-0.7805567483903159,-0.13917437981555625,1,2.0236043963763803,0.4624238265206849,5.617531813508995,0.9154501216534199,0.0,0.08454987834536351,1.1117229387045102,0.43724966622103656,1.0275858689794022,-3.0,0.6615224553493231,215,12,0.0,73.93928571428478,2.0,1.8467033763223286,1.8406994155411551,0.6413823685738922,1.1466034314392954,1,VWAP_REVERSION,SELL,50359.35,50495.89,50086.26,2024-11-21 12:50:00+05:30
2,60.36850289233292,0.3380457089453493,1.1799101830825887,1,1.5370665239636372,0.790600996846115,5.373686189903429,0.4684854186257259,0.3461900282212902,0.18532455315110236,0.7222168300494292,0.48079727758819846,1.3732951835957,-2.0,0.7973114691580208,180,12,0.0,73.59285714285632,2.0,1.5444336600989712,2.7923905658508423,0.8418644741360954,0.6900804985708436,0,VWAP_REVERSION,SELL,50926.4,51040.06,50699.08,2024-11-22 12:15:00+05:30
2,47.955074033520276,0.12669242017826404,-0.23659880781427173,-1,-1.0786634191084419,0.46292807118145834,4.545190966716979,0.6493506493484797,0.1428571428567128,0.20779220779156077,0.5411646586345725,0.830852503380688,0.5372870793518342,2.0,0.19838056680158372,130,11,0.0,56.91428571428748,2.0,1.063729919678684,1.6305220883504215,-0.36329122799189745,0.7250470809776411,1,VWAP_REVERSION,BUY,52110.0,52049.46,52231.08,2024-11-26 11:25:00+05:30
2,50.15346152612456,0.2943150931063847,0.1212066542803141,-1,-0.9891310962620962,0.6240278981823048,2.2429661904561318,0.5747126436766715,0.2413793103441277,0.1839080459766464,1.200788695366448,0.6024305555537572,0.809719851390572,3.0,0.21574448942866373,205,12,0.0,32.60357142857174,2.0,1.1995727900097477,1.6363238032592433,-0.1731084388255396,1.1507936507903698,1,VWAP_REVERSION,BUY,52119.65,52080.54,52197.87,2024-11-26 12:40:00+05:30
2,53.644146432437466,0.6302939216034307,0.5628048068243274,-1,-0.447333931100892,0.8173687740361227,2.2862007460346554,0.7924528301866857,0.20754716981079863,0.0,1.1887215636014061,0.5747126436766715,1.200788695366448,4.0,0.2458839406207411,210,12,0.0,33.439285714285816,2.0,1.5010466730747638,2.060450710236319,-0.06748911477890143,1.1428982173630546,0,VWAP_REVERSION,BUY,52136.4,52086.21,52236.79,2024-11-26 12:45:00+05:30
2,64.55937018880532,-0.022516685579168035,1.1606856883529708,1,0.6073792557402737,0.697986975878534,8.555446517912785,0.4363295880142068,0.15074906367004381,0.4129213483138767,0.7103087885985991,0.8073770491793365,0.996693250340371,-3.0,0.6717605455921541,65,10,0.0,75.1785714285709,2.0,1.828551068883557,2.0218527315887735,1.183202373930565,0.8178894164484446,1,VWAP_REVERSION,SELL,52630.25,52767.72,52355.31,2024-11-28 10:20:00+05:30
2,46.765241011611636,0.8448542282263606,-0.11253173323672234,-1,-1.705553833239962,0.4545508942741235,9.866034864300065,0.9197834645660083,0.0,0.08021653543300739,1.1991232507165523,0.5894179894167112,0.5042305053738818,5.0,0.2815593220338621,150,11,0.0,84.72857142857174,2.0,1.9854324734446018,2.4507671556201136,-0.9573859614619529,1.7448050832873263,0,VWAP_REVERSION,BUY,52230.35,52062.13,52566.8,2024-11-28 11:45:00+05:30
2,45.61262615075726,0.43048817376272364,-0.38360652267783507,-1,-2.309080177078172,0.531386558586368,4.993662824476571,0.8577777777767255,0.1060317460315929,0.036190476190411755,1.0846040334480986,0.4986072423390285,0.7268958202766941,2.0,0.214644067796585,170,12,0.0,72.60714285714337,2.0,1.537186424003927,2.370290211506782,-0.8140946964394374,0.9701860293199861,0,VWAP_REVERSION,BUY,52181.0,52069.39,52404.22,2024-11-28 12:05:00+05:30
2,50.339694962479065,0.743302876491823,0.27436099735828673,-1,-0.8645146520146232,0.5155788757048514,5.613640811452085,0.6024371667927158,0.0,0.39756283320576097,1.2023809523809539,0.7455319148922737,1.091790004645896,2.0,0.37209867541613073,195,12,0.0,54.600000000001145,2.0,1.948901098901122,2.2545787545746845,-0.4689418791326774,1.1763124887991656,1,VWAP_REVERSION,BUY,51912.55,51806.14,52125.37,2024-11-29 12:30:00+05:30
2,51.55387179418952,0.5257777655556111,0.4029998625529399,-1,-0.771318105268153,0.8197260578849161,2.75210248532925,0.5281501340468252,0.02546916890066096,0.44638069704983285,0.7431865082187895,0.4376731301927917,0.6855670103092332,3.0,0.3531413294445645,240,13,0.0,50.189285714286335,2.0,1.112168220308895,2.1110083256201317,-0.1227779030024265,0.7440654298807302,1,VWAP_REVERSION,BUY,51904.75,51848.93,52016.39,2024-11-29 13:15:00+05:30
2,56.68274408693505,1.1670920972081784,1.2157101535837365,1,0.17851783994547907,1.0588184880470513,3.1313865232298674,0.8196721311460647,0.0,0.18032786885220958,1.1434007469523635,0.5281501340468252,0.7431865082187895,4.0,0.46870822700196113,245,13,0.0,50.68214285714358,2.0,1.88366570361491,2.218730181096374,0.04861805637546218,1.2369263607231349,1,VWAP_REVERSION,BUY,51952.3,51856.83,52143.24,2024-11-29 13:20:00+05:30
2,49.744611777483414,-0.10279087891960308,0.0354187702490477,1,0.10653995143145703,0.5804605987415895,2.538981641370471,0.5148188803501951,0.23271130625630287,0.25246981339130664,0.9645314981472274,0.362226277371556,1.1888122724103858,-3.0,0.3414892365603254,205,12,0.0,47.2250000000001,2.0,1.576971942826963,2.5198517734197514,0.13820964916835812,0.8393219089721393,0,VWAP_REVERSION,SELL,51839.1,51913.57,51690.15,2024-12-02 12:40:00+05:30
2,49.33866360990442,0.7351700749886584,0.20415082882875538,-1,-0.49404237101827153,0.6112853930141349,3.572138299279448,0.5592203898043271,0.08395802098936121,0.35682158920481244,0.9724044569405087,0.7268643306366688,0.8128325508607472,5.0,0.34869987617861986,145,11,0.0,68.59285714285632,2.0,1.687628865979437,1.8923253150030337,-0.5310192461591289,1.3461150353151248,1,VWAP_REVERSION,BUY,53033.4,52917.64,53264.92,2024-12-05 11:40:00+05:30
2,64.35291715651081,0.027480337494546453,1.404059366888225,1,4.284952470736146,0.6243098143500004,10.45660471311746,0.7573011077528496,0.029204431017001542,0.21349446122813462,0.6552910676408439,0.5152116402110264,0.9129647200897009,-2.0,0.8622484168285266,245,13,0.0,75.76785714285663,2.0,1.477893000235709,2.17440490218899,1.3765790293918618,0.8277759253070963,0,VWAP_REVERSION,SELL,53537.95,53649.93,53314.0,2024-12-05 13:20:00+05:30
2,51.06378519189105,0.07406404968310801,0.15212836149809877,1,0.25241045300590215,0.5624155706162456,3.2410386212294306,0.7746130030955317,0.023839009287901926,0.20154798761594725,0.8765774322988379,0.369324126386112,1.3282642790494796,-2.0,0.619905347177982,80,10,1.0,184.2392857142851,2.0,1.5603291526935281,3.746486517919161,0.07806431181494841,0.5952600346464935,1,VWAP_REVERSION,SELL,53599.45,53886.92,53024.5,2024-12-06 10:35:00+05:30
2,50.29778405948837,-0.3441885732693671,-0.05519840013125448,1,0.24438432487541173,0.5341250094993063,4.422365988021431,0.609570041608003,0.016643550624170948,0.373786407766439,0.4348425451255696,0.8112991109831784,0.8969610112813692,-2.0,0.7033269760541487,120,11,2.0,165.80714285714203,2.0,1.3029035454271285,1.3654417783130242,0.2889901731379383,0.8471389965916556,1,VWAP_REVERSION,SELL,53658.5,53874.53,53226.44,2024-12-06 11:15:00+05:30
2,51.370198958907444,0.5321437720984526,0.3198355096279832,-1,0.15287020279346655,0.6417569005469103,2.135906457862829,0.6673596673582698,0.1954261954258253,0.13721413721382583,1.0312404287901795,0.3916518650080875,1.201066666666742,2.0,0.6504909232181012,270,13,0.0,46.64285714285662,2.0,1.7358346094945927,1.837366003058806,-0.2123082624700143,0.8417920896029901,0,VWAP_REVERSION,BUY,53621.1,53540.14,53783.03,2024-12-06 13:45:00+05:30
2,48.97138772205526,-0.12554957948205736,-0.08154786486905105,1,-0.011497371106788432,0.5140259873535327,3.931198278037569,0.7100656455126971,0.1422319474832638,0.14770240700185086,0.7438669922102804,0.7260556127688008,0.7400108873163268,-2.0,0.5121348641184367,100,10,0.0,61.435714285714184,2.0,1.6642367166607925,1.9882571793944166,0.04400171461293469,0.8830917874379914,0,VWAP_REVERSION,SELL,53502.6,53604.84,53298.11,2024-12-09 10:55:00+05:30
2,46.51926124439943,-0.42167129663143166,-0.4928748365254546,-1,0.28377595764045965,0.25023118342935824,2.6542381228679273,0.4587813620061127,0.22700119474255623,0.3142174432489416,0.9631760644420281,0.5374531835185904,0.6183622828783519,-2.0,0.5904836193446396,250,13,0.0,43.44999999999969,2.0,1.4659378596087493,1.6731875719178433,-0.0712035398938591,1.053625377641006,1,VWAP_REVERSION,SELL,53591.35,53655.04,53463.96,2024-12-09 13:25:00+05:30
2,48.73410618176937,-0.13177272841893298,-0.1659894639114511,-1,-0.16712194534155667,0.46855914035473634,4.013381067507753,0.5869822485193896,0.009467455621141596,0.4035502958571019,0.7665392341087122,0.4899732620313336,1.3693363844393864,2.0,0.5561976883218274,90,10,0.0,55.117857142858284,2.0,1.3192055983930597,2.410289639080628,-0.03421673549245605,0.6988091300021623,1,VWAP_REVERSION,BUY,53485.05,53412.34,53630.47,2024-12-10 10:45:00+05:30
2,47.128881021667475,0.371405569876114,-0.13976533686715975,-1,-1.3476707577982203,0.5100096736916759,2.912673434864013,0.5993377483434364,0.03476821192044731,0.3658940397344606,1.1361010345291218,0.8011782032377246,0.637430429826413,2.0,0.30689361702117707,280,13,0.0,53.164285714285406,2.0,1.783460970039003,2.403869407492387,-0.5111709067423122,1.0358429085902723,1,VWAP_REVERSION,BUY,53392.8,53297.98,53582.43,2024-12-10 13:55:00+05:30
2,53.431102472941745,0.23673315617735377,0.4328024766859366,1,0.735266028299244,0.7438010895408071,3.064727464723551,0.5905511810993976,0.17847769028789431,0.23097112860745883,0.3016285908164917,0.721825962908092,0.5293705162091183,-2.0,0.7813659175209093,100,10,0.0,63.15714285714213,2.0,0.8932594435649378,2.1897760687593277,0.1960693205082724,0.3986189579400591,0,VWAP_REVERSION,SELL,53481.2,53537.62,53368.37,2024-12-11 10:55:00+05:30
2,57.61515527921931,0.090512357051995,1.022533169881534,1,2.1870858077286686,0.7054659115928635,7.1905665004528725,0.5281090289590445,0.38160136286062984,0.09028960817691849,0.707289783974484,0.5991605456441159,1.0616694517387033,-3.0,0.7519514310492115,155,11,0.0,41.496428571428886,2.0,1.751949393235227,3.3954729322579422,0.932020812827293,0.5535646925677734,1,VWAP_REVERSION,SELL,53562.25,53634.95,53416.85,2024-12-11 11:50:00+05:30
2,46.10264775432657,-0.058799520672461095,-0.333358217186786,-1,-0.34308973907694384,0.40995305683990974,2.7229725423699307,0.4922440537736174,0.05377456049624086,0.45398138572807345,0.6807462161210696,0.6624999999981193,0.5131337813072747,2.0,0.5822559072668894,60,10,0.0,71.02499999999938,2.0,0.7814501935938446,1.2326645547325648,-0.2745586965139383,0.8821382959297539,0,VWAP_REVERSION,BUY,53396.9,53341.4,53507.91,2024-12-12 10:15:00+05:30
2,37.7514942349144,-0.47253902779081136,-1.4126133694572272,-1,-2.525468484286254,0.17246375363425062,5.350168265198267,0.6475409836046057,0.17349726775922025,0.17896174863344186,0.8275193798450676,0.5206812652040635,0.4599152745584463,2.0,0.18487145192444387,190,12,0.0,44.22857142857278,2.0,1.167183462532125,3.12015503875254,-0.9400743416642904,0.7396928051724042,0,VWAP_REVERSION,BUY,53263.2,53211.58,53366.45,2024-12-12 12:25:00+05:30
2,45.9988964609873,0.511512477821659,-0.18381960353943125,-1,-1.5852356749358463,0.44050292450975664,4.930120968882498,0.50555555555473,0.25238095238057484,0.24206349206310782,1.3359588003635172,0.6221198156668527,0.9719267375828362,2.0,0.24841234677292806,220,12,0.0,47.15714285714317,2.0,1.8833989700091172,2.1205695243820384,-0.6953320813596157,1.4928909952571772,0,VWAP_REVERSION,BUY,53283.0,53194.18,53460.63,2024-12-12 12:55:00+05:30
2,63.49533501810044,0.09514651814530038,1.4314109347486512,1,3.8904082876294512,0.6878802723705677,7.427850728056683,0.7215326497563448,0.2784673502425759,0.0,0.9485191956124363,0.5385487528338299,0.9044828596543002,-3.0,0.8585598474009645,240,13,0.0,97.67857142857247,2.0,1.5056307129798827,2.827129798900198,1.3362644166019828,0.9887940234781338,0,VWAP_REVERSION,SELL,53164.75,53311.82,52870.61,2024-12-13 13:15:00+05:30
2,52.866466454758424,-0.47230833866875743,0.03237526563252419,1,-0.093913596025673,0.45531312500580284,3.4397174224622207,0.7055808656028429,0.017084282460118064,0.2773348519359,0.8653900309771456,0.6904527559047848,1.0198609019860725,-2.0,0.5213068181816701,60,10,0.0,101.45714285714295,2.0,1.4769360743451896,1.9008025908175978,0.5046836043007842,0.9901883387830772,1,VWAP_REVERSION,SELL,53570.4,53720.25,53270.71,2024-12-16 10:15:00+05:30
2,47.948664266161366,-0.18421375080916275,-0.4635121802887902,-1,-0.7967888770362349,0.2943913783253713,4.971932895101048,0.4509803921561244,0.27149321266929166,0.27752639517307565,0.9837316517406983,0.4052287581688752,0.5550948481393113,2.0,0.31761363636353374,110,11,0.0,67.39642857142879,2.0,0.935355836998528,2.2694080864784856,-0.279298429479213,1.3141724479655938,0,VWAP_REVERSION,BUY,53498.7,53435.66,53624.78,2024-12-16 11:05:00+05:30
2,47.840198251894144,-0.013223941603595912,-0.41832745730875714,-1,-0.8684415176134506,0.3017188076025049,5.3260747039959435,0.5285714285703795,0.04897959183666443,0.4224489795909152,0.737793073779305,0.4835709857402472,1.1490357706202805,2.0,0.29054147624974813,125,11,0.0,66.41428571428592,2.0,1.6794794579479424,2.2593030759269426,-0.4051035157045513,0.68216622580999,0,VWAP_REVERSION,BUY,53482.75,53371.21,53705.83,2024-12-16 11:20:00+05:30
2,51.74389764494228,0.9680458918254295,0.6313800708851234,-1,-0.8324945454082254,0.7423691165693747,4.401645837299645,0.8475471698100634,0.006792452830244322,0.14566037735818282,0.7982271182064703,0.6973350253799198,0.9608082215641428,3.0,0.341448651556884,220,12,0.0,82.99642857142784,2.0,1.989840354576352,2.036232195875184,-0.3366658209399005,0.9085298957749689,0,VWAP_REVERSION,BUY,53026.1,52860.95,53356.4,2024-12-17 12:55:00+05:30
2,43.24175315819691,0.3419995080399561,-0.5444397067511093,-1,-0.45366299580375785,0.37613030934009994,6.1817689048648115,0.538804638714972,0.2497769848347492,0.21141837644938674,1.0407851979574099,0.6115635179148443,1.15564816993247,2.0,0.33180996917837463,80,10,0.0,107.70714285714295,2.0,1.5493003514821457,1.7092645400872633,-0.8864392147902423,1.220999891078069,0,VWAP_REVERSION,BUY,52513.25,52346.38,52846.99,2024-12-18 10:35:00+05:30
2,48.61280465394786,-0.3236974687011936,-0.10997635574103705,1,0.9779514328656056,0.5348520785918873,4.906495606664124,0.46910466582474025,0.09709962168968397,0.43379571248305365,0.562439839910867,0.40756756756665485,0.6556962025316553,-2.0,0.6564341379964528,195,12,0.0,70.49642857142733,2.0,0.9000405289022022,1.52206292111843,0.21372111295985338,0.8776007082761115,1,VWAP_REVERSION,SELL,51609.1,51672.55,51482.2,2024-12-19 12:30:00+05:30
2,47.39805628846935,0.45141243860485863,-0.13173235929538907,-1,0.1746622789109864,0.4128841432636939,4.656698556633228,0.7886532072574644,0.07027855865061523,0.1410682340914093,1.3399701587456836,0.7539804827932938,0.723215707084088,2.0,0.45681642137868916,60,10,1.0,146.01071428571595,2.0,1.7156348604554477,1.7098060318457975,-0.5831447978998484,1.772031518882558,0,VWAP_REVERSION,BUY,51348.5,51098.0,51849.5,2024-12-20 10:15:00+05:30
2,47.687763894952106,-0.6182490072763114,-0.38765384920111606,1,0.17600870616079894,0.36023241123230754,2.649749288984131,0.6066708621767837,0.32599118942684113,0.06733794839511652,1.2667843516883708,0.45550847457560906,1.16440528634367,-3.0,0.49089852827256036,175,12,0.0,62.71785714285631,2.0,1.979050167985873,1.9643528272845874,0.2305951580748276,1.250393452940997,1,VWAP_REVERSION,SELL,51366.1,51490.22,51117.86,2024-12-20 12:10:00+05:30
2,53.87147470987134,0.9720380139008007,0.6773478056002238,-1,-0.38185775773352165,0.7868187722776889,2.94221108893732,0.682456140350062,0.09356725146187887,0.22397660818688955,1.4460014496255083,0.7333333333320383,1.0301331464610997,2.0,0.57785243571506,265,13,0.0,59.12857142857164,2.0,1.912152693887464,1.9846581299796995,-0.29469020830007847,1.571691176467699,1,VWAP_REVERSION,BUY,51254.0,51140.94,51480.13,2024-12-23 13:40:00+05:30
2,46.85047612396877,0.022393924679282987,-0.4037258108798936,-1,0.1556616476924022,0.3055790055006215,4.44692630907717,0.8866952789684598,0.04120171673815167,0.07210300429167174,1.1979434447300898,0.5734042553180217,0.9958380628074268,2.0,0.34689288634490745,30,9,0.0,48.62499999999948,2.0,1.8449871465296126,2.9203084832845136,-0.4261197355583003,1.1238664865886028,1,VWAP_REVERSION,BUY,51222.35,51132.64,51401.78,2024-12-24 09:45:00+05:30
2,47.78416213650733,-0.3313141663020922,-0.3485576461922047,-1,-1.3013920609025749,0.39053719356068806,5.707391994689053,0.5180555555548765,0.05624999999986124,0.4256944444438734,0.657748776508966,0.35884439939143487,0.9213782981420392,2.0,0.1904133238549431,65,10,1.0,109.46428571428676,2.0,0.9564437194127057,2.4035236541576377,-0.01724347989009674,0.7881773399006025,0,VWAP_REVERSION,BUY,51341.4,51236.7,51550.79,2024-12-26 10:20:00+05:30
2,40.44472577357278,-0.21818749844263177,-1.2201407616792486,-1,-2.7356753533062825,0.2692778996390163,9.047615353285291,0.4786150712821351,0.11812627291224581,0.4032586558035824,0.667929845017717,0.8152671755711856,0.8818579602827343,3.0,0.16599423631121107,110,11,0.0,73.51071428571387,2.0,1.377364815624495,2.91386095320983,-1.0019532632352537,0.7200469277009379,1,VWAP_REVERSION,BUY,51161.2,51059.95,51363.7,2024-12-26 11:05:00+05:30
2,42.34863533960607,-0.03244399048769122,-0.7182006189472504,-1,-2.8450204224900433,0.2884575411809743,3.8252919271323824,0.7837499999981861,0.044999999999778356,0.1712499999995355,0.8041355542791399,0.5101721439733855,0.6251572327044815,2.0,0.12903458213255042,205,12,0.0,49.742857142857765,2.0,1.115221137277391,2.182222860420687,-0.6857566284581806,0.9503444998788965,0,VWAP_REVERSION,BUY,51135.55,51080.08,51246.5,2024-12-26 12:40:00+05:30
2,58.656368548745064,-0.5631130709256634,0.5375583714673158,1,0.017919669610543674,0.531801104421274,6.182979925105649,0.5330316742071274,0.06515837104057971,0.401809954750483,0.8908211447656236,0.9609856262813621,0.7794672459128275,-3.0,0.6453890888948749,90,10,0.0,62.0214285714293,2.0,1.9509731659564258,2.2089139698225093,1.1006714423912045,1.018620943950908,1,VWAP_REVERSION,SELL,51500.4,51621.4,51258.4,2024-12-27 10:45:00+05:30
2,58.275565498542406,-0.04656233437653127,0.7677076922982595,1,1.338688233990683,0.6872170607451857,6.905050112441424,0.6269090909081578,0.25890909090865083,0.11418181818173676,1.0663638378019074,0.5139442231061461,0.5514752040176008,-2.0,0.7821466524971363,100,10,0.0,64.47142857142846,2.0,1.371881231996435,1.712386439173084,0.8142700266735278,1.3578905787056248,1,VWAP_REVERSION,SELL,51460.8,51549.25,51283.91,2024-12-30 10:55:00+05:30
2,57.12613721478472,-0.48186740057821476,0.4576144515512797,1,2.0722098334629213,0.5944829416075321,7.0991993385321095,0.6051756007389671,0.10536044362284262,0.2894639556374509,1.2380672159016597,0.5126903553295098,1.052416137648719,-2.0,0.7088584250321827,185,12,0.0,109.24285714285725,2.0,1.7559435072577898,2.52602327709979,0.9394818521286344,1.1687694434832505,1,VWAP_REVERSION,SELL,51742.95,51934.77,51359.3,2024-12-30 12:20:00+05:30
2,39.66583682677869,-0.2830133077768044,-0.9218824141987605,-1,-0.9264551172698975,0.24152095986400396,6.555060256952062,0.4968973747011546,0.3742243436751021,0.12887828162278867,0.7191722041046535,0.40357142857096545,0.5733788395904437,2.0,0.23581483985980498,240,13,1.0,145.653571428571,2.0,0.9297084569550862,1.6628497167926553,-0.6388691064215175,0.9373601789700663,0,VWAP_REVERSION,BUY,51358.2,51222.78,51629.03,2024-12-30 13:15:00+05:30
2,35.800964967790605,-0.39996370085326516,-1.3110501668918413,-1,-0.5410039192255687,0.18422063822786638,5.410678985116204,0.6668165467619772,0.16456834532361272,0.1686151079135108,1.1959285577108074,0.358603066438811,0.6658294510836996,2.0,0.26006383197770233,40,9,0.0,92.9821428571439,2.0,1.458325331284748,3.215671211826734,-0.9110864660375962,1.199697917789207,1,VWAP_REVERSION,BUY,50611.35,50475.75,50882.55,2025-01-01 09:55:00+05:30
2,55.27442360776818,-0.24376815219695447,0.32938623298174796,1,1.6240308832347488,0.5212723112077677,5.318114530794871,0.47888888888788933,0.404444444443481,0.1166666666664074,0.5397070161912058,0.3893805309726109,0.610365670682018,-2.0,0.7657894736840921,155,11,0.0,83.37857142857216,2.0,0.9413432707958345,2.0664781975474398,0.573154385178015,0.7446632467305199,0,VWAP_REVERSION,SELL,51008.85,51087.34,50851.87,2025-01-01 11:50:00+05:30
2,51.54170096131116,-0.2059719480595189,0.08501058460300455,1,0.12362433075550297,0.6191586545705704,2.621742688146219,0.8090315560383281,0.0739934711641857,0.11697497279639807,1.0933967876263462,0.3725690890472953,0.5944888734353083,-2.0,0.5692224815943427,75,10,0.0,84.0499999999998,2.0,1.5271267102914483,2.014872099938102,0.2909825326621772,0.9982620030403566,0,VWAP_REVERSION,SELL,51151.3,51279.66,50894.59,2025-01-02 10:30:00+05:30
2,55.52397195220369,-0.21337140097275065,0.3945966223910301,1,1.0683803431230015,0.6110978337041902,3.714128036421548,0.5249406175759338,0.26840855106832445,0.2066508313533664,0.6855481244547539,0.7633410672835024,0.6634049804848305,-3.0,0.7554218553236957,145,11,0.0,61.4107142857148,2.0,1.5232044198895542,1.850654259956285,0.6079680233627908,0.8419999999982869,1,VWAP_REVERSION,SELL,51262.75,51356.29,51075.67,2025-01-02 11:40:00+05:30
2,60.4844643060918,-0.16056173182276282,0.9200379658313345,1,2.9742886447202883,0.6793396481032092,6.43867515678176,0.7628781684369056,0.10793131643491202,0.12919051512654697,0.8765229855636562,0.630276564773533,0.9904232313870462,-3.0,0.7858032378579018,280,13,0.0,69.7642857142855,2.0,1.9490836490221919,2.686904883788581,1.0805996976525483,0.9505673869097795,0,VWAP_REVERSION,SELL,51466.05,51602.03,51194.1,2025-01-02 13:55:00+05:30
2,39.738833420076986,-0.1471016536171583,-0.9152387799029459,-1,-0.7860246288296342,0.2563920164819277,5.609321482711135,0.6544871794863777,0.3057692307688201,0.03974358974352013,0.8133472367049018,0.3667752442992153,0.8265066728202743,2.0,0.2411167512689831,65,10,0.0,95.89999999999989,2.0,1.2392075078206115,1.8508863399355069,-0.7681371262849866,0.8838526912171143,0,VWAP_REVERSION,BUY,51327.75,51208.91,51565.43,2025-01-03 10:20:00+05:30
2,43.571368674515,0.4770596499462532,-0.4774738997024358,-1,-1.0399714150754493,0.42977331015861947,5.433165491905426,0.4329958308511418,0.16200119118509723,0.40500297796256973,1.0301967831003682,0.7426124196995532,1.4117291414752082,2.0,0.22359035326082335,115,11,0.0,81.48928571428613,2.0,1.7155498093525756,1.7824429153679224,-0.9545335496475177,1.0816905037997109,1,VWAP_REVERSION,BUY,51214.45,51074.65,51494.05,2025-01-03 11:10:00+05:30
2,41.86380316117246,0.33003251997790944,-0.7219918787538182,-1,-4.6423366080716315,0.3664402616125074,6.20726348794281,0.6753681392227415,0.08165997322611267,0.2429718875498071,0.9881419190248669,0.39617486338741326,0.9573096683793256,3.0,0.11730479716807575,290,14,0.0,75.59642857142795,2.0,1.9995606368403818,2.2362167524891854,-1.052024398730336,0.9402139710497383,0,VWAP_REVERSION,BUY,49941.4,49790.24,50243.72,2025-01-06 14:05:00+05:30
2,51.82719288554975,-0.5249529690003983,-0.03266857662575454,1,1.2202934777576582,0.2763829126620063,2.2228927172229414,0.7572614107868564,0.026970954356852525,0.21576763485421638,0.9370920705457123,0.45554202192344667,0.8076166385610565,-2.0,0.8031575411486225,220,12,0.0,51.435714285713665,2.0,1.4609220941535597,1.883905013188859,0.4922843923736867,0.9812703583041668,0,VWAP_REVERSION,SELL,50327.95,50403.09,50177.66,2025-01-07 12:55:00+05:30
2,56.05133904762668,0.20590600126738937,0.7526227156987022,1,2.4877511663552094,0.7174085093386864,2.678362378450008,0.44012441679492387,0.5209953343684959,0.03888024883346984,0.7675648021828718,0.7605485232053013,1.0817507539325866,-2.0,0.8715241480240753,265,13,0.0,41.88571428571283,2.0,1.5670873124147924,2.7873465211394177,0.5467167144300076,0.695887445885993,1,VWAP_REVERSION,SELL,50386.15,50451.79,50254.87,2025-01-07 13:40:00+05:30
2,36.995805116549974,-0.03876145611457669,-1.1943578686887997,-1,-3.412949968529268,0.29465088278346013,3.406158633529863,0.5921409214076633,0.10975609756057716,0.2981029810290494,0.5395582014725742,0.9390519187343291,0.9537136706136142,2.0,0.11848631021128064,185,12,0.0,68.38928571428603,2.0,1.3750535275994202,2.055146482842085,-1.1555964125725333,0.6082083401999777,0,VWAP_REVERSION,BUY,49598.15,49504.11,49786.23,2025-01-08 12:20:00+05:30
2,46.85774959893977,0.2922209595912767,-0.1926374929150177,-1,-1.6569218700331116,0.4796092563010316,3.0471681201928886,0.787784679087258,0.08695652173903554,0.12525879917163601,0.6610293758248574,0.9222222222210478,1.1202766115090146,2.0,0.21780086275196045,230,13,0.0,73.06785714285745,2.0,1.7929468693484467,2.2287501832903365,-0.4848584525056308,0.775032092424976,1,VWAP_REVERSION,BUY,49353.85,49222.84,49615.86,2025-01-09 13:05:00+05:30
2,38.20658862486193,-0.04482141011257689,-1.0592259915804167,-1,-0.5376353301412047,0.29033022390371116,7.535427180089515,0.4988452655883554,0.1991916859119968,0.3019630484984931,0.7109391034098995,0.5840867992759027,0.691867739052759,3.0,0.3352193458378034,60,10,1.0,121.81071428571522,2.0,1.8752953939074224,1.976427126394703,-1.014404581467007,0.7872011635299005,1,VWAP_REVERSION,BUY,49054.3,48825.87,49511.16,2025-01-10 10:15:00+05:30
2,47.73942618928105,0.08955722707577198,-0.20911012287072303,-1,-0.15397384002635514,0.40707813315831953,4.124939109238667,0.6146515783197006,0.3186420488382259,0.0667063728408823,0.9305989944178065,0.4672170956770586,1.1640754351249574,2.0,0.4139668268484806,180,12,0.0,90.21071428571356,2.0,1.7539055386198783,1.9936656241317618,-0.2986673499461639,1.0547807513493375,0,VWAP_REVERSION,BUY,49105.1,48946.88,49421.54,2025-01-10 12:15:00+05:30
2,47.59841485537322,0.2608980050138879,-0.17774142573472843,-1,-0.49668314623920484,0.3897902864428329,5.484069125268655,0.48351648351550147,0.06193806193791451,0.454545454544586,0.6641076675196231,0.5873229939304156,0.9433842239185185,3.0,0.3580065106184495,210,12,0.0,75.36428571428405,2.0,1.2245379584874105,1.7912994028978617,-0.43863943074803424,0.8420255720039224,0,VWAP_REVERSION,BUY,49069.0,48976.71,49253.57,2025-01-10 12:45:00+05:30
2,45.163655560690806,-0.4324762694304631,-0.5486491474460754,-1,0.09591510336778757,0.3894354636477266,3.615128784863759,0.44855491329431274,0.1346820809246325,0.41676300577989867,0.9525307743736984,0.810406698563638,0.9132334581772635,-2.0,0.6038371262372485,135,11,1.0,90.81071428571418,2.0,1.426935934243102,2.567428324219475,-0.11617287801548444,0.9982688978638219,1,VWAP_REVERSION,SELL,48412.25,48541.83,48153.09,2025-01-13 11:30:00+05:30
2,57.02391983978731,-0.5563036295141828,0.5846265783936689,1,0.8117145899893754,0.566382546774335,6.146723251764271,0.8485845951272508,0.1514154048714325,0.0,1.1323748668796334,0.48568702289976745,0.7678057459835975,-2.0,0.7722737615962276,135,11,0.0,67.07142857142753,2.0,1.6461128860489798,1.939723109688277,1.1409302079061505,1.0876414148630675,1,VWAP_REVERSION,SELL,48676.4,48786.81,48455.59,2025-01-14 11:30:00+05:30
2,54.04989516930476,-0.441863829897521,0.2785000255846793,1,0.8834869187585692,0.5128301411748749,4.974433827635366,0.6022304832699767,0.23420074349377967,0.1635687732337652,0.7693040991420016,0.6436781609178132,0.6602073311199013,-3.0,0.6832694763727637,130,11,0.0,52.45000000000073,2.0,1.5451858913251555,3.0829361296414457,0.7203638554808268,0.9841463414609438,1,VWAP_REVERSION,SELL,48947.25,49028.3,48785.16,2025-01-15 11:25:00+05:30
2,47.281765770902375,-0.6792496826931984,-0.6239850857562041,1,-0.2230066765879712,0.21540013093462915,4.3190291072333755,0.5985130111509906,0.3742255266409335,0.02726146220559748,0.8207177103006992,0.7854077253201962,0.954289475608812,-2.0,0.5611285266456393,180,12,0.0,49.16428571428644,2.0,1.731265436582803,2.024843818098482,0.05526459693688183,1.03488073864826,1,VWAP_REVERSION,SELL,48894.65,48979.77,48724.42,2025-01-15 12:15:00+05:30
2,57.10864754698396,0.10461536927578918,0.6819234306167677,1,0.1803068842494152,0.5704883964388991,3.037081671984587,0.4343434343419571,0.2037037037030859,0.3619528619515901,0.5494186046512362,0.795600366634506,0.9735483459749333,-2.0,0.6255614012573759,155,11,0.0,54.05714285714358,2.0,1.4957452431289964,3.00237843551243,0.5773080613399105,0.6246056782321976,0,VWAP_REVERSION,SELL,49282.2,49363.06,49120.49,2025-01-16 11:50:00+05:30
2,51.296015789958204,-0.57344268351926,-0.16003389439469964,1,1.0009444144630821,0.44874278463569467,4.502018429706227,0.42092154420818806,0.13947696139438093,0.43960149439494034,0.8667026443605435,0.43531202435158506,0.7052599294588064,-2.0,0.7441445725833499,275,13,0.0,46.32499999999917,2.0,1.1912034538585285,1.7862924986470123,0.4134087891236679,1.0242346938749374,1,VWAP_REVERSION,SELL,49351.4,49406.58,49241.04,2025-01-16 13:50:00+05:30
2,42.40403326346554,0.28574652354669045,-0.5259244807579747,-1,-1.1978422913836217,0.5476661934499757,5.4140326207131695,0.5034129692816334,0.17918088737142882,0.3174061433435249,0.46035576005829554,0.515401953417676,0.9533408369998393,2.0,0.23986715466988448,160,11,0.0,63.64642857142774,2.0,1.0757028225127852,1.8563492508809192,-0.8116710043033898,0.6173619890420424,1,VWAP_REVERSION,BUY,48486.45,48417.99,48623.38,2025-01-17 11:55:00+05:30
2,63.58239371775146,-0.09533246844167075,1.3949564626243802,1,4.14030148263089,0.621820144127451,8.922026846313141,0.7978620019420727,0.10009718172966002,0.10204081632632363,0.9313421256789155,0.584918032786099,1.2383272431993777,-2.0,0.8722635204254402,195,12,0.0,55.24285714285621,2.0,1.7952417895009949,2.6238686320097235,1.4902889310633531,0.8201817312278353,0,VWAP_REVERSION,SELL,49323.1,49422.27,49124.75,2025-01-20 12:30:00+05:30
2,63.915883910981286,0.1768627175410184,1.5155223970096081,1,4.646998722860618,0.7361010856871302,3.785819977463906,0.5225102319221949,0.3792633014996719,0.09822646657540461,0.6318965517241574,0.5347355003179258,1.301457518663419,-2.0,0.8852570439939522,220,12,0.0,58.00000000000052,2.0,1.7008620689656526,3.016379310339675,1.3386596794662817,0.575082378784606,0,VWAP_REVERSION,SELL,49399.95,49498.6,49202.65,2025-01-20 12:55:00+05:30
2,52.731365572533605,-0.8231817867580267,-0.19263696770906663,1,3.824099474972011,0.3604430989410836,4.527482301286083,0.43900804289486245,0.18565683646086126,0.37533512064293584,1.3336738602987765,0.7116512992443401,1.0611855899358382,-2.0,0.7688728024818232,285,14,0.0,55.9357142857147,2.0,1.699157195760539,2.3053249904186184,0.6305448190478327,1.6288209606951018,1,VWAP_REVERSION,SELL,49427.1,49522.14,49237.01,2025-01-20 14:00:00+05:30
2,59.02020868656662,0.997357299636604,1.3238503380294155,1,1.0124844523044056,0.8907445560823563,5.370181725361118,0.47018030513113895,0.459084604715025,0.07073509015244901,0.6355422634975416,0.3513640639695427,0.9456994884504341,-2.0,0.4822173887484002,165,12,1.0,113.4464285714296,2.0,1.6685817723909353,4.834881158503485,0.3264930383925236,0.391954335417012,1,VWAP_REVERSION,SELL,49102.75,49292.04,48724.16,2025-01-21 12:00:00+05:30
2,51.01080211020869,-0.009708534924822071,0.2701302648274982,1,-0.004353920019052673,0.6847617722039192,5.131127784047164,0.6696832579181775,0.04737822730900605,0.28293851477228416,1.5685444189305853,0.47018030513113895,0.6355422634975416,-3.0,0.347481041678875,170,12,1.0,119.76071428571491,2.0,1.9858437956639639,4.527778606145362,0.2798387997520866,0.9599366344723956,1,VWAP_REVERSION,SELL,48988.15,49225.98,48512.5,2025-01-21 12:05:00+05:30
2,50.68793147181998,0.8225961062077477,0.3382370479137828,-1,-0.6773134968223478,0.5323346509884979,6.284968853827493,0.7055243445689493,0.2387640449437101,0.0557116104868725,1.8710464570623908,0.3604309500482735,0.394360757049074,4.0,0.25253074997275893,220,12,1.0,114.1607142857148,2.0,1.8273893320819017,2.4789613639896833,-0.4843590582935407,2.1514907332773934,0,VWAP_REVERSION,BUY,48856.45,48647.83,49273.68,2025-01-21 12:55:00+05:30
2,49.57225184820176,0.17271625261701287,0.03998314240829841,-1,0.03358335770343439,0.5093190656845925,2.478823107808498,0.5246172941658745,0.4708316094327814,0.004551096400516581,1.2703859438354692,0.8428805237302281,0.6555542782695181,2.0,0.5566973777460825,90,10,0.0,95.12857142857163,2.0,1.3745907793963086,2.443009460877454,-0.13273311020857492,1.2808691043972005,0,VWAP_REVERSION,BUY,48616.65,48485.89,48878.18,2025-01-22 10:45:00+05:30
2,45.3018603650919,-0.3203183883237002,-0.7500971945618689,-1,-1.0450599747473788,0.22540273566504854,4.85305251095483,0.5086419753078286,0.49135802469052525,0.0,0.862926136363612,0.7525035765357475,0.5022324865281462,2.0,0.33287465599192045,160,11,0.0,70.40000000000198,2.0,1.0438920454545906,2.568181818178139,-0.42977880623755815,1.115702479336764,1,VWAP_REVERSION,BUY,48626.05,48552.56,48773.03,2025-01-23 11:55:00+05:30
2,45.26621794763033,-0.1832421142497873,-0.7858022045104011,-1,-1.3588897905958557,0.27311091932078374,5.301804419506769,0.5321715817680335,0.2922252010716758,0.17560321715760965,0.6519757787626335,0.37190082644505157,0.5127118644067662,2.0,0.30135101325986446,175,12,0.0,57.21071428571512,2.0,0.8341282227354364,1.6832511392691984,-0.6025600902595605,0.8382022471890295,1,VWAP_REVERSION,BUY,48613.45,48565.73,48708.89,2025-01-23 12:10:00+05:30
2,41.411246527964934,-0.03698506228944407,-0.7525976176283777,-1,-0.5535775028540063,0.29270688905742426,4.4069840289279325,0.40494590417173704,0.3137557959804715,0.28129829984470023,0.3798699937094437,0.5705378020255754,0.7538506736056008,4.0,0.275053879310269,55,10,0.0,85.16071428571377,2.0,1.0669951771860116,2.3126860977116697,-0.7156125553380933,0.6062593703138088,0,VWAP_REVERSION,BUY,48451.15,48360.28,48632.88,2025-01-24 10:10:00+05:30
2,54.00553037093378,-0.2660813576715245,0.44938431746483665,1,1.318589551359458,0.6451842806645195,6.640602930848894,0.555420219243423,0.2533495736900664,0.19123020706407445,0.5584219987367693,0.7689050211727151,1.0450686416185182,-2.0,0.6799616081901161,140,11,0.0,73.51071428571335,2.0,1.5814167031045658,2.14798620220273,0.7154656751353878,0.6365327957812429,0,VWAP_REVERSION,SELL,48666.65,48782.9,48434.15,2025-01-24 11:35:00+05:30
2,38.4913092804452,-0.31536115564145534,-1.2621651771322682,-1,-2.548364854215915,0.20781883158270303,4.250253287568981,0.4056737588647554,0.31985815602785317,0.27446808510597304,0.9523809523809538,0.5699728260861964,1.0143729080528507,2.0,0.15857221106443173,315,14,0.0,74.02499999999989,2.0,1.2732522796352916,3.621749408978643,-0.9468040214895337,0.8936493852187839,0,VWAP_REVERSION,BUY,48397.8,48303.55,48586.31,2025-01-24 14:30:00+05:30
2,48.98379159036182,-0.5855501033996083,-0.21719509153621566,1,0.6753764348752671,0.4605073538969674,3.2791075309980457,0.5791075050703576,0.2464503042593999,0.17444219066922825,1.2487787226344127,0.3657024793381666,0.6384321854242484,-4.0,0.6736133038626158,205,12,0.0,78.95714285714295,2.0,1.8838791387732288,2.1815632350252785,0.3683550118629261,1.1974738887525294,1,VWAP_REVERSION,SELL,48164.15,48312.9,47866.66,2025-01-27 12:40:00+05:30
2,46.95354525622303,-0.5671642129146434,-0.45777246148691303,1,0.45862099738238665,0.2771436867554964,2.9961479002537197,0.6304801670136883,0.097425191370778,0.27209464161414193,1.0605725130475694,0.38054768649597237,0.795770490043533,-3.0,0.6562467108724076,250,13,0.0,67.7464285714294,2.0,1.5495229057935718,1.7380990036349269,0.1093917514275689,1.2300975860276464,1,VWAP_REVERSION,SELL,48155.9,48260.87,47945.95,2025-01-27 13:25:00+05:30
2,44.02366695980324,-0.7525288376242658,-0.888546361128718,-1,-0.18103093152792943,0.10179220198380706,3.0318664915519973,0.45935960591081665,0.1182266009850624,0.42241379310288946,1.2216431142872115,0.7164518574666449,0.9739965188037943,-2.0,0.5726765603619427,275,13,0.0,66.46785714285683,2.0,1.4893933695127408,2.244693998169713,-0.13601752350424753,1.016524787179477,1,VWAP_REVERSION,SELL,48116.2,48215.2,47918.21,2025-01-27 13:50:00+05:30
2,62.47925123795197,-0.17974190651502708,1.3018208155017548,1,0.5336540586848417,0.6052186714540616,8.559808363553657,0.5270413573690118,0.4178154825017548,0.055143160127112435,0.5735511338951482,0.5350241545887422,0.9713830812419174,-2.0,0.6575771640750444,90,10,1.0,82.20714285714192,2.0,1.1023459900947483,1.8264836215113263,1.4815627220149796,0.5587154876162986,0,VWAP_REVERSION,SELL,48732.4,48823.02,48551.16,2025-01-28 10:45:00+05:30
2,58.74399522400383,-0.525134616472992,0.5624032856298714,1,3.934701487422132,0.5128256696026364,3.8008976543380797,0.7228490832147625,0.08603667136798047,0.19111424541584654,1.360751250942538,0.5368852459001268,0.7161425576521201,-2.0,0.8873852431144622,245,13,0.0,52.1035714285707,2.0,1.6891425046269024,1.8492014531462215,1.087537902100776,1.6187214611834984,0,VWAP_REVERSION,SELL,49101.5,49189.51,48925.48,2025-01-28 13:20:00+05:30
2,55.4850983915041,-0.05832587907193887,0.5969596112311736,1,1.2312448684313833,0.686726588827958,4.887940049170406,0.43422733077792963,0.057471264367667155,0.5083014048518489,0.6742941502122547,0.8279301745622429,1.0068149210904274,-2.0,0.7675265073585235,110,11,0.0,58.06071428571314,2.0,1.3650550532078838,1.9419327059079934,0.6552854903019838,0.6550108750198451,1,VWAP_REVERSION,SELL,49092.3,49171.56,48933.79,2025-01-29 11:05:00+05:30
2,42.75516431059873,-0.9211908317896311,-0.8347869894319544,1,0.28276022539872886,-0.192241216002588,1.548438464296105,0.9926918392181501,0.007308160779413776,0.0,1.0465264499680462,0.585526315787376,0.7708050348637697,-2.0,0.6676132329971196,310,14,0.0,39.22499999999906,2.0,1.866730401529585,2.109623964303149,0.08640384235745645,1.1678520625855064,0,VWAP_REVERSION,SELL,49266.9,49340.12,49120.46,2025-01-30 14:25:00+05:30
2,48.5405583718706,-1.0901034760735329,-0.5559769808281819,1,2.230321868765231,0.3461339704645379,5.3958145319449455,0.5003813882524452,0.2936689549957577,0.2059496567502716,1.1000959002636275,0.4813664596267312,1.3625098228857744,-6.0,0.6988335925348812,280,13,0.0,59.58571428571564,2.0,1.684272356748965,3.3858786861606274,0.5341264952444545,1.0744140304849883,1,VWAP_REVERSION,SELL,49481.15,49581.51,49280.43,2025-01-31 13:55:00+05:30
2,56.87526507629724,0.8103416351483625,1.064634821622913,1,-0.3445491427823822,0.8721008294716507,4.855362287355796,0.521990740739547,0.4374999999989767,0.04050925925916139,0.35618374558307336,0.7950413223131896,0.7243856548263863,2.0,0.5451316821179357,295,14,1.0,121.2857142857148,2.0,1.1252650176678123,1.297762073026027,0.2542931864743407,0.5464895635667162,1,VWAP_REVERSION,BUY,49516.4,49379.92,49789.36,2025-02-01 14:10:00+05:30
2,45.9100822362226,-0.1631481165689976,-0.4773210512056851,-1,0.5590348577531752,0.628625858322941,4.294688548463905,0.687425149699793,0.0958083832334182,0.21676646706559122,1.1350616564714924,0.36545454545385453,0.7179152487063472,-2.0,0.6822216245291257,95,10,1.0,73.56428571428634,2.0,1.5782988639673954,2.092727449264017,-0.3141729346362604,1.0910753952683991,0,VWAP_REVERSION,SELL,49159.7,49275.81,48927.49,2025-02-03 10:50:00+05:30
2,43.88809276460046,-0.38256999180385537,-0.8133561171775912,-1,-0.3234889009527736,0.26320563067972996,3.4718697093997086,0.49683257918470014,0.09683257918531876,0.40633484162817113,0.8291349555150465,0.39508700102280403,0.7389519178821865,2.0,0.549763655462043,150,11,0.0,66.63571428571542,2.0,1.011673276878558,3.2114910494109257,-0.4307861253730893,0.8733797028123957,1,VWAP_REVERSION,BUY,49115.4,49047.99,49250.23,2025-02-03 11:45:00+05:30
2,47.452308582703004,-0.4248411156095639,-0.32548591043118996,1,0.32045552104617936,0.46258137216279815,4.571562428083831,0.5554425228880276,0.208545269582479,0.2360122075274588,1.0188036718981623,0.47821681864151355,0.9846088071825214,-3.0,0.6772584033611592,210,12,0.0,48.24285714285725,2.0,1.6743263251406917,1.814776428779238,0.09935520517816798,1.0599525555293459,0,VWAP_REVERSION,SELL,49163.95,49244.72,49002.4,2025-02-03 12:45:00+05:30
2,56.29397674802517,0.34742573131528803,0.6723428078588739,1,-0.35355028260729565,0.39859068838634826,5.869686924833109,0.6160531697335031,0.23415132924312226,0.14979550102235215,1.1563700857227557,0.9451523545695415,1.0832011659308118,2.0,0.5242646376541678,105,11,1.0,84.57500000000073,2.0,1.9167307123854196,2.2819982264235312,0.3249170765432017,1.0985061215308451,1,VWAP_REVERSION,BUY,49765.0,49602.89,50089.22,2025-02-04 11:00:00+05:30
2,54.784943312245545,-0.3736408160729118,0.29936648622824125,1,1.773898624543563,0.5555473159111889,4.088169433446295,0.792334494772496,0.14773519163740448,0.059930313588705805,1.024425067564119,0.6341647770210133,0.9293061060659452,-2.0,0.8116577625387346,265,13,0.0,70.03928571428592,2.0,1.7861965223600003,1.8261179950002124,0.6730073023001921,0.988564342792812,0,VWAP_REVERSION,SELL,49991.45,50116.55,49741.24,2025-02-04 13:40:00+05:30
2,56.699049765138476,-0.011996038152314125,0.5694782661227433,1,2.0968755777408603,0.6394213155653896,2.60310592470319,0.46007259528045746,0.22686025408307883,0.3130671506346488,0.7334442595673735,0.4092664092657772,0.8748733291511895,-2.0,0.8747425130722812,280,13,0.0,75.12499999999947,2.0,1.152246256239512,1.846256239598182,0.5814743042742834,0.7518078864773339,1,VWAP_REVERSION,SELL,50034.55,50121.11,49861.43,2025-02-04 13:55:00+05:30
2,54.87810068161611,-0.49060260732919053,0.2741477266764336,1,-0.10431283792271666,0.44034603730692207,3.7449731676094427,0.5456221198146356,0.20921658986133868,0.24516129032218237,0.9004149377593361,0.6558632881548241,1.3966257127740584,-2.0,0.6348092152625648,105,11,0.0,60.25,2.0,1.783817427385868,2.031535269706196,0.7647503340043548,0.9208962824632044,0,VWAP_REVERSION,SELL,50391.8,50499.28,50176.85,2025-02-05 11:00:00+05:30
2,55.63414403135689,0.03701893494255423,0.5508059484713469,1,1.0142802910471918,0.7079806244199873,3.5970166811081334,0.605522682444599,0.1972386587767143,0.1972386587767143,1.1227459664663841,0.4465648854950879,0.8714659063911233,-2.0,0.7989399897415561,245,13,0.0,45.15714285714369,2.0,1.402119582410647,2.6119898766155867,0.5137870135276549,1.0496894409916426,0,VWAP_REVERSION,SELL,50449.1,50512.42,50322.47,2025-02-05 13:20:00+05:30
2,52.78011781347164,-0.32470243246160224,0.14984217776370481,1,1.1160880017037773,0.5436844777732484,3.082328485898588,0.627646326274986,0.315068493149925,0.057285180572598314,0.9611011370436878,0.8342391304325355,0.883401920438824,-2.0,0.7996413433319745,290,14,0.0,41.775000000001455,2.0,1.5709754637941362,2.1412327947285967,0.47454461022417105,1.1303490990959209,1,VWAP_REVERSION,SELL,50460.7,50526.33,50329.44,2025-02-05 14:05:00+05:30
2,49.85585709228106,0.4337719295283308,0.060861765368131066,-1,-0.26616926340424796,0.4421115604667533,4.24238855696683,0.9886889460144225,0.002056555269890838,0.009254498714658404,0.7170506912442369,0.805668016193444,0.6489022330643399,2.0,0.42956043039445874,100,10,1.0,135.6250000000005,2.0,1.4485714285714337,1.5262672811048599,-0.37291016415992484,1.018217987644216,0,VWAP_REVERSION,BUY,50299.8,50103.34,50692.73,2025-02-07 10:55:00+05:30
2,50.1924739853175,-0.18250943226167807,0.026765582460286617,1,-0.13183041098434276,0.5636435349526674,6.43609630024535,0.884615384613608,0.07692307692288863,0.03846153846136658,0.6078485944892396,0.7076489910833766,1.26163995432821,-2.0,0.48052381349561923,140,11,1.0,76.99285714285568,2.0,1.8306800259764373,2.4294461452793277,0.20927501472169288,0.6459627329183287,1,VWAP_REVERSION,SELL,50330.35,50471.3,50048.45,2025-02-07 11:35:00+05:30
2,45.106692522268666,0.19978100478824867,-0.5452160484554804,-1,-1.8690913605142325,0.3600751246684509,6.949305129762958,0.5777142857136587,0.19142857142835265,0.23085714285684575,1.279640656011686,0.4791666666656684,0.7244892458627488,2.0,0.20226874635078881,225,13,0.0,68.37857142857216,2.0,1.3160242348270905,1.913611198158762,-0.7449970532426397,1.3612321095187225,0,VWAP_REVERSION,BUY,50163.55,50073.56,50343.53,2025-02-07 13:00:00+05:30
2,38.98076801147961,0.12575753062530562,-1.1737943229322645,-1,-0.9353654449625353,0.37458461287379474,5.342706321198185,0.89060092449641,0.10939907550050824,0.0,0.6228406909789818,0.3774560496372865,0.7947634143477674,3.0,0.19944049423004143,100,10,0.0,52.09999999999906,2.0,1.7420345489442686,3.0249520153493066,-1.2995518535550756,0.68735437407196,0,VWAP_REVERSION,BUY,49563.35,49472.59,49744.87,2025-02-11 10:55:00+05:30
2,45.68454810219539,0.725050415018661,-0.14347123130466424,-1,-0.006596386274603395,0.6335929844226139,4.174787576343496,0.5211864406765957,0.44774011299302596,0.03107344632755345,0.7231341650252086,0.5705329153593006,0.9530516431926219,2.0,0.3042312623848245,115,11,0.0,48.953571428570804,2.0,1.3695702925513036,2.989567374328183,-0.8685216463215509,0.9095580678291222,0,VWAP_REVERSION,BUY,49608.3,49541.25,49742.39,2025-02-11 11:10:00+05:30
2,52.39989026156355,-0.5634450823734043,-0.06491546340380833,1,0.4689631227835881,0.27309113656947775,1.9933557867125278,0.8157602663688357,0.027746947835674683,0.1564927857932698,0.9384718398929115,0.7744874715225135,0.44356235565828034,-3.0,0.7727329269807776,170,12,0.0,48.00357142857216,2.0,1.528018748605033,1.9102745331409376,0.49852961896855746,1.173788431471646,1,VWAP_REVERSION,SELL,49744.75,49818.1,49598.05,2025-02-13 12:05:00+05:30
2,45.57302930669424,0.5880158467057975,-0.2833420833097608,-1,-1.9476054136802419,0.4905301351211619,8.17392657521221,0.5028328611890999,0.15226628895162883,0.3449008498578549,0.9642456465538246,0.47931034482668455,0.7517126458063443,2.0,0.2248464463293046,160,11,0.0,73.21785714285579,2.0,1.0451246280670354,2.2467196722080844,-0.8713579300143682,1.0052684038145976,0,VWAP_REVERSION,BUY,49062.9,48986.38,49215.94,2025-02-14 11:55:00+05:30
2,39.18839633511978,-0.22631411149321293,-1.3333887179865873,-1,-3.55730580181211,0.2616939230057332,3.892807506011257,0.5452471482881219,0.36882129277510445,0.08593155893525266,0.883312541982555,0.6715116279055815,0.6908951798010671,2.0,0.10921328338305847,190,12,0.0,74.43571428571262,2.0,1.2553593705019055,3.5453411380818918,-1.107074606491887,0.9153557009593419,0,VWAP_REVERSION,BUY,48891.5,48798.06,49078.39,2025-02-14 12:25:00+05:30
2,42.40746525837056,0.2919229404273021,-0.6524299012445692,-1,-3.804627770355568,0.3943718527196006,5.494374916423531,0.4949494949488539,0.2914862914858472,0.21356421356385585,1.0866326930614778,0.6246200607892746,0.9706037298493679,3.0,0.14904947320200065,240,13,0.0,63.7749999999999,2.0,1.3191297530380628,2.8608388867065666,-0.9443528416703906,1.0024591349615954,0,VWAP_REVERSION,BUY,48849.9,48765.77,49018.16,2025-02-14 13:15:00+05:30
2,39.29263292007312,-0.10716462859606549,-0.9293340847955959,-1,-0.6209297638025907,0.27215544651866685,6.224424883852645,0.4428571428568209,0.45112781954853304,0.10601503759389432,1.0235830905392744,0.5361702127650448,0.46796768320436805,2.0,0.27520204168433166,65,10,0.0,129.9357142857147,2.0,1.043543510527195,1.4576438898345179,-0.8221694561988977,1.4538696982931154,1,VWAP_REVERSION,BUY,48655.0,48519.41,48926.19,2025-02-17 10:20:00+05:30
2,46.02830903404851,0.5154119014112499,-0.26645222573675287,-1,0.08356157228957482,0.397504894153558,6.833232732220337,0.579436152570087,0.007628524046439087,0.4129353233828107,1.3227413744476801,0.4428571428568209,1.0235830905392744,3.0,0.4609740535941129,70,10,1.0,113.96785714285735,2.0,1.8632164457396803,1.911942590327685,-0.7818641271473168,1.538108356288596,1,VWAP_REVERSION,BUY,48742.35,48530.0,49167.04,2025-02-17 10:25:00+05:30
2,50.02426657264155,-0.12480480183373886,0.055732527902844865,1,0.5145000000000025,0.6116458346464482,5.344400011777322,0.4822771213743709,0.38990332975257236,0.12781954887198263,0.8689333333333239,0.6008752735224627,1.0552183665391295,-2.0,0.6219595584642713,105,11,0.0,107.14285714285663,2.0,1.4276666666666444,2.1569333333313168,0.18053732973641523,0.9895833333322935,0,VWAP_REVERSION,SELL,48843.95,48996.91,48538.02,2025-02-17 11:00:00+05:30
2,51.182967336131995,-0.18666391765973256,0.15077561074241402,1,0.35525280048444724,0.6280163115982272,4.004608128235139,0.5036144578301468,0.4963855421674435,0.0,0.7036027853466483,0.5687074829924631,1.2026647966339328,-2.0,0.3887266355139414,205,12,0.0,58.98214285714338,2.0,1.6275809869814717,1.8454738116831757,0.3374395284015745,0.6875414181565747,1,VWAP_REVERSION,SELL,49014.6,49110.6,48822.6,2025-02-18 12:40:00+05:30
2,58.59200561370352,0.27906989927216735,0.9216980707524062,1,1.8240429505134774,0.659134126905958,3.8941335496743643,0.4685099846375356,0.5038402457741814,0.027649769585210742,0.531862745098085,0.47916666666552277,0.6969051907647885,-2.0,0.8871701546859706,170,12,0.0,61.20000000000021,2.0,0.9366013071895345,2.3537581699307153,0.6426281714791887,0.7273743016744172,1,VWAP_REVERSION,SELL,49535.25,49592.57,49420.61,2025-02-19 12:05:00+05:30
2,55.759775372202554,-0.09597277417460055,0.5197703369354738,1,1.4936394937650637,0.5764112594721286,3.987201461286687,0.5948081264094206,0.35665914221142675,0.048532731376895274,0.7791457286432601,0.4685099846375356,0.531862745098085,-3.0,0.8581740976644376,175,12,0.0,56.85714285714338,2.0,1.3698492462311724,2.165075376880569,0.6157431111089914,0.8947687335874149,1,VWAP_REVERSION,SELL,49511.35,49589.24,49355.58,2025-02-19 12:10:00+05:30
2,55.228738810579095,0.027339691544160976,0.5572561196300381,1,1.4559827577959281,0.6585471208394036,5.139395921745669,0.5119236883925316,0.17329093799638412,0.3147853736079047,0.8423569925388276,0.43881856539880065,0.6462797039344544,-2.0,0.6431031654910115,315,14,0.0,37.33571428571564,2.0,1.1110962311077053,2.0583508704745723,0.5299164280844577,1.0752136752100951,0,VWAP_REVERSION,SELL,49347.0,49388.48,49264.03,2025-02-20 14:30:00+05:30
2,45.30734106056015,0.6180760092750173,-0.12826807072898264,-1,-0.6243933496707393,0.812694895439647,3.1626693285251988,0.6252019386088892,0.03392568659102878,0.34087237479685106,0.6246215943490862,0.5116279069751577,0.6239635157545618,3.0,0.3000645101833417,135,11,0.0,49.54999999999979,2.0,0.9829465186680515,2.0847628657878423,-0.7463440800024935,0.7253339582827706,1,VWAP_REVERSION,BUY,48926.8,48878.1,49024.21,2025-02-21 11:30:00+05:30
2,54.21641810425685,0.2286662540011036,0.795672040583109,1,1.0170431463687344,0.7514112174290496,5.155930728877064,0.725543478258905,0.1942934782604042,0.08016304347797346,0.8761159765324777,0.5593635250904142,0.9823084850566146,-2.0,0.44742420053442805,205,12,0.0,42.00357142857268,2.0,1.597491709888615,3.0818807924422966,0.5670057865806556,0.8646616541331922,1,VWAP_REVERSION,SELL,49006.75,49073.85,48872.55,2025-02-21 12:40:00+05:30
2,40.48304646327114,0.15766473154282057,-0.9643564866339449,-1,-0.3783726170898991,0.49021708492309374,2.215150118916609,0.4747706421996854,0.1582568807331172,0.3669724770626103,0.48329374505137357,0.6915544675625912,0.8584509156409219,2.0,0.31537549832985323,125,11,0.0,45.107142857142335,2.0,1.0743467933491535,1.3756136183659935,-1.122021218174278,0.6749226006170006,1,VWAP_REVERSION,BUY,48428.25,48379.79,48525.17,2025-02-24 11:20:00+05:30
2,53.0542576106774,0.3341795440446994,0.39363297134407754,1,-0.25829946122692893,0.6747745330861254,2.0105288066487614,0.5469061876223875,0.31736526945994836,0.13572854291367215,0.8700074423220929,0.6726457399072098,0.762020990969093,2.0,0.3129049203290714,255,13,0.0,28.79285714285756,2.0,1.3798313073677502,2.6534358719828584,0.059453427299171656,0.8229303547936893,0,VWAP_REVERSION,BUY,48665.95,48626.22,48745.41,2025-02-25 13:30:00+05:30
2,41.04303062051503,0.023976825209648757,-0.6774757174895532,-1,0.8828716856060191,0.5010979085938819,8.238470876648694,0.40771637121925597,0.5411887382678737,0.05109489051078475,0.6151942815248951,0.5743902439018095,1.0096745822339555,-2.0,0.689553496208727,75,10,1.0,77.94285714285641,2.0,1.137939882697959,1.9232038123142847,-0.701452542698302,0.7711482791881774,0,VWAP_REVERSION,SELL,48406.7,48495.39,48229.31,2025-02-28 10:30:00+05:30
2,41.58944909188386,-0.32119478454237904,-0.7661514178628884,-1,0.5753772890008724,0.6181937529288095,5.011538952467022,0.5927021696239404,0.28500986193243827,0.12228796844164896,0.7295338917725096,0.6103470857883222,1.0723852520692123,-2.0,0.6673687166524451,95,10,1.0,69.49642857142837,2.0,1.6130273909244421,1.602240608456489,-0.44495663331986907,0.8954433062507079,0,VWAP_REVERSION,SELL,48398.8,48510.9,48174.6,2025-02-28 10:50:00+05:30
2,51.29487205219555,0.9438569739454291,0.5373339348357355,-1,-1.1197027422012362,0.6959428053713326,5.469598556385926,0.6602687140102953,0.1573896353163451,0.18234165067144012,0.8210727753700465,0.5257870060274167,1.1148922551739053,2.0,0.382311415893432,285,14,0.0,63.45357142857132,2.0,1.668863623571797,2.2323408566407346,-0.4065230391090528,0.7289771932268756,1,VWAP_REVERSION,BUY,48268.25,48162.35,48480.04,2025-02-28 14:00:00+05:30
2,50.86144667251665,0.9116650350592163,0.5075508218890883,-1,-0.18559160104987416,0.758692757607152,3.0214177809466194,0.7046496398157626,0.0995415848066632,0.19580877537626448,1.3466456692913007,0.7318224740307638,0.9677545691905381,2.0,0.19355058631030658,170,12,0.0,56.69642857142909,2.0,1.9466771653542982,1.9807244094452303,-0.40411421316941526,1.3884342607721127,1,VWAP_REVERSION,BUY,47983.25,47872.88,48203.99,2025-03-03 12:05:00+05:30
2,55.27260456675266,-0.018568764448639686,0.7314678157527911,1,1.2991287254068458,0.712818529857164,6.161657582966752,0.6783216783208476,0.19198982835321632,0.12968849332466467,1.1006047278723792,0.5471464019844655,1.155733087519921,-2.0,0.3711480774474531,220,12,0.0,71.46071428571408,2.0,1.6588984956769688,2.1424359038402585,0.7500365802003811,1.0548551502131323,0,VWAP_REVERSION,SELL,48113.5,48232.05,47876.41,2025-03-03 12:55:00+05:30
2,52.49710639773568,-0.15704058127124765,0.18791578877905024,1,0.154289127837476,0.5472290409843689,3.5475712316799832,0.5296052631567821,0.4188596491218699,0.05153508771915496,0.5883870967741748,0.8742411101459281,0.6794628951467117,-2.0,0.7343079243530011,85,10,0.0,77.5,2.0,1.4122580645161853,2.1948387096745683,0.34495637004985275,0.7621594517787416,1,VWAP_REVERSION,SELL,48241.2,48350.65,48022.3,2025-03-04 10:40:00+05:30
2,48.1115081650378,-0.05540249469776745,-0.39975458034547395,-1,-0.6143472298650707,0.2745820511846278,3.8757587712943518,0.9175392670130856,0.03795811518325665,0.04450261780103981,0.8408144013836409,0.8038585208986987,1.0185589519649545,2.0,0.6513516649261721,160,11,0.0,45.432142857142544,2.0,1.7045908340538725,3.170662683744224,-0.3443520856469485,0.8521079634155455,1,VWAP_REVERSION,BUY,48205.45,48128.01,48360.34,2025-03-04 11:55:00+05:30
2,54.65306850483105,0.3233417480106263,0.5008806437896555,1,0.024290810408462527,0.42944503553466873,4.391029669385287,0.5397039030939671,0.21265141318922962,0.24764468371411144,0.6829492482437441,0.7984555984544327,1.1615838031778662,2.0,0.6642062473254807,120,11,0.0,54.39642857142826,2.0,1.5964217713871838,1.641651894160131,0.1775388957787027,0.8257390531210971,1,VWAP_REVERSION,BUY,48500.7,48413.86,48674.38,2025-03-05 11:15:00+05:30
2,49.943273812054485,-0.35609275781877825,-0.10319860369030587,1,0.6156452476776788,0.4666271967378328,4.57984832922965,0.8213820078205751,0.07692307692280337,0.10169491525401392,0.7301781585747225,0.46994535519011077,0.6328660532328635,-2.0,0.6990563255674697,130,11,0.0,52.52142857142722,2.0,1.7459948320413117,2.7683938528438663,0.2528941541279909,0.9025653094824694,1,VWAP_REVERSION,SELL,48607.0,48698.7,48423.6,2025-03-07 11:25:00+05:30
2,43.03661063675655,0.023947572282364566,-0.8895520440169871,-1,-1.3833940618808522,0.3023497063470468,6.737232107743388,0.6602870813380525,0.2224880382770338,0.11722488038252132,1.0272974633547736,0.436363636362375,0.8689236111111331,2.0,0.38410498378047586,190,12,0.0,40.6892857142853,2.0,1.6323444220134153,2.03001843236575,-0.9134996162971065,1.0748264335277977,0,VWAP_REVERSION,BUY,48500.2,48433.78,48633.04,2025-03-07 12:25:00+05:30
2,47.45823433809751,0.4274996080646102,-0.09651922183450791,-1,-1.680019904479861,0.506409245818251,3.629869236656046,0.6349809885916669,0.12547528517072007,0.23954372623507814,0.9842288158245707,0.3708086784994957,0.6477459390401091,4.0,0.2718044037745912,300,14,0.0,40.08214285714296,2.0,1.3524280495412098,2.494876592705165,-0.5240188298978107,1.178667463396359,1,VWAP_REVERSION,BUY,48454.4,48400.19,48562.82,2025-03-07 14:15:00+05:30
2,50.76217686590483,0.5054805148259693,0.2036181313270391,-1,-0.07879541754954224,0.5453637762848818,3.0000016410144794,0.8753894080969558,0.10436137071614518,0.02024922118378379,0.8281581129641288,0.52439024390116,1.0142238713667469,2.0,0.6350469520927442,135,11,0.0,38.76071428571387,2.0,1.775665714548996,1.7620934303832714,-0.3018623834981514,0.929895712627592,0,VWAP_REVERSION,BUY,48484.5,48415.67,48622.15,2025-03-10 11:30:00+05:30
2,52.77938726144157,0.2880325719812449,0.4506359483817497,1,0.3194175384217465,0.689767196791176,3.596547727197122,0.470852017935853,0.11659192825082616,0.4125560538103312,0.907206509104937,0.5602189781000624,0.7450713800136485,-2.0,0.6751551806459655,205,12,0.0,36.87142857142784,2.0,1.2106160402945083,3.6979852770146104,0.1626033764000638,0.7949144486672378,0,VWAP_REVERSION,SELL,48497.1,48541.74,48407.83,2025-03-10 12:40:00+05:30
2,40.81921400363024,-0.1654995657066,-1.2136590385176516,-1,-2.600639863973047,0.2564546050497987,8.152494047841515,0.6852646638043585,0.12446351931318653,0.1902718168810244,1.3136452110879993,0.5090497737544541,0.8545780969480044,2.0,0.23064687168604436,170,12,0.0,53.21071428571512,2.0,1.7350090610108313,2.091684005634053,-1.0481594728090817,1.189382337925462,1,VWAP_REVERSION,BUY,47931.95,47839.63,48116.59,2025-03-12 12:05:00+05:30
2,42.14842812401255,0.0076081998369693605,-0.9681565492120606,-1,-2.413444337415564,0.2988347858926124,8.04761656400154,0.43859649122653127,0.08070175438578388,0.48070175438417617,0.5490573826888587,0.6852646638043585,1.3136452110879993,3.0,0.2553022269352499,175,12,0.0,51.90714285714369,2.0,1.673001238475338,2.1442135681808363,-0.97576474904715,0.5223607038113398,0,VWAP_REVERSION,BUY,47941.25,47854.41,48114.93,2025-03-12 12:10:00+05:30
2,53.354137687556054,-0.7795929779875981,0.07581801498144608,1,0.14989405123544444,0.47559564185624853,5.932926739469376,0.40674603174521295,0.29662698412647365,0.29662698412632926,1.120088895944186,0.7836787564746832,0.8286437169362824,-4.0,0.648939867917741,105,11,0.0,44.99642857142732,2.0,1.629010238907883,2.3412969283224743,0.8554109929671431,1.2182741116722258,1,VWAP_REVERSION,SELL,48251.45,48324.75,48104.85,2025-03-13 11:00:00+05:30
2,52.309626530152265,0.6781108111016334,0.4516694708403157,-1,-0.5403478404221588,0.6073266263772156,3.5778264581793153,0.6220858895689898,0.2036809815946636,0.17423312883389255,1.1285855588526212,0.37611408199489943,0.7846937756020442,2.0,0.42440041710099874,275,13,0.0,36.107142857142854,2.0,1.4819980217606792,2.3527200791231797,-0.22644134026069054,1.1167443135074635,0,VWAP_REVERSION,BUY,48186.85,48133.34,48293.87,2025-03-13 13:50:00+05:30
2,57.96023245955613,-0.5026652363834413,0.37850160874089156,1,1.6280419122461947,0.31220988951881723,2.256678609213346,0.5079545454533579,0.1340909090906374,0.3579545454537319,1.210216110019629,0.6403326403301546,0.66938369781299,-2.0,0.8367986990356971,170,12,0.0,36.35714285714338,2.0,1.3322200392928374,1.6791748526476966,0.8811668451219091,1.3592832869899434,0,VWAP_REVERSION,SELL,49685.0,49733.44,49588.13,2025-03-19 12:05:00+05:30
2,57.48153351213542,-0.06976184667290293,0.43935793324090694,1,2.610057588768379,0.6066282045757129,2.159654729555352,0.5902061855637738,0.04123711340199623,0.36855670102907545,0.5553056634635312,0.487804878046401,0.5864323661626377,-3.0,0.9103055411701835,275,13,0.0,34.93571428571522,2.0,0.7168472704969914,1.1378041300314703,0.5091197799123526,0.7686212361301079,1,VWAP_REVERSION,SELL,49764.25,49789.29,49714.16,2025-03-19 13:50:00+05:30
2,60.71690581244047,-0.2400241913218387,0.840335154600697,1,2.7903840621404026,0.6594528661564988,6.600489168762841,0.714864864862854,0.21486486486440212,0.07027027027004101,0.7451093210586912,0.6966911764691819,1.098197548666227,-3.0,0.7731526749543929,295,14,0.0,49.65714285714265,2.0,1.7150747986191195,1.7862485615613688,1.08035934592036,0.7734113712358509,0,VWAP_REVERSION,SELL,50048.4,50133.57,49878.07,2025-03-20 14:10:00+05:30
2,58.42641774378916,-0.7478865142922897,0.4796811470781773,1,2.0611722195653024,0.5346471491695423,7.3363785119711435,0.6766040181455404,0.07712248865841272,0.24627349319475067,1.4758488761358657,0.5813953488351897,0.5552323518977897,-2.0,0.8034961760573108,145,11,0.0,52.27499999999937,2.0,1.9660927785749405,2.771879483495476,1.2275676613681186,1.5523138832966592,0,VWAP_REVERSION,SELL,50406.75,50509.53,50201.19,2025-03-21 11:40:00+05:30
2,55.283594045570716,-0.9179795028756684,0.09536950707366364,1,1.6641506860301625,0.45839449772447394,6.816893284173867,0.4161849710969123,0.0,0.5838150289001974,0.6752631212099889,0.6766040181455404,1.4758488761358657,-3.0,0.7727485562664665,150,11,0.0,51.23928571428509,2.0,1.9384331219069257,3.2357984247515703,1.0133490099473543,0.7912188428977635,0,VWAP_REVERSION,SELL,50387.05,50486.37,50188.4,2025-03-21 11:45:00+05:30
2,58.51760614885219,-0.1349295854989178,0.6148159964092029,1,3.179564226934525,0.6137309375375012,3.9065610647228857,0.6248037676588803,0.2794348508625396,0.0957613814754404,0.8584079314661113,0.3862179487165169,0.8326343881053303,-2.0,0.9026065241141075,225,13,0.0,37.10357142857226,2.0,1.2333140822024498,1.609009529305592,0.7497455819061,0.953592814368535,1,VWAP_REVERSION,SELL,50470.25,50516.01,50378.73,2025-03-21 13:00:00+05:30
2,62.36710848415515,-0.6540225395082928,0.9160891666386672,1,1.8159216858390885,0.4876537965291593,6.208303975178011,0.6445565969709238,0.14996395097313162,0.20547945205450252,0.9717745971374047,0.7727930535433627,0.47451807524396544,-2.0,0.782421193140898,140,11,0.0,71.36428571428561,2.0,1.412981683515143,2.1187068361495305,1.5701117061447598,1.222672778559179,0,VWAP_REVERSION,SELL,51557.9,51658.74,51356.23,2025-03-24 11:35:00+05:30
2,53.15814641863188,-0.6144123924131785,-0.10895995187386741,1,2.055041445468788,0.3780524107864344,2.830390207714854,0.40348964012993027,0.4601962922564258,0.13631406761146292,0.8967588711931809,0.6498172959797138,1.6256276076656344,-3.0,0.8451073005441112,245,13,0.0,51.12857142857164,2.0,1.8563565241687936,2.215982117905744,0.5054524405383225,0.8844521604922432,0,VWAP_REVERSION,SELL,51618.95,51713.86,51429.12,2025-03-24 13:20:00+05:30
2,48.69097225905837,0.41832967375060526,-0.1001027037746898,-1,-0.9592895666644267,0.41502710479761784,4.879489043395361,0.6730268863821726,0.0,0.3269731136160928,0.7232402885433177,0.6448422044270529,1.296827959335054,3.0,0.3706690900828338,160,11,0.0,79.7107142857146,2.0,1.8431784578161285,2.2763564675807717,-0.5184323775246447,0.6806375442730356,0,VWAP_REVERSION,BUY,51786.95,51640.03,52080.79,2025-03-25 11:55:00+05:30
2,49.36311749951696,0.730619023611229,0.17821161152783307,-1,-1.9944448943233215,0.5771693599407159,3.9214790168351867,0.6992582602823314,0.22859069453774641,0.0721510451785735,1.2729613733905716,0.6744394618823027,0.9713752333540671,2.0,0.24924385633266707,260,13,0.0,58.25000000000052,2.0,1.8579399141630486,2.554506437763882,-0.5524074120824476,0.9680156657950815,1,VWAP_REVERSION,BUY,51666.8,51558.58,51883.25,2025-03-25 13:35:00+05:30
2,64.91570271374378,0.19687250501415865,1.1493063758088164,1,0.6911187321986458,0.7459439171291167,6.355361264591247,0.42563482466690045,0.4812575574359454,0.09310761789594496,0.7953561860273844,0.3590697674412466,0.5356062493327204,-2.0,0.8512382723352468,60,10,0.0,103.97857142857121,2.0,0.9463282269698694,1.6902521123841716,0.9524338707937418,1.2705484713454633,0,VWAP_REVERSION,SELL,51554.4,51652.8,51357.6,2025-03-27 10:15:00+05:30
2,58.537866888101284,-0.13754697412765832,0.7296800582746001,1,0.9830574756378656,0.5560064779949992,2.956465208206317,0.597385620913623,0.013071895424802426,0.3895424836589601,0.6306677658697509,0.57708508845734,0.9610224381216609,-2.0,0.8688237169268574,125,11,0.0,60.64999999999937,2.0,1.3893652102227134,1.8845836768312552,0.8672270324008285,0.7234726688089448,0,VWAP_REVERSION,SELL,51595.95,51680.22,51427.42,2025-03-27 11:20:00+05:30
2,50.0434233267062,-0.6907822114830137,-0.40206083261213643,1,0.49437079012076307,0.14012382834848697,2.9614472626558124,0.751655629136801,0.11258278145639897,0.13576158940348887,0.9040949427990119,0.4555765595444765,0.7784317847381876,-2.0,0.8435607268089168,195,12,0.0,33.40357142857153,2.0,1.4845824869025923,1.7498128942531956,0.2887213788700129,0.9535838332776571,0,VWAP_REVERSION,SELL,51580.1,51629.69,51480.92,2025-03-27 12:30:00+05:30
2,45.95177856511712,0.0791251630769302,-0.512200821277898,-1,-1.1064479948726822,0.35218779585700466,6.269513536010623,0.41911764705780546,0.33210784313636943,0.2487745098033741,0.6973081853139692,0.4620689655162735,0.8262108262108151,2.0,0.23438987892797533,155,11,0.0,58.51071428571439,2.0,1.5723799060001717,1.7039614234237577,-0.5913259843538176,0.7029634734652954,0,VWAP_REVERSION,BUY,51531.15,51439.15,51715.15,2025-03-28 11:50:00+05:30
2,36.5495023081166,-0.7782900001630222,-1.898492832014178,-1,-2.1782265775699927,0.15985601768270336,6.722970893804877,0.5747409965460618,0.08288110508133485,0.3423778983716167,0.8469780629756595,0.6238354037261984,1.0620177866776792,2.0,0.22535523978682323,85,10,1.0,119.6607142857148,2.0,1.3723474108341944,4.0192807043690815,-1.1202028318502197,0.6498044495732173,0,VWAP_REVERSION,BUY,51160.5,50996.28,51488.93,2025-04-01 10:40:00+05:30
2,39.007231154140534,0.16479255502072807,-1.1985426121547098,-1,-3.738298096139651,0.38779196309607544,5.707740904232136,0.627436823103745,0.2404332129960637,0.13212996389874718,0.8740927737456599,0.8413333333311673,0.4763200870985283,2.0,0.12475447258054648,175,12,0.0,79.22500000000011,2.0,1.390627958346487,1.5007888923931993,-1.363335167173717,1.0666974738122625,1,VWAP_REVERSION,BUY,50859.5,50749.33,51079.84,2025-04-01 12:10:00+05:30
2,44.753654818193944,0.8282523438174829,-0.26107425880660406,-1,-2.6692541763383075,0.5702759725806668,5.094485744990155,0.8817204301065389,0.1069295101551578,0.011350059737108573,1.0248382018540823,0.627436823103745,0.8740927737456599,3.0,0.20066889632104923,180,12,0.0,81.67142857142868,2.0,1.9929508483470117,2.2370124190981495,-1.089326602622753,1.2374334713168844,0,VWAP_REVERSION,BUY,50931.0,50768.23,51256.53,2025-04-01 12:15:00+05:30
2,50.50424860843022,-0.4888745333695643,-0.13590586513383696,1,0.7787437643404959,0.4454328303643546,3.670405085852617,0.7922403003735804,0.06758448060051384,0.14017521902340263,0.9330997664330296,0.8170212765940372,1.0932048513042008,-2.0,0.7932901862367489,265,13,0.0,42.814285714285816,2.0,1.9276609943276117,1.9584584584538454,0.35296866823490297,1.037123572167541,0,VWAP_REVERSION,SELL,51208.65,51291.18,51043.59,2025-04-02 13:40:00+05:30
2,55.369383718222444,-0.06912918647312405,0.5734616210899425,1,1.8731034482760744,0.5444035328045682,2.4556397559284826,0.40390879478740316,0.3300760043423566,0.2660152008680686,1.1856551724136966,0.6256983240190439,0.46214845550948896,-2.0,0.9222785421190954,165,12,0.0,38.8392857142852,2.0,1.0938390804597204,1.9696551724087479,0.642590807561412,1.3762701733370353,1,VWAP_REVERSION,SELL,51479.8,51522.28,51394.83,2025-04-03 12:00:00+05:30
2,49.04655196382597,-0.2969769887983178,-0.291286560469307,1,0.6128315208827714,0.27941260606242085,2.3984850000356737,0.63857868020169,0.03959390862944987,0.32182741116682967,1.2257777777777776,0.6348195329058073,0.6207286077380022,-2.0,0.868533268967601,230,13,0.0,40.17857142857143,2.0,1.2050666666666512,2.238755555549911,0.0056904283289966415,1.1533957845405851,0,VWAP_REVERSION,SELL,51446.4,51494.82,51349.56,2025-04-03 13:05:00+05:30
2,62.458248547148585,0.6265711381060015,1.5501985404477323,1,3.1566470272621796,0.8484890895278088,5.72465498564052,0.5698113207533201,0.304402515722468,0.12578616352169614,0.8027986151182953,0.48585485854737287,0.816206525636458,-2.0,0.917014371812579,280,13,0.0,49.514285714285506,2.0,1.3652914021928375,3.924120023073365,0.9236274023398654,0.7040382571719839,1,VWAP_REVERSION,SELL,51598.95,51666.55,51463.75,2025-04-03 13:55:00+05:30
2,55.592609375844525,0.10160642170812925,0.6184113341681892,1,0.046302207587087314,0.7177427218464785,3.6656814876054677,0.4246713852371781,0.5131445904949236,0.06218402426688722,0.9304794865764083,0.7758892036507621,1.5421260661535214,-2.0,0.5588059701491203,30,9,1.0,106.2892857142854,2.0,1.8381808406975775,3.9397197674772366,0.5168049124595737,0.6317066939188736,1,VWAP_REVERSION,SELL,51708.85,51904.23,51318.09,2025-04-04 09:45:00+05:30
2,53.50752579533048,0.6827898262652804,0.5506215423139139,-1,0.19032930791995326,0.5540047610966167,5.174544172577058,0.6420704845808022,0.0,0.35792951541809653,1.109733740724596,0.582534611288022,1.1395631067961214,2.0,0.3736119402984287,100,10,1.0,81.8214285714296,2.0,1.5672195547795778,1.467219554777796,-0.13216828395120495,1.4127897930583475,1,VWAP_REVERSION,BUY,51631.3,51503.07,51887.76,2025-04-04 10:55:00+05:30
2,51.2752966047817,-0.15402995224719682,0.07158695296558742,1,0.29843394951783686,0.4297155244108205,1.9071300937478661,0.4263285024144493,0.41787439613431193,0.15579710144882325,0.71190812503842,0.7671009771961289,0.5094227806091791,-2.0,0.434626865671538,195,12,0.0,58.153571428570494,2.0,0.9477553276423659,1.7084075416048765,0.22561690521239627,0.9339048048704668,1,VWAP_REVERSION,SELL,51656.85,51711.97,51546.62,2025-04-04 12:30:00+05:30
2,37.03138747683037,0.14710814255652233,-1.27047135855106,-1,-0.8175369630936801,0.43388477556108174,3.061211272247225,0.7455947136555106,0.2544052863433881,0.0,0.7869501965518532,0.7848710100561667,0.983142444806076,2.0,0.4007179054053691,135,11,1.0,115.38214285714328,2.0,1.558631256384006,1.8196056582148767,-1.417579501106354,0.9450457951697205,0,VWAP_REVERSION,BUY,49716.7,49536.86,50076.38,2025-04-07 11:30:00+05:30
2,40.14677667902164,-0.05879804541556032,-1.1810016903403528,-1,-1.8523727171185271,0.2885778128971357,5.865644739468206,0.4496124031003105,0.3059431524544491,0.24444444444420682,1.0856410050895797,0.7128851540607047,0.7306750484265392,2.0,0.22907601740461805,125,11,1.0,89.11785714285621,2.0,1.6064320923335917,2.5370897286871004,-1.122203644923533,1.1128364389221228,1,VWAP_REVERSION,BUY,50045.1,49901.94,50331.42,2025-04-09 11:20:00+05:30
2,52.870765221287584,-0.06960309840533915,0.4022361978455195,1,0.508165167355478,0.6743800174471228,3.7065425165141073,0.809852216747144,0.037438423645275096,0.1527093596056104,0.8637247751033248,0.39826086956455004,1.0000621156593432,-2.0,0.5250405255523425,245,13,0.0,58.75714285714327,2.0,1.5985412107949482,2.859226841716485,0.4718392962500556,0.8225283630456685,0,VWAP_REVERSION,SELL,50218.55,50312.48,50030.7,2025-04-09 13:20:00+05:30
2,48.78263816056425,-0.4010440083405155,-0.20554399547695065,1,0.019843983567582678,0.35241602514685794,2.3127828796204297,0.44801512287243167,0.5519848771256779,0.0,0.8993321190042908,0.6113585746090598,0.7618932185927313,-2.0,0.4834058527428601,280,13,0.0,58.82142857142753,2.0,1.3146933819065305,1.445051608983604,0.19550001286323251,1.0332031249980398,0,VWAP_REVERSION,SELL,50194.15,50271.48,50039.49,2025-04-09 13:55:00+05:30
2,64.31021486222464,-0.11163868650928752,1.4268300639170695,1,3.313461587030592,0.6593959092854338,7.485592559311553,0.8382513661183545,0.0,0.16174863387945967,0.904405535159591,0.7137989778509966,0.579589533817609,-2.0,0.8711306075151699,200,12,0.0,50.58571428571252,2.0,1.385936176221481,2.3504659700602737,1.5384687504233157,1.2411828540389844,0,VWAP_REVERSION,SELL,51160.35,51230.46,51020.13,2025-04-11 12:35:00+05:30
2,49.320035578121164,-1.1625787143110797,-0.7253736576087759,1,1.8908260136634754,0.03757817630430583,3.3557414511557493,0.426400759733275,0.10161443494755887,0.4719848053172667,1.2441556249471366,0.43964757709181324,1.3810185989918409,-2.0,0.7853750409432124,255,13,0.0,42.31785714285642,2.0,1.6773482994345477,3.6840239682585842,0.43720505670127063,1.0984769455432342,1,VWAP_REVERSION,SELL,51113.65,51184.63,50971.69,2025-04-11 13:30:00+05:30
2,58.08861382634479,-0.7719739511503207,0.13270679414967382,1,1.1283647740296878,0.28331640691467774,3.6895318434194895,0.6761603375512032,0.1972573839659453,0.12658227848074172,1.233342626150034,0.4728260869546754,0.7399463806970263,-2.0,0.8009491903962812,205,12,0.0,38.432142857142544,2.0,1.5688226001299965,1.6249419198916297,0.9046807452976406,1.484962406010377,0,VWAP_REVERSION,SELL,52293.65,52353.94,52173.06,2025-04-15 12:40:00+05:30
2,64.45194333267452,-0.22330611233817713,0.9129307734271291,1,-0.05485198670251636,0.6522292857176951,8.163722454976968,0.6725092250915677,0.1609778597784874,0.1665129151290223,1.2012031027386565,0.4999999999989035,0.5348077406384176,-2.0,0.6961681441233392,60,10,0.0,90.24285714285725,2.0,1.2773785024537152,1.3773943327513933,1.1362368857640472,1.841345337180531,1,VWAP_REVERSION,SELL,52714.8,52830.07,52484.25,2025-04-16 10:15:00+05:30
2,61.113204271895704,-0.14412733982885256,0.8372764821728691,1,0.35535058823525906,0.6131260621191795,6.677435648766719,0.9126344085997075,0.0,0.08736559139760436,0.47616000000005587,0.36956521739029846,0.48002806156003314,-3.0,0.6963089153888155,80,10,0.0,78.125,2.0,1.3102400000000372,1.714559999997768,0.9814038220004655,0.6558533145264276,0,VWAP_REVERSION,SELL,53391.45,53493.81,53186.72,2025-04-17 10:35:00+05:30
2,60.441608676973935,-0.774482925400607,0.6430331640619706,1,1.6124292831206635,0.5237428246925427,7.141978502502547,0.8965135583830119,0.045379081350315646,0.05810736026556559,1.4615517938645504,0.38562091503188234,0.9146029035012097,-2.0,0.793074618546533,125,11,0.0,61.817857142857456,2.0,1.8163325437634934,2.487145415675668,1.4175160894602845,1.4168104124174767,1,VWAP_REVERSION,SELL,55812.7,55924.98,55588.14,2025-04-22 11:20:00+05:30
2,41.71844261379451,0.10628519839393209,-0.7663519694078725,-1,-1.9584467541037935,0.41575477095403385,5.096274325380767,0.4922644163137249,0.17299578059008816,0.3347398030933739,0.41054194506305425,0.5182427401332886,0.7623256568277835,2.0,0.11434522537918372,135,11,0.0,86.59285714285683,2.0,0.7201435288295113,1.456817619399478,-0.8726371678007968,0.45553562275692394,1,VWAP_REVERSION,BUY,55269.55,55207.19,55394.27,2025-04-23 11:30:00+05:30
2,51.48725488372909,1.1294683571669004,0.6383435959047619,-1,-0.5509579975109167,0.8775130018851167,3.509592518942482,0.6231802911526321,0.07502799552067911,0.301791713325569,1.1398094543465689,0.8121387283227605,1.1041210795040086,2.0,0.23600726340522768,150,11,0.0,78.34642857142899,2.0,1.909910197383388,2.224734466879622,-0.4911247612615116,1.3302547296271339,0,VWAP_REVERSION,BUY,55383.45,55233.82,55682.72,2025-04-23 11:45:00+05:30
2,52.80427301968084,-0.6526384296787996,0.15949995314621454,1,1.574449019567629,0.5149360508154301,5.040976670465292,0.798391151331563,0.1070889894418407,0.09451985922559077,1.1423062723058437,0.6514215080338163,0.9827758254153574,-2.0,0.4631206881866544,315,14,0.0,87.06071428571315,2.0,1.7804364770070433,2.2352217253943354,0.8121383828240812,1.1399587345241524,1,VWAP_REVERSION,SELL,54720.2,54875.21,54410.19,2025-04-25 14:30:00+05:30
2,60.932670454614914,-0.039434470147880825,1.1671826640418976,1,0.364910052910061,0.6546421540709794,9.863324288569482,0.4289632473939912,0.36588041689480444,0.20515633571010725,0.8680952380952434,0.8267813267802426,0.6435509374294156,-2.0,0.8305641163069986,70,10,1.0,105.00000000000104,2.0,1.304285714285743,1.774761904760183,1.2066171341886291,1.2114566719813595,0,VWAP_REVERSION,SELL,55202.2,55339.15,54928.3,2025-04-28 10:25:00+05:30
2,47.29464596774681,-0.17302751915776704,-0.2392733328104485,-1,0.1625777265808134,0.3962000217540182,2.504331732518917,0.6809210526310103,0.045230263157855374,0.27384868421031194,0.9644506132623664,0.37727603787273384,0.5584706121618954,-2.0,0.6792624334500273,40,9,0.0,126.082142857144,2.0,1.0795201540945263,1.8476050194019449,-0.06624581365262891,0.9915198956287048,1,VWAP_REVERSION,SELL,55354.75,55490.86,55082.53,2025-04-30 09:55:00+05:30
2,40.2428609319941,-0.31674322757864404,-1.0956765733557268,-1,-1.1382942076930924,0.2364740582279035,4.62198318040105,0.4105075690108862,0.031166518254618664,0.5583259127327141,0.6088842415088672,0.5215801024133147,0.6837197670679738,2.0,0.2641837800208212,90,10,0.0,92.21785714285683,2.0,1.334576507493852,2.466984237633366,-0.778933345776238,0.7289367778778322,1,VWAP_REVERSION,BUY,55161.15,55038.08,55407.29,2025-04-30 10:45:00+05:30
2,46.16130709704819,0.36864259337269395,-0.2800068077072794,-1,-0.4087985030983676,0.41407020846359605,5.389329109783899,0.5766345123246077,0.39657020364329615,0.026795284029952442,0.5848744011104856,0.557588075880001,0.907390330654763,2.0,0.407471864485344,105,11,0.0,79.76071428571387,2.0,1.1518962969597006,2.4335288586366244,-0.6486494010791601,0.8419057931766247,0,VWAP_REVERSION,BUY,55222.9,55131.02,55406.65,2025-04-30 11:00:00+05:30
2,41.63264576560481,-0.10635408580159303,-0.957607484566433,-1,-2.4355647665574387,0.2760036109819256,6.657114818607131,0.6189999999987038,0.3429999999993431,0.0379999999999531,0.6733358984224663,0.3837429111523006,0.714313271604956,2.0,0.24911452184175006,160,11,0.0,74.25714285714328,2.0,1.2399576760292887,1.8920738745645824,-0.8512533987636935,0.7718431614683945,0,VWAP_REVERSION,BUY,55246.75,55154.67,55430.9,2025-05-02 11:55:00+05:30
2,42.80218340226659,0.06159712417231358,-0.7656348975689439,-1,-1.9453515074523067,0.3255655906415061,3.86416608950075,0.8497164461232165,0.060491493383571876,0.08979206049132117,0.9184597259254852,0.40803571428495966,0.9353934259977233,2.0,0.14293502953200754,190,12,0.0,57.59642857142899,2.0,1.4655360575432406,2.0079370000585324,-0.8272320217398211,0.9758347168401535,0,VWAP_REVERSION,BUY,54873.9,54789.49,55042.72,2025-05-05 12:25:00+05:30
2,46.23875872332216,0.43069025200676386,-0.20919829930265407,-1,-1.7831367422785542,0.49541500853604914,3.5817177542692833,0.48275862068818504,0.1619190404793253,0.3553223388294911,0.646228373702381,0.759505703420575,0.9870652101065108,2.0,0.1560822898031921,220,12,0.0,51.6071428571439,2.0,1.790657439446391,1.800138408301002,-0.639888551308178,0.7889756328346045,1,VWAP_REVERSION,BUY,54873.75,54781.34,55058.57,2025-05-05 12:55:00+05:30
2,52.54779424435505,0.5590914453552843,0.5050367679184863,-1,-0.610401574473449,0.7836096742896601,2.3265278400343594,0.4641943734004018,0.0,0.5358056265970406,0.8513881328252115,0.5426677713329995,1.3330703692015873,2.0,0.2020114716743663,255,13,0.0,45.92500000000083,2.0,1.4935764833967904,1.393576483393783,-0.05405467743668031,0.7651663405072804,0,VWAP_REVERSION,BUY,54529.15,54460.56,54666.34,2025-05-06 13:30:00+05:30
2,48.56866068854607,0.1731261727941498,-0.12090225704671607,-1,-0.8323176018829729,0.3892800253566347,4.056017236738156,0.419924337956087,0.4867591424956753,0.09331651954571556,0.8251207729468724,0.8104575163377504,0.8039333433418248,2.0,0.5549136786187823,215,12,0.0,48.05357142857247,2.0,1.1613154960981575,1.725157933849989,-0.29402842984025396,1.0086491986746375,0,VWAP_REVERSION,BUY,54337.75,54281.94,54449.36,2025-05-07 12:50:00+05:30
2,56.359393034074586,0.39837474178726845,0.9555232688445623,1,0.5354608290038054,0.8033704100869798,4.91953303041999,0.5280632411059075,0.47193675889251147,0.0,1.349538977367977,0.6386861313856619,1.215366336633728,-2.0,0.6185258964142605,300,14,0.0,46.86785714285725,2.0,1.6821077497523784,3.7915110873957896,0.5571485270561051,1.0621326616270996,0,VWAP_REVERSION,SELL,54385.65,54464.49,54227.98,2025-05-07 14:15:00+05:30
2,38.25450268411343,0.16644599725760814,-0.9979626859562719,-1,-0.2754641889109396,0.4897566442604873,2.9113563147157913,0.7617753623174216,0.17934782608666744,0.05887681159409934,0.6125312091308706,0.5878442545097331,0.564416708143514,2.0,0.35273002078209104,105,11,0.0,90.11785714285672,2.0,1.099247017794087,1.8847540918617303,-1.164408683212588,0.7971119133562076,1,VWAP_REVERSION,BUY,53712.2,53613.14,53910.32,2025-05-09 11:00:00+05:30
2,43.56380618184507,-0.153875675112896,-0.6608522999954547,-1,-0.4798613490255616,0.42656188545878504,3.4987392167632136,0.6700942587821729,0.11739502999120781,0.21251071122490553,0.7243626690312388,0.5299334811521771,0.8351115421920602,2.0,0.3198564141318156,160,11,0.0,80.55357142857143,2.0,1.2197517180226216,3.9259587674524528,-0.5069766248819293,0.7347015865011999,0,VWAP_REVERSION,BUY,53694.8,53596.54,53891.31,2025-05-09 11:55:00+05:30
2,47.6807328822408,0.3980685733566557,-0.004030407206036832,-1,-0.3091295116772045,0.5006979387817155,4.663413402945849,0.7648870636535059,0.16940451745346102,0.06570841889097967,0.868535031847106,0.45753899479902954,0.485923965351285,2.0,0.33393160778380054,215,12,0.0,56.07142857142701,2.0,1.2164331210191532,1.3099363057301323,-0.4020989805619754,1.0557121179253042,0,VWAP_REVERSION,BUY,53702.25,53634.04,53838.66,2025-05-09 12:50:00+05:30
2,58.956552986755995,0.1724819831010992,0.9039053672727398,1,1.0643604598514906,0.5371495470170061,5.664089644957006,0.5345291479810257,0.06188340807171618,0.4035874439454644,1.0601738657973419,0.7246790299562268,1.2318313041295132,-2.0,0.8219719659757023,210,12,0.0,52.585714285714076,2.0,1.8609345286607228,4.0562347188187635,0.7314233841702498,0.7329739679191078,0,VWAP_REVERSION,SELL,55244.15,55342.01,55048.43,2025-05-12 12:45:00+05:30
2,44.454575438511775,0.20897887717992672,-0.4702285230613275,-1,-1.8577502528078431,0.3918313610730614,4.9162478360875586,0.4227848101254382,0.40886075949267264,0.16835443037935746,0.6055628558913633,0.5950819672120676,0.8670490887862224,3.0,0.1343469591226067,265,13,0.0,65.22857142857227,2.0,1.3394875164257556,1.5208059570717412,-0.679207400240213,0.730534492323417,0,VWAP_REVERSION,BUY,54978.7,54891.33,55153.45,2025-05-13 13:40:00+05:30
2,45.714153920110476,0.2811710898679244,-0.29684758158793356,-1,-2.0438507830764783,0.5019301770750972,2.561041775179352,0.5838870431882598,0.26079734219231143,0.15531561461776763,1.0173829068083593,0.5091093117398745,0.8254460822343016,2.0,0.12490785486114662,290,14,0.0,59.171428571429715,2.0,1.3886286817962026,1.7854901013972622,-0.5780186714548811,1.159029649593488,0,VWAP_REVERSION,BUY,54965.45,54883.28,55129.78,2025-05-13 14:05:00+05:30
2,43.2088195690876,0.3285242154356127,-0.45289636411120926,-1,-3.9598553331663555,0.5574449874329072,2.8526506885723024,0.5331807780307521,0.08352402745980196,0.38329519450715754,0.8358494432679304,0.9999999999978609,0.8033632011783507,2.0,0.2284698996655164,295,14,0.0,52.28214285714265,2.0,1.4819249948767146,1.4832980394807955,-0.7814205795453274,1.055045871557023,1,VWAP_REVERSION,BUY,54654.95,54577.47,54809.91,2025-05-14 14:10:00+05:30
2,51.02523419852299,-0.2955211158663196,-0.018609235960978545,1,0.9415330236906099,0.4752841749349195,2.1593272954709577,0.6076923076900824,0.11153846153808852,0.280769230767983,0.6379808956270232,0.6943573667689972,0.7560521415270307,-2.0,0.6478986527244432,315,14,0.0,40.75357142857164,2.0,1.191928840592418,1.5777758303353382,0.27691187990466154,0.6235011990392504,0,VWAP_REVERSION,SELL,55331.35,55379.93,55234.2,2025-05-16 14:30:00+05:30
2,51.46129772283276,-0.5396195672443713,-0.10807509221857123,1,0.7009487841452322,0.266592833115304,2.3833545515450054,0.555555555554572,0.04410517387606347,0.40033927056766816,1.144422103584635,0.5845360824729916,0.9014869888475872,-2.0,0.718095746099294,165,12,0.0,51.51071428571439,2.0,1.6288081536434293,1.9869652638109918,0.4315444750249623,1.1556557537715766,0,VWAP_REVERSION,SELL,55565.8,55649.7,55398.0,2025-05-19 12:00:00+05:30
2,53.85837139050477,-0.26428788100895867,0.22927181319073792,1,1.3649589482983426,0.5111906250648084,2.5278289487518752,0.6610878661070911,0.3193863319376741,0.01952580195244534,0.7322197096797458,0.677806341044196,1.168251698248106,-2.0,0.7977443609020448,205,12,0.0,48.960714285714076,2.0,1.7482602669779919,2.8767962652214782,0.4935596941986885,0.8059802158255144,1,VWAP_REVERSION,SELL,55614.85,55700.45,55443.66,2025-05-19 12:40:00+05:30
2,39.024582344270335,-0.003808376936767298,-0.8564328348215311,-1,-0.4457385562357484,0.33156607014939465,6.023629831104708,0.5879396984910861,0.1809045226125575,0.23115577889384378,0.554676223184452,0.4369085173487737,0.38319734058624416,2.0,0.16026785714282787,70,10,0.0,71.75357142857112,2.0,0.8226121148772787,1.0459409685913883,-0.8526244578835755,0.8468085106364295,1,VWAP_REVERSION,BUY,55192.15,55133.12,55310.2,2025-05-20 10:25:00+05:30
2,54.5598957741293,-0.6830767604655639,0.20689874230120933,1,0.29996751859737447,0.496511857895696,5.903725285333668,0.45390835579464317,0.4490566037731164,0.09703504043116222,1.5128742863800486,0.37860082304464426,1.0531203566121767,-3.0,0.6615707064478668,105,11,0.0,61.30714285714306,2.0,1.85265058837238,2.3855295351236787,0.8899755027653214,1.5297707405549859,1,VWAP_REVERSION,SELL,55199.6,55313.18,54972.44,2025-05-21 11:00:00+05:30
2,49.751412631534116,0.7239282220050371,0.19436725512724803,-1,-1.150466692539626,0.5560264084375947,4.992525647073209,0.7547062179112106,0.047917855105527714,0.19737592698212078,0.948336489045195,0.8242169237954318,1.189891524615544,2.0,0.44679204395937067,225,13,0.0,92.42499999999927,2.0,1.861969164187181,1.905869624017444,-0.5295609668772161,0.97562333036403,1,VWAP_REVERSION,BUY,54979.45,54807.36,55323.63,2025-05-21 13:00:00+05:30
2,57.03337387080007,1.1628310239204496,1.0733837128359829,-1,-0.013103027038648705,0.8853785909884724,3.8670501614775574,0.7809466019408566,0.0934466019415972,0.12560679611633255,0.8528444165157472,0.7608261159217293,0.8036561113660269,2.0,0.6017336119494504,240,13,0.0,96.61785714285672,2.0,1.7710161534765507,2.801242006428947,-0.08944731108437426,0.9324431368100994,0,VWAP_REVERSION,BUY,55079.55,54908.44,55421.77,2025-05-21 13:15:00+05:30
2,53.085978916908594,0.643980879341191,0.5760188933353129,-1,-0.8689641208551612,0.905627324760957,2.272010955697731,0.8181818181797524,0.15420023014932732,0.027617951668618714,1.055709822978204,0.5628742514951655,0.8114533622559802,2.0,0.2921582234558523,285,14,0.0,41.15714285714421,2.0,1.501943769524292,1.7566817077361128,-0.06796198600571296,1.0090571295843336,0,VWAP_REVERSION,BUY,54681.85,54620.03,54805.48,2025-05-22 14:00:00+05:30
2,59.08326075852481,0.14629889813074676,0.9580384813531755,1,2.606199903701818,0.6880126706375769,4.312518152681714,0.6043656207350652,0.2878581173251413,0.10777626193706497,0.6539638032118549,0.46153846153731604,0.694188916311379,-2.0,0.8778382111713932,220,12,0.0,56.04285714285704,2.0,1.0644404792250708,1.6781799643100863,0.8117395832209803,0.6660003634369372,0,VWAP_REVERSION,SELL,55362.9,55422.55,55243.59,2025-05-23 12:55:00+05:30
2,56.72962463658527,0.15076054067856975,0.5893119845867305,1,2.784164093160929,0.6577763139874451,2.0442807729866725,0.40855457227012076,0.24778761061877036,0.34365781710815896,0.6870295309786094,0.5481611208388453,0.5703481735158981,-2.0,0.9223755964551892,295,14,0.0,49.34285714285683,2.0,1.0231325998842182,2.8109438332312364,0.43855144390727197,0.7647191518142539,1,VWAP_REVERSION,SELL,55395.75,55446.23,55294.78,2025-05-23 14:10:00+05:30
2,52.82035041658416,0.7995027448182154,0.48394630950246725,-1,-1.134030195641549,0.7116304272278242,4.215806372883122,0.42237442922307333,0.381278538812224,0.19634703196318057,1.1781734340976764,0.8388625592398107,0.7291126743181008,4.0,0.4073911130663603,160,11,0.0,55.764285714286025,2.0,1.4763289355706983,2.8199052132650695,-0.3155564353151823,1.365052981505661,0,VWAP_REVERSION,BUY,55539.0,55456.67,55703.65,2025-05-26 11:55:00+05:30
2,54.654585439843636,0.8797629016930345,0.7088747152640544,-1,-0.8283065953654349,0.9576562147506231,2.8722433075983207,0.41687657430628217,0.0,0.5831234256911989,0.7218181818182544,0.42237442922307333,1.1781734340976764,5.0,0.4353717553892792,165,12,0.0,55.00000000000052,2.0,1.6199999999999584,2.8590909090856838,-0.17088818642866935,0.8835967059851871,0,VWAP_REVERSION,BUY,55554.9,55465.8,55733.1,2025-05-26 12:00:00+05:30
2,59.32945717835251,-0.03747520123558938,0.8628519718361359,1,1.9408142537843582,0.7140736177448105,7.319518930589964,0.5587326120552258,0.2082689335392269,0.23299845440477449,0.9472170662204928,0.4771917320025322,1.071109172210722,-3.0,0.6222432262129021,150,11,0.0,136.61071428571555,2.0,1.791668191681231,2.978536508847245,0.9003271730710664,0.8129161955014446,1,VWAP_REVERSION,SELL,55531.6,55776.36,55042.08,2025-05-27 11:45:00+05:30
2,47.91010511931849,-0.8565642806725273,-0.4121684738588509,1,0.9337302128101277,0.41425975611525706,5.98176429801624,0.6501865671637359,0.06032338308456566,0.2894900497510766,1.3076587958525907,0.4088740458012091,0.8136645962732527,-5.0,0.512224322621239,190,12,0.0,122.96785714285787,2.0,1.5540385118061844,2.127791815513357,0.4443958068133151,1.768587769465728,1,VWAP_REVERSION,SELL,55444.3,55635.4,55062.11,2025-05-27 12:25:00+05:30
2,52.00863010819739,-0.09354641164452256,0.24804454391206213,1,0.33006496307082867,0.5852935614251836,3.0173781738620695,0.6428571428560909,0.04220779220770106,0.31493506493458473,1.0460941290635255,0.7517531556781666,0.6049696969697164,-2.0,0.5217467248906423,115,11,0.0,58.88571428571491,2.0,1.4271470160116573,2.3494662785016636,0.3415909555560046,1.2073696589548835,1,VWAP_REVERSION,SELL,55384.9,55468.94,55216.82,2025-05-28 11:10:00+05:30
2,56.67726087839686,0.049893225936189646,0.8125015849517291,1,1.512445065443858,0.736547730849687,5.599897997205093,0.4837935174056445,0.23769507803066842,0.27851140456128604,1.0027515047291713,0.9142011834301732,1.2484390115204407,-2.0,0.6917030567683173,235,13,0.0,41.5357142857148,2.0,1.8647463456576432,2.9312123817641873,0.7626083590137034,0.8650051921062034,1,VWAP_REVERSION,SELL,55433.55,55511.0,55278.64,2025-05-28 13:10:00+05:30
2,46.43113827215922,-0.7120788875885949,-0.5408637909277649,1,-0.04827614670152712,0.3828300541458633,3.9092110895489127,0.4352226720641985,0.2199730094463422,0.3448043184881097,1.3893129770991877,0.5895734597144945,1.0553015147184648,-2.0,0.47371179039284256,260,13,0.0,53.33571428571512,2.0,1.3505691710190728,2.232087853216673,0.17121509666050894,1.186739269696998,0,VWAP_REVERSION,SELL,55371.15,55443.18,55227.08,2025-05-28 13:35:00+05:30
2,36.420473903871624,-0.20777724563320957,-1.1813580570110016,-1,-2.7597130128470453,0.26476405420185256,4.372140464463513,0.7169042769829753,0.2830957230129514,0.0,0.4747893355436292,0.39178082191681457,0.6795212765957381,2.0,0.06900726392250908,155,11,0.0,51.707142857144,2.0,0.8716535433070545,1.8208316065719603,-0.9735808113759091,0.5621708266531995,1,VWAP_REVERSION,BUY,55187.05,55141.98,55277.19,2025-05-29 11:50:00+05:30
2,44.632994445568855,0.3990372719845504,-0.2795028700977548,-1,-2.4006790433803578,0.5710667177232877,2.8478511874247694,0.49519230769135536,0.47499999999903053,0.029807692307690953,1.321713870733454,0.5535117056838379,0.7592962089606614,2.0,0.10999654098925607,190,12,0.0,39.34285714285787,2.0,1.3327523602032663,1.8605664487969051,-0.6785401420805806,1.4903983949513278,0,VWAP_REVERSION,BUY,55210.75,55158.32,55315.62,2025-05-29 12:25:00+05:30
2,56.09308683140726,0.8412096127944059,0.8048764027556198,-1,0.06817285545280888,0.6438554423309255,4.282105360785453,0.6005056889997017,0.1314791403284661,0.26801517066930375,0.8227951556579703,0.5535512965039089,0.9250595947556252,2.0,0.44441248381980414,125,11,0.0,48.067857142857974,2.0,1.6790177576343603,1.85466973771811,-0.03633321003871052,0.9251461988282818,0,VWAP_REVERSION,BUY,55511.1,55430.39,55672.51,2025-05-30 11:20:00+05:30
2,61.24848185509052,-0.23679329651479375,0.8499987312546957,1,2.3468336623329904,0.6640209540822315,8.193223220543775,0.6611817501859676,0.11368735976046883,0.22513089005206768,1.1389801630765177,0.4766690595828963,1.236416661383389,-2.0,0.7385512073270646,290,14,0.0,58.692857142857456,2.0,1.9724595351100789,2.1288791529718503,1.0867920277676377,1.1376786929864553,0,VWAP_REVERSION,SELL,55667.05,55782.82,55435.51,2025-05-30 14:05:00+05:30
2,45.7907297279446,-0.14683617188770914,-0.44346787470240273,-1,0.37305358407845957,0.32847532267748547,4.593405715352596,0.41442307692233593,0.41923076923001895,0.16634615384572202,0.5838245318577274,0.6484448633352445,0.6027919811703862,-2.0,0.49902987970494495,35,9,0.0,89.06785714285797,2.0,1.109342796423296,2.630578611809796,-0.2966317028143605,0.6103286384969259,0,VWAP_REVERSION,SELL,55593.45,55692.26,55395.84,2025-06-02 09:50:00+05:30
2,43.844570929794315,0.08745674678476328,-0.6411612493794051,-1,-1.8016264841288723,0.3355448835892516,3.727901345377548,0.6269230769213948,0.19871794871743917,0.1743589743586019,0.6614974557790034,0.8419825072876139,1.425010386373059,2.0,0.17080987440447198,195,12,0.0,58.957142857144,2.0,1.7724012599951575,2.603586140048841,-0.7286179961629324,0.712198685170331,0,VWAP_REVERSION,BUY,55682.75,55578.25,55891.74,2025-06-03 12:30:00+05:30
2,45.74093089898388,0.5406338027833059,-0.18895605760155146,-1,-2.1052836256366794,0.45783213394766065,4.846687661585148,0.6672297297286355,0.16131756756722926,0.17145270270244609,0.8683989941323952,0.5642857142848647,0.9311163895486865,3.0,0.1945153061224218,255,13,0.0,68.17142857142868,2.0,1.6593042749371911,2.1533948030143764,-0.729589860383787,0.9036788276584874,1,VWAP_REVERSION,BUY,55593.05,55479.93,55819.28,2025-06-03 13:30:00+05:30
2,48.247373529749986,0.7047723451513574,0.10395077579994315,-1,-1.861939887702228,0.5369865830537813,4.834065149233176,0.5271122320289527,0.30895334173943645,0.16393442622908871,0.6111416932731681,0.6672297297286355,0.8683989941323952,4.0,0.22328514739225286,260,13,0.0,64.87857142857163,2.0,1.9611692172189603,2.433777386322367,-0.6008215693504881,0.6453450520823127,0,VWAP_REVERSION,BUY,55613.35,55486.11,55867.83,2025-06-03 13:35:00+05:30
2,42.76637527573319,-0.10994775722525114,-0.6373521359397568,-1,-0.42665041154115685,0.2576781117478455,3.9047986622830786,0.6254180601990958,0.03567447045712476,0.33890746934154964,0.5647090565699043,0.798696596667911,0.8392585840170472,2.0,0.2446099568795864,40,9,0.0,79.42142857142919,2.0,1.2785232484935565,2.6302725065170565,-0.5274043787138416,0.6070655116397409,1,VWAP_REVERSION,BUY,55501.95,55400.41,55705.03,2025-06-04 09:55:00+05:30
2,49.686853163027344,-0.43704216777488536,-0.2197562633317794,1,1.1838637294821026,0.19728247681148461,1.8711200736850495,0.7130307467035492,0.1800878477301079,0.10688140556341467,1.101866789582878,0.605194805191737,0.6355382619973907,-2.0,0.619495622631491,235,13,0.0,30.992857142857765,2.0,1.5906660520855733,1.7810555427459098,0.21728590444240492,1.2084217975895228,0,VWAP_REVERSION,SELL,55645.4,55694.7,55546.8,2025-06-04 13:10:00+05:30
2,51.37754377596778,0.1375521088739261,0.07388551800709238,-1,-0.23628296880925895,0.3575741172601687,2.8819728504401163,0.41025641025562315,0.36489151873692144,0.224852071005483,0.949501705571621,0.6831345826213149,0.545285647933098,2.0,0.539776951672678,105,11,0.0,53.39642857142826,2.0,1.2049428131897664,1.48699083673058,-0.06366659086671447,1.195472765854377,1,VWAP_REVERSION,BUY,55725.65,55661.31,55854.33,2025-06-05 11:00:00+05:30
2,58.0319998747747,-0.34072024900433456,0.48958585415645706,1,4.993904538093798,0.30994318505273644,2.169230908662311,0.6594871794858566,0.3107692307684739,0.02974358974361828,0.8450965824665463,0.40118870727962247,0.593287576349109,-2.0,0.915460128199303,230,13,0.0,57.68571428571574,2.0,1.3134720158493547,2.1773155027203925,0.8303061031593523,1.1858428606149112,0,VWAP_REVERSION,SELL,56555.9,56631.67,56404.36,2025-06-06 13:05:00+05:30
2,56.4587177502767,-0.11451536184270036,0.5297752021537541,1,5.474796747967499,0.6666239156320768,3.215881318705238,0.6447467876030345,0.04837490551764979,0.306878306877804,1.3485256643610024,0.6118143459897901,0.7561531449407961,-2.0,0.9393234216762806,315,14,0.0,49.05357142857143,2.0,1.5351656352385181,2.8244630505949564,0.644290563995141,1.1679025423706986,1,VWAP_REVERSION,SELL,56624.6,56699.91,56473.99,2025-06-06 14:30:00+05:30
2,54.224195669377075,0.009960757248832976,0.2508069270575725,1,-0.16377626422911673,0.3031938520303459,3.849827746045536,0.7676508344010613,0.1553273427467702,0.07702182284960106,0.9398483281628007,0.6683467741922499,1.1474840948524796,2.0,0.5482866043611624,140,11,0.0,41.442857142857456,2.0,1.9543605653221845,3.0439503619368242,0.2408461698081584,0.905392840537287,0,VWAP_REVERSION,BUY,56933.5,56852.51,57095.49,2025-06-09 11:35:00+05:30
2,53.456911537525386,0.4785878064690278,0.3776109681288434,-1,0.03802444819621379,0.6040012108448746,2.762727022187837,0.6577540106929297,0.1550802139031225,0.18716577540038284,0.8839617332584067,0.7712177121741026,0.8108570207308918,2.0,0.5543224299063426,235,13,0.0,31.73214285714234,2.0,1.5433314575127852,1.9050084411871873,-0.1009768383398662,1.0509554140089332,0,VWAP_REVERSION,BUY,56935.05,56886.08,57033.0,2025-06-09 13:10:00+05:30
2,45.55078249246312,0.0056400960813934005,-0.5259526646294286,-1,-1.446790876376561,0.31194053345069606,3.651183534753295,0.5937499999977753,0.38602941176322475,0.020220588235323533,0.9085053083622726,0.40097799510906534,1.317078780908571,2.0,0.3502725856696586,315,14,0.0,29.939285714286857,2.0,1.6280925682928964,2.6370034593733203,-0.5315927607090464,0.7545076282920338,0,VWAP_REVERSION,BUY,56882.65,56833.91,56980.14,2025-06-09 14:30:00+05:30
2,43.861133221527915,-0.2469304735508407,-0.5078293838714706,-1,0.0023099549957229467,0.40565423345178014,3.808728349087154,0.8354591836714002,0.07908163265282823,0.0854591836732206,0.5620359465410014,0.6768226332956002,0.5391158600460584,-2.0,0.35744776454721033,70,10,0.0,69.74642857142837,2.0,1.1796251728198837,2.2359567822180706,-0.26089891032025586,0.9067777006686899,1,VWAP_REVERSION,SELL,56729.4,56811.67,56564.85,2025-06-10 10:25:00+05:30
2,39.32690643154602,-0.2714334246764973,-1.2366236616019481,-1,-1.7658830620855623,0.2522459647724393,6.320799639847304,0.8161350844246604,0.0,0.1838649155715873,0.6425557564798486,0.46210995542217015,0.799151823579349,2.0,0.11952370253872234,145,11,0.0,41.47499999999958,2.0,1.0355033152502102,2.218203737185753,-0.9651902369231236,0.7222222222203044,0,VWAP_REVERSION,BUY,56623.5,56580.55,56709.4,2025-06-10 11:40:00+05:30
2,55.146591937763226,0.28538372545311186,0.7798297071300949,1,0.4012798532154678,0.7924006628380589,5.207123366232611,0.426791277257296,0.381619937693446,0.1915887850461427,0.9732539252843598,0.7147147147123748,1.0104031209363182,-2.0,0.2652212985845192,235,13,0.0,32.982142857144936,2.0,1.4401191120736807,2.59534380075013,0.4944459816754839,0.9616536848384235,1,VWAP_REVERSION,SELL,56688.35,56735.85,56593.35,2025-06-10 13:10:00+05:30
2,58.87912636788817,0.2575183464190946,1.1555505127372983,1,2.7229775029438916,0.7265488792215588,5.184042906978419,0.648484848482052,0.04242424242418861,0.30909090908971903,0.6789458214950543,0.4791929382081055,1.0650422102839903,-2.0,0.8732917409385571,165,12,0.0,36.45357142857132,2.0,1.2699813853236483,2.477123542659889,0.89803216631574,0.6496062992108934,1,VWAP_REVERSION,SELL,56737.8,56784.1,56645.21,2025-06-11 12:00:00+05:30
2,35.3743238042163,-0.1974225141200716,-1.6499468502336052,-1,-3.4776059953986205,0.279967458203867,9.64882136047997,0.5771324863862818,0.2377495462787094,0.1851179673313791,0.5867498288583449,0.6881578947350694,0.8045368620037718,3.0,0.17058209344813818,305,14,0.0,46.95357142857237,2.0,1.4918004107400993,2.2341218528894244,-1.45252433611044,0.6960586154606645,0,VWAP_REVERSION,BUY,56464.75,56394.7,56604.84,2025-06-11 14:20:00+05:30
2,45.22137296003109,-0.07595985675369867,-0.4897350427445269,-1,-0.6499367641035138,0.32096063325713925,3.458251444236568,0.5585714285697079,0.2599999999994234,0.18142857142801147,0.5237001015336883,0.4451410658300258,0.8568687643899014,2.0,0.2998740780714778,70,10,0.0,66.83214285714348,2.0,1.34715438465238,1.7813284882141092,-0.41377518599020907,0.64504238849862,0,VWAP_REVERSION,BUY,56416.45,56326.42,56596.52,2025-06-12 10:25:00+05:30
2,48.797308718334726,0.8013611645692416,0.23430500685480213,-1,-1.2921843334216163,0.7249993451417327,2.7906602598870736,0.812400635927401,0.0,0.18759936406941943,0.7759273944840177,0.5260869565200454,0.8294693456980792,2.0,0.25897280966759706,185,12,0.0,40.53214285714317,2.0,1.5408317913470402,2.64358093223404,-0.5670561577130403,0.8467959073751454,0,VWAP_REVERSION,BUY,56304.45,56242.0,56429.36,2025-06-12 12:20:00+05:30
2,40.30374267542521,0.197318496694141,-0.9336755763709023,-1,-3.5339803616663583,0.31611468447971147,7.064901968647757,0.6704730831966977,0.21261555193012496,0.11691136487208971,1.5311329170383101,0.57281553397984,1.2955974842767057,2.0,0.1683137499027066,300,14,0.0,60.05357142857143,2.0,1.900892060660163,2.456140350873103,-1.13099407306316,1.3565948657400566,1,VWAP_REVERSION,BUY,56076.65,55962.49,56304.96,2025-06-12 14:15:00+05:30
2,40.60094956058168,-0.5457585477746529,-1.197037190895805,-1,-0.13324984637233522,0.3225718905562388,4.086826692352565,0.7156959526145585,0.18460019743296774,0.0997038499504994,1.0967442579847022,0.5799999999984533,0.81225342306799,-2.0,0.7281663088914934,150,11,0.0,46.18214285714358,2.0,1.6373907663753495,2.4251798004741785,-0.6512786431197418,1.105412483629193,0,VWAP_REVERSION,SELL,55471.55,55547.17,55320.31,2025-06-13 11:45:00+05:30
2,61.58035766699091,0.4024023000175368,1.401383195222014,1,3.559119554355807,0.7948137607852618,4.431063070741088,0.45027322404285886,0.4808743169388396,0.06885245901611571,0.8835092075315574,0.6905055487036735,0.7670585056072693,-2.0,0.8830364058867358,210,12,0.0,51.78214285714265,2.0,1.2664252707083112,3.057038416436537,0.998980895202548,0.7280394653075856,0,VWAP_REVERSION,SELL,55837.45,55903.03,55706.29,2025-06-16 12:45:00+05:30
2,52.632212880822465,-0.680922522659791,-0.03407607745096284,1,3.692637027955615,0.41953611747631925,3.275189461979311,0.730598669621399,0.26940133037638375,0.0,1.1058761712934564,0.8250688705213625,0.9049951028402742,-4.0,0.8646557719052773,310,14,0.0,40.78214285714161,2.0,1.9831771608721607,2.0903756896350116,0.6468464452072421,1.1994680851032005,0,VWAP_REVERSION,SELL,55878.8,55959.68,55717.04,2025-06-16 14:25:00+05:30
2,42.79668268524271,-0.40359152296223183,-0.879031683283648,-1,-1.1266622112550098,0.260861348418763,3.8930396365188114,0.5180327868836428,0.0,0.4819672131130785,0.6585441085749374,0.3847328244262617,0.6641558629680401,2.0,0.13359669599565605,115,11,0.0,46.31428571428686,2.0,0.7650215916100884,2.6611659469405176,-0.4754401603203896,1.0153129161084415,0,VWAP_REVERSION,BUY,55826.05,55790.62,55896.91,2025-06-17 11:10:00+05:30
2,48.14838676930163,0.19790191369202595,-0.04332090103819625,-1,-1.6326153846154712,0.5696271901048606,2.3589369842069496,0.6687598116149768,0.14913657770754485,0.18210361067433875,0.7839999999999542,0.42037037036875957,0.6473156948368819,2.0,0.23686498571600023,275,13,0.0,40.62500000000052,2.0,1.1473846153846723,1.6024615384577168,-0.2412228147296284,0.8805640033151634,1,VWAP_REVERSION,BUY,55635.25,55588.64,55728.48,2025-06-19 13:50:00+05:30
2,49.97233441616467,-0.7892604473022004,-0.3764153695348784,1,2.405146156907218,0.4279550240147201,4.916313078020962,0.5716019417461955,0.37014563106702353,0.05825242718435378,0.9670550758656449,0.7512054001915205,1.2304432579031988,-2.0,0.8533284023667355,285,14,0.0,42.60357142857122,2.0,1.7219297510268414,1.8859921200391394,0.4128450777663529,1.036217303820426,1,VWAP_REVERSION,SELL,56143.25,56216.61,55996.53,2025-06-20 14:00:00+05:30
2,61.22159086721,-0.0462267322791602,0.8698021479231745,1,2.8312314204778475,0.67428415527747,6.4665548317317505,0.6104294478508239,0.25153374233060577,0.13803680981550284,0.522944714981461,0.5804449042932194,1.5774992713494578,-2.0,0.7620515078140406,295,14,0.0,62.33928571428727,2.0,1.8340590088799846,1.920939558862525,0.9160288802008651,0.5615848406537268,1,VWAP_REVERSION,SELL,56125.45,56239.78,55896.78,2025-06-23 14:10:00+05:30
2,48.59386454097683,-0.9505006933780474,-0.4117601198987143,1,1.394924512938404,0.43279305103831706,5.691779932465977,0.7616071428558088,0.14285714285688775,0.0955357142855177,0.8648171639732818,0.8063457330397021,0.7185938114225207,-4.0,0.5816640986131194,305,14,0.0,64.7535714285732,2.0,1.7995201588439955,3.0175941757164204,0.5387405734785011,0.9462656302788499,1,VWAP_REVERSION,SELL,56043.5,56160.03,55810.45,2025-06-23 14:20:00+05:30
2,60.85195111263978,-0.29207841825740105,1.0039893006677663,1,2.0980379097680015,0.641128712205613,6.82730549210926,0.8464163822514041,0.12354948805437924,0.03003412969285136,1.444061113849243,0.39426877470287575,0.9856685682482415,-2.0,0.7689143711826657,180,12,0.0,50.724999999998026,2.0,1.927501232134114,1.9635288319330915,1.2960677189226122,1.5854978354944536,1,VWAP_REVERSION,SELL,56769.3,56867.07,56573.76,2025-06-24 12:15:00+05:30
2,57.079974905371586,0.18532010408100863,0.76820110334377,1,0.12539105863356434,0.7693760896739206,3.8539698304019376,0.4379432624105081,0.3758865248220963,0.18617021276562254,0.7968513472600802,0.7044198895014274,0.732264123681582,-2.0,0.6442169907878572,35,9,0.0,70.77857142857205,2.0,1.3277727318599748,2.8384297103603005,0.5828809992619378,0.8605431797362435,0,VWAP_REVERSION,SELL,56578.0,56671.98,56390.04,2025-06-25 09:50:00+05:30
2,53.55502077280097,-0.3334457490213973,0.3099793964464631,1,0.18846777718138727,0.42758173967006596,2.456048272782429,0.6046025104575627,0.39330543932893525,0.0020920502093179135,0.6477591714258689,0.4750957854397851,1.3310263181859292,-2.0,0.7465711361307017,105,11,0.0,36.89642857142722,2.0,1.2857516213338662,1.4147710773361828,0.6434251454661165,0.7110978875314182,1,VWAP_REVERSION,SELL,56603.0,56650.44,56508.12,2025-06-25 11:00:00+05:30
2,47.205878051101294,-0.21123632176757384,-0.552193747111018,-1,-0.9232589446802477,0.24024648623729916,4.002237692433485,0.5415472779354301,0.19340974211978157,0.2650429799419229,1.2205845615788358,0.5981452859330834,1.1633701515542503,2.0,0.5891504605934188,175,12,0.0,28.59285714285787,2.0,1.6598301274046414,2.90806894827859,-0.34095742534225165,1.1606252078444976,1,VWAP_REVERSION,BUY,56564.55,56517.09,56659.47,2025-06-25 12:10:00+05:30
2,51.63035550019647,-0.6454172094751691,-0.0632470672379038,1,0.9881153542862323,0.5200819110079887,7.072953058169723,0.6244665718340995,0.1842105263155819,0.19132290184889617,0.871127633209457,0.4373783257618699,0.9797901812071854,-2.0,0.500578480524391,215,12,0.0,80.69999999999969,2.0,1.3571251548947274,2.097893432463368,0.5821701422365438,0.9735493698920311,0,VWAP_REVERSION,SELL,56817.95,56927.47,56598.91,2025-06-26 12:50:00+05:30
2,53.28657745480048,-0.21236815273888968,0.23159242764834648,1,1.6631820151615457,0.4317522936721371,4.502297307525715,0.4818368745708553,0.43454420836132984,0.08361891706644406,1.091307367633752,0.5270903010026587,1.1346018322762437,-2.0,0.6010412649439744,250,13,0.0,66.84642857142951,2.0,1.6580488326119758,2.267884810596543,0.443960580386572,0.9757891920800724,0,VWAP_REVERSION,SELL,56870.05,56980.88,56648.38,2025-06-26 13:25:00+05:30
2,58.31546182490768,-0.04732843578267515,0.8653244300796982,1,1.6666009487445952,0.6855808838165375,7.558282158422274,0.485714285713495,0.456277056276241,0.05800865800853236,1.1225269003818006,0.4307524536522228,0.8970095025154783,-2.0,0.7902853848369019,120,11,0.0,51.44642857142909,2.0,1.2264144394306964,1.7348143005866834,0.9126528658605993,1.1161577116329224,0,VWAP_REVERSION,SELL,57268.0,57331.09,57141.81,2025-06-27 11:15:00+05:30
2,56.71426379854863,-0.3012455393351492,0.4562767131834239,1,2.6684794534925667,0.588103526148165,3.5814291548725623,0.5667903525036253,0.3311688311681808,0.10204081632633853,1.4193548387096924,0.526027397258753,0.9462086843810708,-2.0,0.8620280218473404,225,13,0.0,37.97500000000063,2.0,1.6299539170506414,1.7932850559530766,0.7575222525165782,1.4434922335258662,0,VWAP_REVERSION,SELL,57356.85,57418.75,57233.06,2025-06-27 13:00:00+05:30
2,48.04024151286115,-0.8098313820042472,-0.5415377305650226,1,2.161948795312096,0.11586195049972003,2.163794659584731,0.7535101404032422,0.20124804992125986,0.045241809672377835,1.0095623804703093,0.48708487084682994,0.8442367601245487,-4.0,0.8185620619487196,300,14,0.0,31.7464285714294,2.0,1.678130273371476,1.905726178416717,0.26829365143837947,1.0916212534024081,0,VWAP_REVERSION,SELL,57355.9,57409.17,57249.35,2025-06-27 14:15:00+05:30
2,52.40408001566939,0.2527547984597067,0.17631708600254878,-1,-0.02231027277072274,0.4834645887289818,2.1223000492367934,0.4394463667811238,0.520761245673914,0.0397923875432321,0.8279107837119292,0.6547368421043647,1.0334110334110334,2.0,0.3193753217778073,50,10,0.0,69.81428571428582,2.0,1.4328217720482619,1.8692449355405978,-0.07643771245704847,1.0034722222205306,0,VWAP_REVERSION,BUY,57416.2,57316.17,57616.26,2025-06-30 10:05:00+05:30
2,58.142232454540625,0.15348825001311747,0.9464698404550347,1,1.5478502570868113,0.7608367050767776,5.397029922216337,0.5008130081282633,0.4682926829253537,0.030894308943130933,0.7743502113499456,0.5918367346926316,1.1617791246992497,-2.0,0.5352068203345376,190,12,0.0,39.710714285714076,2.0,1.546712833887798,2.6919687022146945,0.7929815904399202,0.7260920897267388,1,VWAP_REVERSION,SELL,57467.3,57528.72,57344.46,2025-06-30 12:25:00+05:30
2,62.58359806197739,0.2296539973606722,1.3350774015043827,1,4.530365744815389,0.7761788993191393,3.9449474009949554,0.526027397258753,0.3438356164374939,0.1301369863010133,0.9852501687072317,0.6262458471739811,0.814771848414505,-2.0,0.8916558018250722,305,14,0.0,37.04642857142816,2.0,1.2215656030076585,3.572544104878046,1.1054234041407265,0.8404328804954394,1,VWAP_REVERSION,SELL,57492.3,57537.55,57401.79,2025-07-01 14:20:00+05:30
2,35.71881519004059,-0.21874354759981762,-1.072803943605331,-1,-0.681376018584121,0.24598243199590686,5.715929166095193,0.4510978043903012,0.28143712574792035,0.26746506985978236,0.7637610932650559,0.526548672565305,0.6867437191382563,2.0,0.14801230477988891,55,10,0.0,65.59642857143002,2.0,1.0535580116512642,1.4711166766460613,-0.8540603960042112,0.9440361786301944,0,VWAP_REVERSION,BUY,57268.35,57199.24,57406.57,2025-07-02 10:10:00+05:30
2,41.94297285582945,0.05322858748615384,-0.7196397020355209,-1,-0.6119703557700542,0.3765437145428456,5.4449718194943975,0.48906789413009244,0.07479861910224943,0.4361334867653566,0.8021362167863998,0.6560439560424822,0.8371665133394729,2.0,0.17071829281703,90,10,0.0,54.16785714285652,2.0,1.3147425331310063,1.7187314564483265,-0.7728682895202479,0.9646980461790094,0,VWAP_REVERSION,BUY,57251.45,57180.23,57393.88,2025-07-02 10:45:00+05:30
2,54.416627310852746,-0.3371948180695978,0.31647886010364323,1,0.20781435248129376,0.5763766640548714,5.50347959209456,0.6893939393926166,0.04761904761888455,0.2629870129863343,0.7994067482387277,0.4386363636352675,0.7034774167761022,-2.0,0.674146014735195,85,10,0.0,57.79285714285756,2.0,1.1814485230502807,1.2916821159289367,0.65367367817211,1.1194572328540213,1,VWAP_REVERSION,SELL,57095.95,57164.23,56959.39,2025-07-03 10:40:00+05:30
2,49.312586972616145,0.7040622359859109,0.24477757965338554,-1,-1.325504158650726,0.6646832086009384,4.5390381944080875,0.5624999999986882,0.36151960784222537,0.07598039215663543,1.1012145748988238,0.5679999999981824,0.8218277449046365,2.0,0.28145327621759736,230,13,0.0,37.050000000001354,2.0,1.410391363023016,1.7085020242869027,-0.4592846563312857,1.2710280373792509,1,VWAP_REVERSION,BUY,56712.3,56660.04,56816.81,2025-07-04 13:05:00+05:30
2,52.06289017206155,-0.09202975979060993,0.16442211698538356,1,-0.013251867682263845,0.6462662796363482,2.8570777367343787,0.4088507265516168,0.07727873183607717,0.513870541610985,1.7422324510931353,0.5518248175166794,0.8493490390576521,-2.0,0.6449783614384028,205,12,0.0,43.45000000000021,2.0,1.5004602991944624,2.365937859603356,0.25645187677540326,1.516122571597181,1,VWAP_REVERSION,SELL,57139.15,57204.34,57008.76,2025-07-08 12:40:00+05:30
2,49.6982141003526,-0.16575871699034195,-0.05858404242558297,1,0.3850251005229004,0.4512159919617045,5.77122033309465,0.8014101057559594,0.19153936545197986,0.007050528789710571,0.864022046558914,0.4728079911199612,0.8140690545337808,-2.0,0.5262081309125601,70,10,0.0,49.24642857142836,2.0,1.6655957647399768,2.4235259989797573,0.10717467456454134,0.8542461353125272,0,VWAP_REVERSION,SELL,57140.8,57222.82,56976.75,2025-07-09 10:25:00+05:30
2,47.29377237164246,-0.2139778939277083,-0.39489690217666235,-1,-0.06207909225859904,0.25821365744173463,2.4350464616675502,0.4141048824579513,0.0632911392402741,0.5226039782981581,0.9188226916686867,0.6585365853631828,0.8792270531401325,2.0,0.5300434671437012,165,12,0.0,30.09285714285735,2.0,1.573771659150512,2.9492048421454133,-0.18091900824835289,0.8686773484107154,1,VWAP_REVERSION,BUY,57141.55,57094.19,57236.27,2025-07-09 12:00:00+05:30
2,54.320901815024165,-0.10741898776194962,0.3927859197747447,1,1.7490217789245774,0.598554498729742,3.475030473800979,0.4999999999976703,0.07537688442172627,0.4246231155755784,0.5274017983909447,0.36784741144202043,0.48198874296449906,-3.0,0.8023738872400213,260,13,0.0,37.73214285714338,2.0,1.0805963085659718,1.909512541405307,0.5002049075353686,0.736491487784121,1,VWAP_REVERSION,SELL,57240.7,57281.47,57159.15,2025-07-09 13:35:00+05:30
2,52.6547074560697,0.26124960408739156,0.2862395498970697,1,-0.051742484703507105,0.7090856778545006,1.8260314355370935,0.7017167381958785,0.02038626609447117,0.27789699570750437,0.8677839851024072,0.372115384614641,0.9481018428078508,2.0,0.3128390596743256,30,9,0.0,53.69999999999917,2.0,1.2275605214152565,1.9683426443166085,0.024989945809631563,0.7629338572351347,0,VWAP_REVERSION,BUY,57230.7,57164.78,57362.54,2025-07-10 09:45:00+05:30
2,47.50995838253453,0.02976364430880734,-0.281980445478899,-1,-0.5561555451210247,0.3913527237001006,3.1478182415252722,0.6090835360898802,0.299270072992161,0.0916463909163367,1.3509156362498178,0.43941248469909094,0.9282583996105763,2.0,0.2859453993932286,115,11,0.0,45.63571428571491,2.0,1.6492252308656907,3.41180153387894,-0.3117440897870232,1.370913942625323,0,VWAP_REVERSION,BUY,57187.15,57111.89,57337.68,2025-07-10 11:10:00+05:30
2,39.24722178807333,0.3491090959251775,-0.6817751214570701,-1,-1.8877273373701922,0.4473640609135365,4.811748487122335,0.5308270676676202,0.13834586466119428,0.33082706766817793,0.6364071365096687,0.41749323714988135,1.02164900967291,3.0,0.1715279335875846,140,11,0.0,52.246428571428886,2.0,1.357502221614722,2.3293458199422923,-1.0308842173802744,0.9676949941764865,0,VWAP_REVERSION,BUY,56721.8,56650.88,56863.65,2025-07-11 11:35:00+05:30
2,47.17368716236453,0.6706210841058446,-0.05877996523151789,-1,-1.4073122284295545,0.5069384341639391,5.034972194649091,0.5949535192548585,0.29614873837891864,0.10889774236356677,0.9815642458099441,0.8016336055990559,1.0828519855595726,2.0,0.27722937928718916,170,12,0.0,38.3571428571413,2.0,1.7294227188082314,2.450651769081234,-0.7294010493354609,1.11953612845332,0,VWAP_REVERSION,BUY,56680.3,56613.96,56812.97,2025-07-14 12:05:00+05:30
2,47.06133443727461,-0.805581496908989,-0.6761179271159823,1,0.33877455733906175,0.1897002130262239,2.589610708947051,0.8718592964778941,0.1281407035170809,0.0,0.6003663398340909,0.663265306120459,1.0020868113523145,-2.0,0.7656560927073008,235,13,0.0,33.146428571429816,2.0,1.6899148798621182,2.481413640763889,0.12946356979261614,0.6291495415724768,1,VWAP_REVERSION,SELL,57034.85,57090.86,56922.82,2025-07-15 13:10:00+05:30
2,49.74776847194639,0.23160657005491594,-0.005925369361924179,-1,-0.38067036227899176,0.39567315561594457,3.1584977443857016,0.6760563380262646,0.32394366197091845,0.0,0.8124897825731413,0.351763584365495,1.1863640035543184,4.0,0.34561145022085027,105,11,0.0,43.692857142857974,2.0,1.5624816086315878,2.3321889815215435,-0.23753193941629647,0.8404356060586279,1,VWAP_REVERSION,BUY,57019.7,56951.43,57156.24,2025-07-16 11:00:00+05:30
2,54.480546450068516,-0.617942474032208,0.2185208934020091,1,2.230184268259556,0.5156079170651566,4.709751453827226,0.7467911318534649,0.21470245040797306,0.038506417736228246,0.9487585007117901,0.6258823529396695,0.9422757146250519,-2.0,0.7665270714924353,255,13,0.0,45.16428571428696,2.0,1.7517475881700624,1.6882808793256474,0.836463367432365,1.1332980692909767,0,VWAP_REVERSION,SELL,57193.85,57272.97,57035.62,2025-07-16 13:30:00+05:30
2,45.35859260213791,-1.0657018452043259,-0.8399087640223799,1,1.2949037427930448,-0.09374251979743613,2.083403555915698,0.8216666666652245,0.05583333333321602,0.12249999999989285,1.3852242744063126,0.54262672810923,1.0690595583707472,-2.0,0.6916949402564749,310,14,0.0,43.314285714286335,2.0,1.9608179419524678,2.58228891819994,0.22579308118142466,1.213101496156045,1,VWAP_REVERSION,SELL,57172.05,57256.98,57002.19,2025-07-16 14:25:00+05:30
2,35.89026459642636,-0.02588959814700643,-0.987399861660577,-1,-0.9018492176386925,0.3016437905878868,4.739403383825887,0.5580246913566109,0.34074074073997124,0.10123456790094867,0.8108108108108243,0.36749999999919036,0.8068001728857699,2.0,0.17473774967661637,90,10,0.0,49.94999999999917,2.0,1.317217217217204,1.493493493490499,-0.9615102635116456,0.9747292418749104,1,VWAP_REVERSION,BUY,56975.7,56909.9,57107.29,2025-07-17 10:45:00+05:30
2,43.53075693032258,0.5087948887618521,-0.31021625444654505,-1,-0.2270256522053854,0.45779450779150577,4.531760196956172,0.721006564549712,0.03063457330411943,0.2483588621439803,0.9298742823923627,0.5580246913566109,0.8108108108108243,3.0,0.2682856732288332,95,10,0.0,49.14642857142826,2.0,1.9078628006684861,1.9279122156780892,-0.8190111432067305,1.0720150128992927,0,VWAP_REVERSION,BUY,57008.25,56914.49,57195.78,2025-07-17 10:50:00+05:30
2,42.35009319338404,0.36792916211564336,-0.37537489180344225,-1,-0.967761857707508,0.7085355649394773,2.945204296801498,0.7301980198001464,0.23886138613805002,0.03094059405932824,0.798418972332043,0.581837381202652,0.9242889012827323,2.0,0.25614631221262263,155,11,0.0,50.6000000000001,2.0,1.323320158102747,2.0820158102725324,-0.7433040539176166,0.9300184162041666,0,VWAP_REVERSION,BUY,56333.0,56266.04,56466.92,2025-07-18 11:50:00+05:30
2,49.073090579358876,0.47108555174095457,0.22183408257602616,-1,-1.190397493326228,0.8680912251241655,1.3382034170563923,0.5364647713212609,0.26946847960383913,0.19406674907242774,1.018525179856082,0.5529225908356376,0.7988101676580823,2.0,0.17759344393360038,260,13,0.0,39.71428571428415,2.0,1.133633093525125,1.4931654676220882,-0.2492514691643008,1.1124862486218383,1,VWAP_REVERSION,BUY,56293.7,56248.68,56383.74,2025-07-18 13:35:00+05:30
2,62.805185491400884,0.03405493125292335,1.0101589561066475,1,0.7174629499691488,0.7156713628765967,6.733070586167942,0.9370860927139906,0.022516556291322355,0.04039735099336252,0.6742361421190197,0.3756558237136635,0.43288666818079413,-3.0,0.751977066033864,65,10,0.0,111.97857142857278,2.0,1.2203036295208975,1.1475409836055188,0.9761040248528524,1.186733731529078,0,VWAP_REVERSION,SELL,56636.05,56772.7,56362.75,2025-07-21 10:20:00+05:30
2,43.9122699456848,-0.3732613387482039,-0.9554106405688775,-1,-1.8416901164858084,0.2210838172599877,5.513443369493314,0.489399293284388,0.5035335689027626,0.007067137809315841,0.5663640912015366,0.36686390532436985,0.6337217088523343,2.0,0.09026632099927792,130,11,0.0,49.96785714285787,2.0,0.8664927453362941,2.148381102132728,-0.5821493018195085,0.5961659995774721,0,VWAP_REVERSION,BUY,56900.15,56856.85,56986.74,2025-07-22 11:25:00+05:30
2,52.026364847061274,-0.34010826768571667,0.1855113012217155,1,0.6675256798364058,0.6299644893236885,4.867043984580104,0.497784342687574,0.0,0.5022156573109489,1.912815338042243,0.3622559652911612,0.6959240888506203,-2.0,0.442472198460029,125,11,0.0,35.39285714285818,2.0,1.5805247225025525,2.7251261352090905,0.5256195689059471,1.6724308300353103,0,VWAP_REVERSION,SELL,56819.25,56875.19,56707.37,2025-07-23 11:20:00+05:30
2,63.68304095161551,-0.01260424026487966,1.2744785543791475,1,5.741422778710891,0.7056588641310645,5.970732362629792,0.7883683360234222,0.07431340872337382,0.13731825524997313,0.793953275309133,0.5231416549776209,0.9172946149603379,-2.0,0.8753987240827598,310,14,0.0,38.982142857142854,2.0,1.703298213467673,2.1176362803427873,1.2870827946407253,0.8883467278963852,0,VWAP_REVERSION,SELL,57154.9,57221.3,57022.1,2025-07-23 14:25:00+05:30
2,39.82742725736454,-0.004980758203799678,-0.92793957179834,-1,-1.948570938744032,0.29097678678054917,6.09004386150095,0.7753743760373749,0.093178036605435,0.1314475873538623,0.6562158789581134,0.4354148845159079,1.2713431212615034,3.0,0.16716770453077587,180,12,0.0,45.79285714285652,2.0,1.8000467945718688,2.454531274366878,-0.9229588135925247,0.5924684542575848,1,VWAP_REVERSION,BUY,56928.75,56846.32,57093.61,2025-07-24 12:15:00+05:30
2,47.10451990808005,0.4559481928972374,-0.08276650594610464,-1,-1.5294261974862897,0.5824291048082244,2.8023135365334957,0.7586206896534284,0.11954022988471576,0.12183908045955692,1.044507332132745,0.5901926444811842,0.6648922897779919,3.0,0.1737169851835615,235,13,0.0,41.64642857142878,2.0,1.9645056170139414,2.410770945882237,-0.5387146988420485,1.0853293413146494,1,VWAP_REVERSION,BUY,56931.8,56849.99,57095.43,2025-07-24 13:10:00+05:30
2,57.17132421202206,0.1475242571814622,0.8767074560270182,1,0.8877642825011219,0.7508646758420924,5.468996451458521,0.5994250119782674,0.07139434595109545,0.32918064206967884,1.9111721611722459,0.40933333333239696,0.747011952191232,-2.0,0.42924629589856084,280,13,0.0,54.60000000000063,2.0,1.8930402930401486,2.8635531135478094,0.7291831988442203,1.4973453867104691,1,VWAP_REVERSION,SELL,57050.8,57154.16,56844.08,2025-07-24 13:55:00+05:30
2,47.855279233427154,0.3674211302517148,0.004145967308536891,-1,-2.410842024334863,0.7072950764471947,2.221186909012439,0.5179352580917934,0.08486439195083001,0.3972003499556267,0.9026398916967651,0.9113607990001272,1.3101997896950317,2.0,0.1589634896758988,265,13,0.0,63.314285714286335,2.0,1.9360785198555925,2.3944043321261357,-0.36327516294260415,0.8262252421558346,0,VWAP_REVERSION,BUY,56555.65,56433.07,56800.81,2025-07-25 13:40:00+05:30
2,47.70690630686904,0.07706377425635831,-0.10448924785356656,-1,-2.59910818670268,0.5409579301853272,2.643100370537642,0.5122615803801955,0.0,0.4877384196170797,0.6722491168388945,0.6610608020681977,0.7056138749429831,2.0,0.145767810747962,305,14,0.0,54.59285714285631,2.0,1.1340180557372308,2.2228182650750927,-0.18155302210959232,0.7850267379661974,0,VWAP_REVERSION,BUY,56546.0,56484.09,56669.82,2025-07-25 14:20:00+05:30
2,52.312689834838785,0.23139770579527136,0.4076938380975469,1,1.009536790342753,0.6600794336088066,4.207564260228469,0.5684281842811654,0.37466124661190175,0.056910569105577874,1.0195381882770325,0.6329442282734351,0.5110311523529397,-2.0,0.808325884305751,75,10,0.0,72.38571428571387,2.0,1.1368067890270666,3.029603315567216,0.176296132302032,1.2570260602941752,1,VWAP_REVERSION,SELL,56503.35,56585.64,56338.77,2025-07-28 10:30:00+05:30
2,47.56602259746286,-0.39254611217281365,-0.2888240081256801,1,0.242350549165873,0.5030296385717892,3.9371560872748548,0.7009222661387493,0.15612648221322584,0.14295125164670727,1.028803795323549,0.5684281842811654,1.0195381882770325,-3.0,0.6730941131399149,80,10,0.0,73.77499999999938,2.0,1.8153507285665753,2.252795662484317,0.10372210404699297,1.2522686025387209,1,VWAP_REVERSION,SELL,56450.4,56584.33,56182.55,2025-07-28 10:35:00+05:30
2,45.28863799969595,0.02046285312296698,-0.4925326799958589,-1,-0.7664301180503018,0.336209630607449,3.0327092757761345,0.4319923371638638,0.0,0.5680076628342204,1.1357525837282814,0.3711843711835977,0.8536331149493158,2.0,0.5031285914952068,180,12,0.0,45.960714285714076,2.0,1.2357525837282157,1.5556764317317997,-0.5129955331177097,1.158969804615532,0,VWAP_REVERSION,BUY,56383.85,56327.05,56497.44,2025-07-28 12:15:00+05:30
2,55.10973162956975,0.0933055315467242,0.634832312450011,1,1.0251665017602887,0.725720778480338,4.027733765774995,0.7468230694021764,0.18866080156368162,0.064516129032187,0.9579292355026655,0.8875140607404216,0.8372124310507988,-2.0,0.7012860483239595,140,11,0.0,53.39642857142878,2.0,1.535489264932139,3.272690789907576,0.5415267809022727,0.9874517374498315,1,VWAP_REVERSION,SELL,56244.5,56326.49,56080.52,2025-07-30 11:35:00+05:30
2,50.6638795191037,-0.5176657827418253,-0.09492518652513166,1,0.5988267009772016,0.5287091491909924,5.210540854245205,0.6810631229220576,0.2137320044292308,0.10520487264649671,0.9505977893075016,0.5679796696300526,0.8252565350909793,-4.0,0.657053780202392,175,12,0.0,47.49642857142836,2.0,1.4874727423114167,1.8043461914391135,0.42274059621580357,1.2209302325549156,1,VWAP_REVERSION,SELL,56233.15,56303.8,56091.85,2025-07-30 12:10:00+05:30
2,37.93098947945575,0.5690044376051611,-0.9479910721281327,-1,-0.3586914720420805,0.42719388884029064,8.567004393007874,0.5715756951590492,0.24201853758986766,0.18640576725005328,1.4643184143910815,0.7133655394501786,0.4875504710632956,3.0,0.3492294624437945,90,10,0.0,66.31071428571522,2.0,1.7460386707599547,2.524478914198797,-1.516995509731006,1.681967781046767,1,VWAP_REVERSION,BUY,55691.25,55575.47,55922.81,2025-07-31 10:45:00+05:30
2,48.9946056131853,-0.36375729851779154,-0.040644046565280215,1,1.0564059397392889,0.6542434482272275,6.786850649784145,0.7707509881410739,0.06403162055330446,0.1652173913040406,1.146723646723662,0.38558352402657,0.7638429365128498,-3.0,0.698048931557543,95,10,0.0,55.15714285714213,2.0,1.8676767676767752,1.957135457131882,0.32311325195192553,1.2537165510381854,1,VWAP_REVERSION,SELL,56000.1,56103.12,55794.07,2025-08-01 10:50:00+05:30
2,51.33508145170653,0.005420460828408145,0.2294866524573199,1,0.41775604734935856,0.6692132968743695,3.2095790242648956,0.4056399132313317,0.5889370932741028,0.005422993492396217,0.8304168811116599,0.42602040816249814,1.0667357781520566,-2.0,0.5594161510390067,170,12,0.0,55.514285714285506,2.0,1.1267627380340113,1.9643592382876922,0.22406619162850813,0.9831520580059885,0,VWAP_REVERSION,SELL,55613.6,55676.15,55488.5,2025-08-04 12:05:00+05:30
2,49.46966038426743,-0.04026688601916442,-0.06668761174999886,-1,0.20949157876073554,0.407929624858512,2.865020772166089,0.7279069767408681,0.10930232558081929,0.16279069767366144,0.45755111347571226,0.4002541296050967,0.7947201384881364,-2.0,0.5646517531332506,280,13,0.0,46.98928571428613,2.0,1.6875959565250251,2.9506726457336354,-0.026420725730778215,0.4867557165485955,1,VWAP_REVERSION,SELL,55615.25,55694.55,55456.65,2025-08-04 13:55:00+05:30
2,48.803380141929836,0.4117761005172333,0.07908714632757878,-1,-0.1144710042201493,0.615653835732332,2.5367608876890144,0.8915834522085091,0.09272467902968495,0.015691868758952798,0.7196069804957167,0.5404040404027324,0.7710173145121644,2.0,0.3367512142470613,145,11,0.0,48.707142857144,2.0,1.224065112186555,1.3745417216571534,-0.33268895418897143,0.9099169262697523,0,VWAP_REVERSION,BUY,55463.8,55404.18,55583.04,2025-08-05 11:40:00+05:30
2,52.631330782435114,0.8669800631496613,0.5376089690977613,-1,-0.264289235934266,0.5998995160444274,5.090608267079045,0.43684210526243533,0.24661654135303449,0.3165413533830264,1.4276951387823666,0.9846517119220819,0.8682091082150646,2.0,0.35384615384603246,150,11,0.0,46.57857142857237,2.0,1.8271890814290723,2.1630118080002196,-0.32937109405119275,1.2783544790440347,1,VWAP_REVERSION,BUY,55326.6,55241.49,55496.82,2025-08-06 11:45:00+05:30
2,51.90736051936301,-0.5841964940968994,-0.03421213874056932,1,1.564421778911009,0.4573381064122941,4.372723685687692,0.5284403669705913,0.06422018348600286,0.4073394495397362,0.6430678466076617,0.35244755244652587,0.7759689922480533,-6.0,0.6621947542958467,290,14,0.0,42.37500000000052,2.0,1.3082595870208047,2.6159292035335833,0.5499843553550322,0.8252574197431166,1,VWAP_REVERSION,SELL,55447.35,55502.79,55336.47,2025-08-06 14:05:00+05:30
2,47.44706257108364,-0.9576470737146305,-0.5996156544059287,1,0.8845756802021016,0.32071111429277704,4.332337550832352,0.5263702171655118,0.22337125129211213,0.2502585315403078,1.1150646569474942,0.5284403669705913,0.6430678466076617,-7.0,0.5803436840516715,295,14,0.0,43.360714285714494,2.0,1.675158553661258,2.5230211679375354,0.3580314193078762,1.4162272993514278,1,VWAP_REVERSION,SELL,55420.2,55492.84,55274.93,2025-08-06 14:10:00+05:30
2,47.31905179222127,0.6021495530145421,0.013740030000568637,-1,-1.342709810673785,0.4606934419850526,4.9947698790228365,0.8558786346374327,0.14412136536003878,0.0,0.8403399605403544,0.355648535564142,1.0422052639774808,5.0,0.26562699731552897,285,14,0.0,47.064285714285816,2.0,1.6978145393837771,2.3287297010118624,-0.5884095230127233,0.8529221479387075,1,VWAP_REVERSION,BUY,55077.45,54997.54,55237.26,2025-08-07 14:00:00+05:30
2,49.26372718740838,0.8319633269049506,0.2292956670734474,-1,-1.459298104074225,0.6375371511950175,3.4844522045430364,0.5551211884276169,0.16028146989811476,0.28459734167270456,1.4446147640177174,0.6956066945591718,1.156684815487087,2.0,0.16158536585363037,190,12,0.0,44.2678571428561,2.0,1.985114965711924,2.3267446550976625,-0.6026676598301417,1.49976547842045,1,VWAP_REVERSION,BUY,55171.35,55083.47,55347.1,2025-08-08 12:25:00+05:30
2,58.243966428955936,0.15730402858582718,1.0651988537074748,1,1.250197423496301,0.6941161637993805,7.146459085141491,0.46630727762667606,0.4016172506728269,0.1320754716978016,0.668941979522148,0.8593155893515342,0.6500706214688686,-2.0,0.8478898380719626,90,10,0.0,55.46071428571512,2.0,1.1755360937599633,2.1249275548933992,0.9078948251200105,0.9791501715466139,1,VWAP_REVERSION,SELL,55260.05,55325.25,55129.66,2025-08-11 10:45:00+05:30
2,52.790132359253434,-0.6198876763431513,0.1624834317969524,1,0.5866236652003985,0.5397697483562681,6.687959423287116,0.5117909496488434,0.09623964308459261,0.3919694072652893,1.7784794753460516,0.4437869822466682,0.5784369652026332,-2.0,0.7808236644139324,115,11,0.0,44.110714285714494,2.0,1.8070682535827474,2.4041777993630764,0.78237110813833,1.831232492992819,1,VWAP_REVERSION,SELL,55233.75,55313.46,55074.33,2025-08-11 11:10:00+05:30
2,51.103770215352824,-0.3805827671079344,-0.056672196754186055,1,0.05215475760855292,0.4294008488589155,3.015062888273462,0.8342922899875185,0.06098964326808656,0.10471806674324419,1.0976181883796705,0.6034755134262784,0.41556858147706593,-2.0,0.6641385231824073,55,10,0.0,79.17142857142815,2.0,1.582226632984469,1.7632623601565511,0.32391057035333926,1.4565873281907338,1,VWAP_REVERSION,SELL,55449.35,55574.62,55198.82,2025-08-12 10:10:00+05:30
2,51.04821134231807,-0.265287121767996,0.14541365385122373,1,-0.2187093824271902,0.6487883034734598,4.888447095764977,0.42137096774112764,0.42338709677335234,0.15524193548350385,1.0637254901960544,0.8669201520896029,1.1818327716257124,-3.0,0.3575492920470115,215,12,0.0,46.628571428571114,2.0,1.7781556372549567,2.4094669117595235,0.41070077561833895,0.9640427599592525,1,VWAP_REVERSION,SELL,55323.95,55406.86,55158.12,2025-08-12 12:50:00+05:30
2,48.6746430967127,0.5963315288372749,0.008813093385281722,-1,-1.0875637369286766,0.404537059417542,5.909496686288228,0.5359957961108315,0.20388859695197867,0.26011560693613883,1.8748768472906499,0.5363528009521817,0.8792574294483978,3.0,0.24030239187005517,280,13,0.0,50.75000000000052,2.0,1.9729064039407231,2.292610837433854,-0.5875184354508355,1.876355748369355,0,VWAP_REVERSION,BUY,55260.2,55160.08,55460.45,2025-08-12 13:55:00+05:30
2,47.09623044088154,0.07570021657431043,-0.25414546084119366,-1,-0.8480526544820978,0.41256565322364497,2.601821657181074,0.5087514585753273,0.30688448074594954,0.1843640606763894,0.9789490861618421,0.4382422802839407,0.9796393251890153,2.0,0.18077291600123505,170,12,0.0,43.77142857142878,2.0,1.2822780678850858,1.7397193211447093,-0.3298456774147505,1.0451219512169647,1,VWAP_REVERSION,BUY,55083.55,55027.42,55195.8,2025-08-13 12:05:00+05:30
2,49.871671713499396,0.3693940967011711,0.10678010807583344,-1,-0.4854542415010211,0.5491007628172406,2.7172387971996805,0.44539877300507763,0.3312883435574692,0.22331288343499908,0.9717254300800449,0.5087514585753273,0.9789490861618421,3.0,0.23203449377188406,175,12,0.0,41.9357142857147,2.0,1.716760347470508,1.9386816555905524,-0.26261398862471147,0.9161420863288995,1,VWAP_REVERSION,BUY,55099.6,55027.61,55243.59,2025-08-13 12:10:00+05:30
2,53.19030785219052,-0.33814206827193316,0.22998544798440815,1,0.7645010810903395,0.6116440401543785,5.623768241415824,0.4992548435157154,0.4530551415783535,0.04769001490295034,0.8396496245976828,0.889980353632988,1.253033233690737,-2.0,0.44011497923972004,240,13,0.0,39.95714285714244,2.0,1.8055774043619275,1.7756524848006499,0.5681275162549194,0.8345771144257061,0,VWAP_REVERSION,SELL,55164.75,55236.9,55020.46,2025-08-13 13:15:00+05:30
2,49.141965168483175,0.19274743586867682,-0.16272390139750256,-1,-0.5767480995521239,0.34371354834612333,4.760067253091247,0.8306010928938131,0.09972677595603557,0.06967213114741906,0.8451958762888043,0.6953210010866068,1.0464416429442447,2.0,0.5799247176911934,160,11,0.0,43.30357142857091,2.0,1.8400412371133423,2.1568659793763536,-0.35547133726535846,0.794270833331731,1,VWAP_REVERSION,BUY,55305.4,55225.72,55464.76,2025-08-14 11:55:00+05:30
2,41.84272225401635,0.11764426757517271,-0.9648525120223603,-1,-3.3983158400218496,0.31589130647906083,7.902077847083806,0.46827794561837843,0.38670694863963456,0.14501510573997287,0.904606975533601,0.9664607237405463,1.049074074074101,2.0,0.22461417477632403,210,12,0.0,54.88571428571439,2.0,1.9174128058302695,2.1672306090537763,-1.0824967795955607,1.066595059074002,0,VWAP_REVERSION,BUY,55761.9,55656.66,55972.38,2025-08-18 12:45:00+05:30
2,45.25723183746073,0.4355601898076188,-0.473752905967407,-1,-2.8477191204900025,0.3847090693719592,7.738835310993328,0.5368421052620277,0.3021052631572281,0.16105263157863894,0.8519087881117106,0.46827794561837843,0.904606975533601,3.0,0.2716012975522931,215,12,0.0,55.75714285714275,2.0,1.9141173456315361,2.4750192159832674,-0.9093130957733949,0.9381789452874957,0,VWAP_REVERSION,BUY,55785.8,55679.07,55999.25,2025-08-18 12:50:00+05:30
2,47.25838060788155,-0.5394466246404985,-0.33126139854656106,1,0.09442624276990537,0.43899477255343505,2.9249971512390425,0.6564417177893248,0.0015337423313726405,0.342024539876235,0.8307244266473867,0.368217054262995,1.6242467847827915,-2.0,0.4102019128584867,250,13,0.0,39.242857142857765,2.0,1.6582453585730832,1.9468511102971928,0.20818522609340695,0.6264411990765302,0,VWAP_REVERSION,SELL,55673.85,55738.92,55543.7,2025-08-20 13:25:00+05:30
2,56.900564901334846,-0.4459873181771788,0.48469485507803717,1,0.45926866568375846,0.5765294799969168,6.978876531316199,0.7616279069736954,0.12209302325541779,0.11627906976701086,0.5918400786497343,0.49037227214242274,0.8676213206046913,-4.0,0.5805270863834013,95,10,0.0,43.59285714285787,2.0,1.4694904145501517,2.056529575613663,0.930682173253081,0.6863527533899281,1,VWAP_REVERSION,SELL,55879.05,55943.11,55750.93,2025-08-21 10:50:00+05:30
2,49.52615047799895,-0.9324111807307636,-0.4727055302635323,1,-0.2687854710556429,0.035884035616939855,2.966669222283745,0.5268630849203622,0.0,0.4731369150761717,0.9169125993189247,0.7496962332909474,1.3455564638561912,-3.0,0.5151903367494371,135,11,0.0,31.464285714285193,2.0,1.9942111237233657,2.560045402942959,0.4597056504657703,1.0772964899138189,1,VWAP_REVERSION,SELL,55861.2,55923.95,55735.71,2025-08-21 11:30:00+05:30
2,45.43591489478377,0.7994145206164329,0.12832549951290892,-1,-0.15947385298562247,0.975239400098712,2.795197684980756,0.47831632652933875,0.21938775510141958,0.30229591836669056,1.0358625896566265,0.4648829431427588,1.207732256203141,2.0,0.2420013291559476,150,11,0.0,37.84285714285579,2.0,1.639260098150214,1.9620611551477731,-0.6710890211017506,1.1925768177635285,0,VWAP_REVERSION,BUY,55345.8,55283.77,55469.87,2025-08-22 11:45:00+05:30
2,47.27956438565385,0.35272442705690304,0.08327423054899209,-1,-0.25890394912995746,0.6879004131142851,2.6694799507190665,0.5546492659036791,0.0032626427405623992,0.44208809135249594,0.8616465863452305,0.6492637215511651,1.049789198955995,2.0,0.22548181904486303,195,12,0.0,35.57142857142805,2.0,1.6560240963855022,2.5062248995914254,-0.2694501965071534,0.8799885156447662,0,VWAP_REVERSION,BUY,55337.1,55278.19,55454.91,2025-08-22 12:30:00+05:30
2,47.28877138067981,0.5706011004435303,-0.06343805533295202,-1,-0.3534506911953559,0.4388170787240347,6.4449753087118085,0.7290192113230904,0.005055611729008541,0.2659251769458787,1.0979303782413223,0.7330873308715506,0.8867939228672018,2.0,0.34219720496881884,95,10,0.0,45.039285714285406,2.0,1.7352390769963524,1.6407897866905563,-0.6340391557750745,1.1205529118489006,1,VWAP_REVERSION,BUY,55136.55,55058.4,55292.86,2025-08-25 10:50:00+05:30
2,52.35052129011607,-0.4607776371645026,0.09826339566615178,1,1.172984078068728,0.522652782862323,3.6084370168123856,0.6483762597968937,0.0358342665172432,0.3157894736836233,1.3759630200308086,0.40810810810566617,0.5822187254130434,-2.0,0.6022903726705827,245,13,0.0,32.450000000001246,2.0,1.489830508474555,1.824345146373487,0.5590410328289316,1.381925100583796,0,VWAP_REVERSION,SELL,55203.55,55251.9,55106.86,2025-08-25 13:20:00+05:30
2,40.49597922536917,-0.5030308971689044,-0.7299610192409444,-1,-0.047946122152374177,0.453972649761382,3.468754439921039,0.4735883424390009,0.0,0.5264116575573562,0.6612750580746026,0.5791469194300989,1.24757158543795,-3.0,0.22269263336152026,175,12,0.0,41.51071428571491,2.0,1.6670653015570607,1.9151682009761712,-0.22693012207149332,0.7578685808925066,1,VWAP_REVERSION,SELL,54609.9,54679.1,54471.5,2025-08-26 12:10:00+05:30
2,47.58601211337606,0.5440724401604543,0.09128022091647174,-1,0.13589320755617013,0.4737971934347213,3.6879789740916986,0.6167108753299767,0.17108753315598085,0.21220159151138984,1.07626427406192,0.53672316384038,0.996581540317546,2.0,0.22692633361554157,225,13,0.0,35.02857142857101,2.0,1.5302610114191835,1.9155791190809726,-0.4527922192426899,1.0722411831596235,0,VWAP_REVERSION,BUY,54612.4,54558.8,54719.61,2025-08-26 13:00:00+05:30
2,40.39383566980537,0.20171661459248852,-0.7637527682975346,-1,-2.5855586618353663,0.3626052333925702,5.11319219543856,0.43760129659574576,0.12965964343577652,0.43273905996685696,1.1988064672819245,0.3687106918232823,1.2438359991618475,3.0,0.16274157778008203,290,14,0.0,51.46785714285527,2.0,1.5970508639233554,2.0760530150539553,-0.9654693828881472,1.172557962749593,0,VWAP_REVERSION,BUY,53985.85,53903.65,54150.24,2025-08-28 14:05:00+05:30
2,45.440684118899284,0.6234040698018789,-0.16546542037348747,-1,-1.9627093792702335,0.5002314012859844,4.597972653143192,0.4809523809516637,0.5063492063484257,0.012698412698323247,1.2187370457372255,0.43760129659574576,1.1988064672819245,4.0,0.22589502587385185,295,14,0.0,51.692857142855374,2.0,1.8159043802680461,2.686057758734677,-0.7888694901738402,1.1132708959160795,0,VWAP_REVERSION,BUY,54015.75,53921.88,54203.49,2025-08-28 14:10:00+05:30
2,47.931046149885475,-0.7013655675805084,-0.4621295169511104,1,0.0017714684380934138,0.1874617597128539,2.9259602717248017,0.6596715328453703,0.0748175182481409,0.265510948904664,1.31651651651657,0.798722044726659,1.1431304347827007,-2.0,0.7228943968047247,160,11,0.0,41.62500000000052,2.0,1.81771771771766,2.067267267262345,0.23923605062882325,1.4138286893668912,1,VWAP_REVERSION,SELL,53968.05,54043.71,53816.73,2025-08-29 11:55:00+05:30
2,39.4418238661981,0.019035441844476354,-0.9979618134647129,-1,-3.095808708065434,0.3053139052025477,5.245626486036536,0.7724550898185091,0.22155688622701422,0.005988023952081465,1.0012847965738507,0.6645244215920597,0.9231290787355024,2.0,0.3151650417008563,295,14,0.0,41.696428571429614,2.0,1.7883940042826953,2.8395717344685285,-1.0169972553067501,0.8778385197626514,0,VWAP_REVERSION,BUY,53794.5,53719.93,53943.64,2025-08-29 14:10:00+05:30
2,51.62111613526876,0.3788968260540528,0.24132432161121742,-1,-0.6443396878021771,0.41545603355204025,6.2121150977421005,0.47152619589911077,0.24753227031087685,0.28094153378849374,1.2962598425196352,0.6666666666653198,1.0199426006328365,2.0,0.5783096031503923,90,10,0.0,50.80000000000083,2.0,1.9366141732284066,2.157480314956319,-0.13757250444256452,1.3727329580958865,0,VWAP_REVERSION,BUY,53849.05,53750.67,54045.81,2025-09-01 10:45:00+05:30
2,52.242128600239816,-0.4488717307691386,0.027369363868396755,1,1.109974965355478,0.37394500897275634,2.6228359450057117,0.5738498789317349,0.29055690072496476,0.13559322033845783,0.6768114245581747,0.7245337159233458,1.1110099054992282,-2.0,0.7209936382912117,305,14,0.0,30.51071428571387,2.0,1.678134144913993,1.8436146552673058,0.4762410946359745,0.7819007951504283,0,VWAP_REVERSION,SELL,53896.15,53947.35,53793.75,2025-09-01 14:20:00+05:30
2,63.932492195018966,0.20106226655657752,1.0197374409358178,1,0.725579587220781,0.7683967743991031,4.1798342735647145,0.6353790613707084,0.14620938628131364,0.21841155234617282,0.8970622253064073,0.49439461883289043,0.7528333735229962,-2.0,0.7425125628137894,55,10,0.0,61.75714285714275,2.0,1.1371269951422347,1.7601202868349497,0.8186751743779145,1.0983346550334374,1,VWAP_REVERSION,SELL,54096.9,54167.13,53956.45,2025-09-02 10:10:00+05:30
2,48.249795059040004,0.2127865643340038,-0.207015936527294,-1,-0.6798087958933475,0.36745011341265,4.424324263048504,0.7645429362858072,0.19806094182771455,0.037396121883708125,0.9943925233646749,0.5608342989557402,1.1595009596929697,2.0,0.5023115577887604,190,12,0.0,36.303571428570386,2.0,1.784407279882062,1.9777668470187912,-0.4198025008601414,1.0281970948419938,0,VWAP_REVERSION,BUY,54037.15,53972.37,54166.71,2025-09-02 12:25:00+05:30
2,55.29192366915992,0.07395844570417759,0.4120621387244613,1,-0.7327977481968672,0.33890445140958725,4.406656134919125,0.6601815823589215,0.3229571984426421,0.016861219195842284,0.6329678062511408,0.4168987929425442,0.861698479826234,2.0,0.3350278779926778,95,10,0.0,60.90357142857205,2.0,1.7772415410778213,2.5450067436772588,0.33810369301972854,0.7716172938335728,0,VWAP_REVERSION,BUY,54247.8,54139.56,54464.28,2025-09-04 10:50:00+05:30
2,41.4518740058809,0.038032657977816416,-0.8466085723357358,-1,-1.4421762629398274,0.3399975109485223,6.441324634719115,0.4819532908694181,0.057324840764303955,0.46072186836415474,0.6821849782743334,0.5599369085164541,0.9162322580645235,2.0,0.22915368870690708,105,11,0.0,69.04285714285808,2.0,1.090689013035271,1.2057728119163005,-0.8846412303122709,0.9665503796408824,0,VWAP_REVERSION,BUY,53874.95,53799.65,54025.56,2025-09-05 11:00:00+05:30
2,49.046391688280906,0.9185705593773774,0.29309475342519953,-1,-2.018836935698776,0.5842507569081106,4.719482110553413,0.7411095305811585,0.09815078236094257,0.16073968705505398,0.9222263868066122,0.9164926931068104,0.6453040800614911,5.0,0.15632965165672788,235,13,0.0,38.11428571428665,2.0,1.6309220389805417,2.4347826086892805,-0.6254758059505368,1.1001564945192939,1,VWAP_REVERSION,BUY,53811.55,53749.39,53935.87,2025-09-05 13:10:00+05:30
2,57.31309103296992,-0.241462162346258,0.6026198634022178,1,2.6163295726497386,0.6162383049996342,3.8905926702518387,0.4288164665509302,0.18524871354980216,0.38593481989583717,0.837128205128063,0.5686274509791936,1.295172830796989,-3.0,0.8297164581020665,245,13,0.0,34.82142857142753,2.0,1.6435897435898523,1.8666666666613616,0.8440820257460518,0.8803986710935339,0,VWAP_REVERSION,SELL,54329.05,54386.28,54214.59,2025-09-08 13:20:00+05:30
2,45.65668838795896,-1.101287283343073,-0.8453883526992021,1,1.0898840429212775,0.17139905884099793,3.4807248767193886,0.7209580838305736,0.2287425149695817,0.05029940119744945,1.2139148494288865,0.6027713625852401,1.2353780313836387,-5.0,0.6888959290350933,275,13,0.0,34.39285714285662,2.0,1.9652128764279804,2.044029075798949,0.2558989306431268,1.1160117615581227,0,VWAP_REVERSION,SELL,54284.6,54352.19,54149.42,2025-09-08 13:50:00+05:30
2,49.82606856552999,0.20587915422846884,0.10207683980539174,-1,-0.5044021883814023,0.638891856976979,1.8714134026390374,0.4666666666645926,0.4866666666643744,0.04666666666658861,0.5314213412062421,0.5306799336633506,0.6879634911578869,2.0,0.29756637168131755,230,13,0.0,42.339285714285715,2.0,1.7025305778151745,2.131590046388892,-0.10380231442283192,0.6127450980375518,1,VWAP_REVERSION,BUY,54160.15,54088.07,54304.32,2025-09-09 13:05:00+05:30
2,58.05517103807539,-0.42499638765576925,0.5970771975236008,1,0.6312609671041509,0.5532902264944268,4.652215889160567,0.7599067599056187,0.12198912198891255,0.11810411810391462,1.2006397014726213,0.7046263345178079,0.832122964111992,-2.0,0.5853538663169876,120,11,0.0,53.59642857142847,2.0,1.7530952222295488,2.0141267408504597,1.022073585177463,1.4084044648688667,1,VWAP_REVERSION,SELL,54578.65,54672.61,54390.73,2025-09-10 11:15:00+05:30
2,49.336469131470665,-0.628926772641158,-0.4177569820269324,1,0.17100764795202444,0.25392397944196066,2.1135928552767895,0.5181674565542372,0.32701421800861435,0.15481832543398888,0.9080848447587179,0.7403508771903338,0.8022519352568637,-2.0,0.5547182175620874,215,12,0.0,34.85357142857174,2.0,1.3279946715849733,1.7673942002203045,0.21116979061361968,1.0761645698705082,1,VWAP_REVERSION,SELL,54569.3,54615.59,54476.73,2025-09-10 12:50:00+05:30
2,46.841511383680576,-0.05491268008412672,-0.5555814890953418,-1,-0.6034912082175136,0.2634714657504495,4.281785414296186,0.6811224489780162,0.1428571428567519,0.17602040816268086,1.1271308276852356,0.7201704545434268,1.0252782690105957,2.0,0.4534731323720755,250,13,0.0,34.77857142857257,2.0,1.8539535838979853,2.9069624152718494,-0.5006688090097755,0.9337779895165506,1,VWAP_REVERSION,BUY,54538.4,54473.92,54667.36,2025-09-10 13:25:00+05:30
2,50.544453047455136,-0.08652300973951978,0.0005792526256051762,1,-0.2529792994065437,0.5013968678016482,3.2778631954827433,0.68121442124999,0.15559772295951468,0.1631878557867003,0.5245645218627565,0.5144804088568261,0.574685314685292,2.0,0.6603354212969786,60,10,0.0,50.232142857142335,2.0,0.8823675790970917,1.88624244578368,0.08710226236495155,0.7437200112877516,1,VWAP_REVERSION,BUY,54565.8,54521.48,54654.45,2025-09-11 10:15:00+05:30
2,44.12940817857185,-0.8660929462440219,-0.6741362493567269,1,0.6845491324657988,0.044081007206017014,1.7938885652822079,0.44417117560212876,0.014756517461864268,0.5410723069350232,2.0350350350350346,0.8262295081939169,0.6815098555582045,-2.0,0.7591888466411013,315,14,0.0,49.95000000000073,2.0,1.8117117117117378,2.8128128128071404,0.19195669688691072,2.039935781653619,1,VWAP_REVERSION,SELL,54671.95,54762.44,54490.96,2025-09-11 14:30:00+05:30
2,58.097433047874304,-0.17821103922385384,0.7047260763904021,1,1.7789577710885307,0.6708479206187009,5.991862928594115,0.48053892215431604,0.2544910179632988,0.2649700598793911,0.9707286692962905,0.37637969094827595,1.3581753935111993,-4.0,0.6987863184991876,155,11,0.0,34.40714285714265,2.0,1.5081378451320175,2.6375337346819907,0.8829371156116897,0.9358363687281327,0,VWAP_REVERSION,SELL,54770.35,54822.24,54666.57,2025-09-12 11:50:00+05:30
2,43.69785170884596,-1.0036931548252503,-0.9001723745341451,1,0.8287660137578151,-0.006883113702605773,2.372930387826404,0.5369532428338207,0.3680241327290204,0.09502262443414222,1.164763458401301,0.7279102384272234,1.2913324708926304,-2.0,0.7044869437290601,270,13,0.0,28.460714285715635,2.0,1.846266783786879,2.0642489647310103,0.10352078029074159,1.330790847043985,0,VWAP_REVERSION,SELL,54771.9,54824.45,54666.81,2025-09-12 13:45:00+05:30
2,50.639888939363914,-0.17355097565820496,-0.07850109873858734,1,1.5996153900739742,0.3799938153114042,2.4340934787146455,0.42900302114528077,0.14803625377577834,0.4229607250728987,0.5919019031805584,0.43879173290811796,1.1028177833436072,-2.0,0.7980875321806511,295,14,0.0,27.960714285715635,2.0,1.0638523438499417,2.6716055690286638,0.09504987691927769,0.5176728182655784,0,VWAP_REVERSION,SELL,54797.35,54827.1,54737.86,2025-09-12 14:10:00+05:30
2,57.082557898938774,-0.13713340120848178,0.5077232235830978,1,1.6724780179123513,0.6246188349939912,3.8407233198984416,0.48464912280463857,0.10745614035058366,0.40789473684039185,0.7128978224456521,0.6601307189515192,0.703140387350829,-2.0,0.8062678062674429,200,12,0.0,31.982142857142858,2.0,0.9864321608040266,1.4054718034572677,0.6448566247895633,0.8738980452248383,1,VWAP_REVERSION,SELL,54977.9,55009.45,54914.8,2025-09-15 12:35:00+05:30
2,48.998481071186866,-0.8498752848026511,-0.40918136834113067,1,0.6329280934879595,0.35800652704132374,3.552051358829557,0.6906318082772771,0.1427015250542142,0.16666666666632998,1.3625954198473547,0.48464912280463857,0.7128978224456521,-3.0,0.6571699905030233,205,12,0.0,33.6857142857147,2.0,1.8737489397795508,2.0008481764147743,0.44069391646021217,1.5118577075049933,1,VWAP_REVERSION,SELL,54946.5,55009.62,54820.26,2025-09-15 12:40:00+05:30
2,48.81264972193532,0.3485923664099529,-0.026840668539031692,-1,-0.14082843434311867,0.45172602554305247,2.9021619809326054,0.6875739644954829,0.011834319526599208,0.300591715975551,0.9284985479946586,0.3700305810385298,0.7359537014710377,3.0,0.5191761363634046,300,14,0.0,45.50357142857164,2.0,1.7394317557490961,1.6504199042424679,-0.3754330349481595,1.1710088691763458,1,VWAP_REVERSION,BUY,54917.15,54838.0,55075.45,2025-09-15 14:15:00+05:30
2,58.607892426780865,-0.30629456113208553,0.734936231311408,1,0.8559795904104134,0.6195699310040248,8.447939322442647,0.7302405498257059,0.22508591065200872,0.04467353951884907,0.8115537848605172,0.6790757381240948,1.0712110794618563,-2.0,0.810168997668777,90,10,0.0,35.857142857142854,2.0,1.8095617529878913,1.9284860557715549,1.0412307924405897,0.8596750369250391,0,VWAP_REVERSION,SELL,55055.8,55120.69,54926.03,2025-09-16 10:45:00+05:30
2,49.09219451788005,-0.7076110553038711,-0.35542119277382034,1,1.1484169367775325,0.23655033803501355,2.100236725709187,0.5103030303016873,0.07272727272709642,0.41696969696879194,1.2163016006739418,0.5741839762593062,1.0170295322268856,-2.0,0.8155737704915359,290,14,0.0,33.91428571428644,2.0,1.4637320977252875,2.165754001678616,0.3521898625290123,1.1395027624276999,0,VWAP_REVERSION,SELL,55395.3,55444.94,55296.02,2025-09-17 14:05:00+05:30
2,55.32410865842688,-0.526496678450452,0.11465945343337705,1,-0.051150901880173794,0.17098362232879988,2.1681722035900384,0.6916666666640273,0.3083333333318061,0.0,0.7968694414799252,0.36762688614426575,1.1890947221250723,-2.0,0.6779168529277084,145,11,0.0,30.117857142856206,2.0,1.6821178702715687,1.646863512386329,0.6411561318817003,0.7918178818845764,1,VWAP_REVERSION,SELL,55763.2,55813.86,55661.88,2025-09-18 11:40:00+05:30
2,46.18848558689674,0.431583260646646,-0.22560936491342315,-1,-1.3532539123873957,0.4030830184719616,5.164552498589338,0.4736440030550125,0.03055767761645242,0.4957983193270072,1.06139233175031,0.6563436563424231,0.8499514798641841,3.0,0.44910701321317614,255,13,0.0,61.66428571428696,2.0,1.9511525541526562,2.3400903509750073,-0.6571926255590034,1.3203550534571473,0,VWAP_REVERSION,BUY,55645.55,55525.23,55886.18,2025-09-18 13:30:00+05:30
2,60.4020583240168,0.049253257923431715,0.8588221553728266,1,0.8457644495707366,0.6929154996454383,5.123529764654356,0.5418454935610013,0.0836909871243047,0.37446351931254807,1.0749711649366815,0.4490566037719453,0.6158698539176538,-2.0,0.8162770809575841,85,10,0.0,43.35000000000063,2.0,1.5867358708188055,2.809688581308256,0.8095688974475274,1.0617452722692804,1,VWAP_REVERSION,SELL,55601.9,55670.68,55464.33,2025-09-22 10:40:00+05:30
2,55.836760871700186,-0.3229876647946778,0.36839498880495825,1,0.36830984186398136,0.5841857980624329,4.608231439508946,0.4508733624444335,0.13646288209576324,0.4126637554576198,1.0557339260723255,0.5418454935610013,1.0749711649366815,-3.0,0.7602622576964777,90,10,0.0,43.38214285714379,2.0,1.5510578743721974,2.8076068164912678,0.6913826535980423,1.0781544256095388,1,VWAP_REVERSION,SELL,55582.25,55649.54,55447.67,2025-09-22 10:45:00+05:30
2,47.311968987095234,0.28967593142133885,-0.12269004101070329,-1,-0.1901828823256187,0.4389820940069374,3.4058123610525866,0.4969325153355096,0.3496932515321752,0.15337423312822532,0.6339475877395249,0.7440543601342802,1.0708593208591581,2.0,0.35306807286657077,150,11,0.0,38.567857142857456,2.0,1.4249374942123423,1.5466246874668885,-0.41236597243097295,0.7623947614568466,1,VWAP_REVERSION,BUY,55232.65,55177.69,55342.56,2025-09-23 11:45:00+05:30
2,51.519881026041986,0.6923628333642167,0.5444802244896961,-1,-0.7098154064606921,0.8737071501621052,3.1855832544219185,0.7809076682291978,0.09859154929549814,0.1205007824721743,0.8931709265176888,0.7169069462627997,1.077248890681777,3.0,0.2859009254218276,220,12,0.0,35.77142857142878,2.0,1.9059105431310295,2.0183706070230185,-0.14788260887410715,0.9782608695623384,1,VWAP_REVERSION,BUY,55183.15,55114.97,55319.5,2025-09-24 12:55:00+05:30
2,48.5294037566573,0.06731941806845063,-0.10398165778885939,-1,-0.25874498185946143,0.3834201064343475,2.504728916220885,0.46926713947890136,0.16193853427853142,0.3687943262402031,0.7628002833774038,0.42311661506623155,0.8079328211541524,2.0,0.5515911282543677,95,10,0.0,55.453571428570804,2.0,1.2063309074516853,1.7816706382399201,-0.1713010758570011,0.8219976680901716,0,VWAP_REVERSION,BUY,55136.55,55069.65,55270.34,2025-09-25 10:50:00+05:30
2,49.54945599367396,0.4405190874081892,0.07330882466123785,-1,-0.45324217096884495,0.5122121266101841,3.2456750073471206,0.6675148430861557,0.14334181509736058,0.18914334181478737,1.1624762307205523,0.6776255707751243,1.1055819991345692,2.0,0.43220829315314335,180,12,0.0,50.710714285714594,2.0,1.7840622579055592,1.8506937108211599,-0.3672102627462272,1.1254295532625331,1,VWAP_REVERSION,BUY,55105.6,55015.13,55286.54,2025-09-25 12:15:00+05:30
2,52.56849064952849,-0.3512837246744934,0.1245607016814962,1,0.845304241049347,0.5565628612700244,4.172048513003916,0.5647263249338295,0.28583840138966027,0.14943527367477266,1.122613905531643,0.6603119584031392,0.5612840466925912,-2.0,0.6884493111971965,280,13,0.0,51.26428571428447,2.0,1.182625052250258,1.4464260833189642,0.47584442635506136,1.445253641382745,1,VWAP_REVERSION,SELL,55188.45,55249.08,55067.2,2025-09-25 13:55:00+05:30
2,52.975655221757066,0.9584915412066165,0.7632840536963033,-1,-0.07716664380965928,1.1891890790818846,2.0141578492021797,0.6962365591380069,0.13844086021453597,0.16532258064476893,0.9243056171797944,0.5075493612066507,1.0638072544347892,3.0,0.28988792343527514,215,12,0.0,40.246428571428886,2.0,1.9312183867246866,2.221315112249177,-0.19520748750982825,1.1358778625918626,0,VWAP_REVERSION,BUY,54615.05,54537.33,54770.5,2025-09-26 12:50:00+05:30
2,63.286802673272014,0.5921416939755377,1.3740214040223682,1,0.5534617607745064,0.845788033569045,5.571766116030063,0.4624808575792424,0.0964777947928053,0.4410413476248895,0.495393952530526,0.4514285714277947,0.7671032719302695,-2.0,0.7890173410401584,35,9,0.0,65.90714285714317,2.0,0.9307142083017705,2.6537336078857607,0.781879710045644,0.5772630834500727,0,VWAP_REVERSION,SELL,54570.95,54632.29,54448.27,2025-09-29 09:50:00+05:30
2,62.60144166657125,0.30453217879291355,1.3815439683874344,1,1.0089222655093375,0.7255926890052695,7.442087182435707,0.44084682440728173,0.43711083437007625,0.12204234122015126,0.7683685325678373,0.5794621026884159,1.0590628853268196,-2.0,0.8174144130058398,75,10,0.0,52.253571428573196,2.0,1.217626956462331,2.3290274075548396,1.0770117895924598,0.8147321428554662,1,VWAP_REVERSION,SELL,54627.65,54691.28,54500.4,2025-09-29 10:30:00+05:30
2,54.24076799397038,0.6581542967529269,0.5787376652264246,-1,-0.09316313943984467,0.49549833705427826,4.160451638848223,0.6222570532904868,0.30094043887105637,0.07680250783688952,1.114132468504493,0.8467065868242843,0.7245119305856963,2.0,0.40124095139592897,100,10,0.0,57.26428571428499,2.0,1.550293127104807,2.3679680678518027,-0.07941663152636372,1.127009362301529,1,VWAP_REVERSION,BUY,54619.35,54530.57,54796.9,2025-09-30 10:55:00+05:30
2,54.56319958566428,-0.2299352753285238,0.3630563823404307,1,0.9403807252414726,0.6290511565542275,4.051920209278155,0.4036697247698546,0.41080530071272536,0.18552497451538127,0.9503840564667331,0.5811051693393414,1.0886409314575987,-3.0,0.6514994829366807,210,12,0.0,51.610714285714494,2.0,1.6345650820013098,1.7108850598541838,0.5929916576678055,0.9151119402968295,1,VWAP_REVERSION,SELL,54691.95,54776.31,54523.23,2025-09-30 12:45:00+05:30
2,49.50408596387679,-0.5167048473164289,-0.2451361810817996,1,0.5306141212680215,0.3973947422075049,3.4791510396981926,0.4601769911493574,0.022123893805262213,0.5176991150431679,0.9176999492421964,0.36923076922985976,0.7673389080177047,-4.0,0.6082385384348156,250,13,0.0,49.25357142857164,2.0,1.7597781161626886,2.1348705677572695,0.2715686662340779,0.8946951702277885,1,VWAP_REVERSION,SELL,54679.4,54766.08,54506.05,2025-09-30 13:25:00+05:30
2,62.55137610018346,-0.5093289851800842,0.9090523840485629,1,3.4036191481936755,0.6003026945201462,8.727253093885379,0.6065162907257454,0.20969089390112358,0.1837928153714601,0.9498384628464379,0.3709508881914471,0.752992749957939,-4.0,0.8037694013302822,185,12,0.0,63.01071428571387,2.0,1.6941733265317136,2.7027149577692806,1.418381369226396,1.0834540188249606,0,VWAP_REVERSION,SELL,55235.05,55341.8,55021.55,2025-10-01 12:20:00+05:30
2,52.59513457894769,-0.7794663624891626,-0.1884535366664936,1,2.3682290976254703,0.2540065408771066,4.079310315935254,0.5385564466371222,0.3140037014185324,0.14743985194311157,1.3537341923169228,0.4100135317986914,0.6369905184090139,-2.0,0.7560359694505145,220,12,0.0,59.87142857142836,2.0,1.258315437842968,2.031018849913078,0.5910128258216818,1.2798042002190835,0,VWAP_REVERSION,SELL,55196.3,55271.64,55045.63,2025-10-01 12:55:00+05:30
2,58.47407972104069,0.17890737376520555,0.5886980188781198,1,0.5464568562683805,0.7764850787421477,2.5604966810859553,0.6244541484701808,0.2270742358073818,0.14847161572025394,0.5288901719800666,0.42595978062109113,0.9455877510701607,-2.0,0.7329157967986907,50,10,0.0,86.59642857142951,2.0,1.208013362477786,2.552068297105946,0.40979064511244095,0.606140815245382,1,VWAP_REVERSION,SELL,55440.3,55544.91,55231.08,2025-10-03 10:05:00+05:30
2,51.498421896159186,-0.18065160472858038,0.06286040594626544,1,0.2572873841193133,0.5042293564924802,2.3915867702646953,0.4717607973411971,0.4008859357687236,0.12735326688786444,0.7643288996372677,0.5505882352928564,0.7203825897451446,-2.0,0.7146833681278456,145,11,0.0,59.07142857142857,2.0,1.0412333736395982,1.6640870616659142,0.2435120106744336,0.8875565166092326,0,VWAP_REVERSION,SELL,55433.75,55495.26,55310.74,2025-10-03 11:40:00+05:30
2,55.33368843430813,0.014848522401273894,0.5941364582125847,1,1.2446390052024348,0.704774236893446,4.1523866662309645,0.5881856540074215,0.09620253164535814,0.31561181434553254,1.1921529175050376,0.4832635983253625,0.9418056435155063,-2.0,0.7888792354472512,180,12,0.0,49.69999999999969,2.0,1.8112676056337498,2.8490945673986823,0.5792879358101451,1.1507088755075858,0,VWAP_REVERSION,SELL,55494.8,55584.82,55314.76,2025-10-03 12:15:00+05:30
2,58.98006024238497,-0.4452350331334244,0.5262200028129542,1,0.9101509178818679,0.4965384362092265,2.7531347854190513,0.681105990782101,0.12718894009195827,0.1917050691240974,1.1239363669996663,0.5376984126973791,1.0521136211137552,-2.0,0.7944835856690698,140,11,0.0,48.26785714285558,2.0,1.5201997780245224,1.8065852756160878,0.971455035944366,1.1385099685181073,0,VWAP_REVERSION,SELL,55992.25,56065.63,55845.5,2025-10-06 11:35:00+05:30
2,58.261491085393644,-0.38774054609768693,0.5034080494419423,1,2.548650235786135,0.6104318102502678,5.995843595820967,0.6244725738377728,0.33895921237603455,0.03656821378337966,0.8856659845182842,0.351010101009477,1.4034258712345569,-3.0,0.8543311591713468,245,13,0.0,40.13928571428499,2.0,1.685728267639264,1.6181154906979451,0.891148595537409,0.8370614551429114,1,VWAP_REVERSION,SELL,56100.55,56168.21,55965.22,2025-10-06 13:20:00+05:30
2,54.44906153609104,-0.46862694287061335,0.11291453068113859,1,2.1611041776971622,0.46548967060560603,3.4433411500441187,0.6133333333314298,0.14666666666614586,0.23999999999946134,0.8041184479237596,0.3801801801794689,1.3103971667088352,-2.0,0.8480375328983192,265,13,0.0,41.97142857142847,2.0,1.3210687542545645,1.6916269571096565,0.5815414735503663,0.7935574888295418,1,VWAP_REVERSION,SELL,56097.8,56153.25,55986.91,2025-10-06 13:40:00+05:30
2,63.339696351414524,-0.0014207579512090836,0.9396814865162322,1,0.4808874917979969,0.6990498362922066,6.27422847078305,0.5224014336908189,0.3888888888882499,0.08870967741913907,0.774846260662604,0.4195906432741889,0.9819524200164308,-2.0,0.7785356347436486,60,10,0.0,72.01428571428603,2.0,1.2046419361238703,1.17337829795512,0.9411022444661344,1.1137724550876553,1,VWAP_REVERSION,SELL,56304.7,56391.45,56131.2,2025-10-07 10:15:00+05:30
2,44.103208962826976,0.4596404768066643,-0.2258041171454734,-1,-1.5306083875315886,0.5168880447937338,5.2372478647744325,0.9035714285692079,0.04404761904747952,0.05238095238093161,0.7230693556320734,0.6775599128525012,0.7752442996742903,2.0,0.2626398673849443,175,12,0.0,58.085714285714076,2.0,1.485882931628114,2.0271765863221445,-0.6854445939509576,0.7639141505988248,0,VWAP_REVERSION,BUY,55947.75,55861.44,56120.37,2025-10-08 12:10:00+05:30
2,53.37647407339388,-0.38080357162794864,0.16536212052920707,1,1.642355647050649,0.47862037053303425,4.218681281906155,0.6049504950483646,0.15148514851443626,0.24356435643521887,0.948420417197651,0.3643312101902287,0.7515557683101872,-2.0,0.7089408839152903,190,12,0.0,53.246428571429405,2.0,1.316044000268291,1.6123147092330878,0.54616569215613,1.3285977374340008,1,VWAP_REVERSION,SELL,56157.5,56227.57,56017.35,2025-10-09 12:25:00+05:30
2,43.01305010465425,-1.0170590817055283,-1.0735914609148134,-1,0.15044340114762214,-0.03525081352232365,3.214995764278346,0.658266129030883,0.3024193548380645,0.03931451612903639,1.0082764629012086,0.41350531107675337,1.2534474560152267,-2.0,0.5465129422401858,220,12,0.0,49.19285714285849,2.0,1.6652678960359362,1.9860606940572718,-0.056532379209170064,0.9564211338200583,0,VWAP_REVERSION,SELL,56085.65,56167.57,55921.81,2025-10-09 12:55:00+05:30
2,48.44102127734328,-0.44770823324566544,-0.23634567391608058,1,0.5685614208595899,0.5159303791512002,3.7916873081284836,0.5694135115061979,0.28210838901220786,0.1484780994801094,1.1656570651501976,0.651329243352499,0.8464914992271094,-2.0,0.6900814835625978,120,11,0.0,57.778571428570494,2.0,1.4967115836320661,2.1876622573827227,0.21136255932921907,1.1176568204429036,0,VWAP_REVERSION,SELL,56573.0,56659.48,56400.04,2025-10-13 11:15:00+05:30
2,47.39850270233225,-0.6047767000872243,-0.43500478692773603,1,0.370512909254456,0.25422656687711437,2.4138415138453393,0.46978335233659124,0.40364880273562853,0.1265678449254997,0.8498650238803639,0.5704500978468446,1.9303831624392402,-2.0,0.7039898847988879,170,12,0.0,51.59642857142847,2.0,1.9819131999724302,2.0679725894610215,0.16977191315915924,0.8284526733405527,0,VWAP_REVERSION,SELL,56577.95,56680.21,56373.43,2025-10-13 12:05:00+05:30
2,63.37699178289199,0.05993191311299613,1.4166431630397893,1,1.7883632791595934,0.7012505195315797,8.166942476031695,0.5984251968490538,0.03599550056231834,0.36557930258637805,0.8993424380373753,0.4226464779454577,1.5627572016460274,-2.0,0.7492229443343471,110,11,0.0,49.42499999999979,2.0,1.8956499747091102,2.3459787556856444,1.3567112499240481,0.8589371980659168,0,VWAP_REVERSION,SELL,56757.0,56850.69,56569.62,2025-10-15 11:05:00+05:30
2,56.457043178184044,-0.2750666010332265,0.5209610763232889,1,2.562849630675404,0.6327664804058922,5.571903261140898,0.559322033897041,0.35367231638325,0.08700564971744904,1.0457461174881684,0.9504132231366829,0.5919972042634164,-3.0,0.8377625623765158,270,13,0.0,42.314285714286335,2.0,1.751924375421907,1.883524645505243,0.7960276773546342,1.1029411764678472,1,VWAP_REVERSION,SELL,56852.8,56926.93,56704.54,2025-10-15 13:45:00+05:30
2,61.972832297783846,0.06283940392462051,1.1691105770288366,1,2.1635825623071114,0.7354819401634225,6.120198583199353,0.5878564857393722,0.05887764489416992,0.3532658693646179,1.461021505376472,0.510699001424868,0.9994907831755502,-2.0,0.7940735183792961,210,12,0.0,37.20000000000073,2.0,1.5758064516129429,2.4341397849397235,1.106271173101242,1.4543751672426164,0,VWAP_REVERSION,SELL,57206.4,57265.02,57089.16,2025-10-16 12:45:00+05:30
2,54.4296352674213,-0.4875795591722388,0.08756284165560198,1,1.8952470110696977,0.20936413272329468,1.6016287836224568,0.90780730896855,0.0,0.09219269102978885,0.9877527102256712,0.5163674762396242,0.7741897810218741,-2.0,0.8621418307833953,200,12,0.0,60.94642857142909,2.0,1.4380603574566615,2.2749487254576235,0.575142400826897,1.0110849848824965,1,VWAP_REVERSION,SELL,57748.65,57836.29,57573.36,2025-10-17 12:35:00+05:30
2,50.724921209748175,-0.7103475403821948,-0.33038326517317634,1,0.2838870096487365,-0.012717791997614471,1.7735490317157363,0.4836956521731736,0.2748447204965292,0.24145962732874435,1.1659123238070936,0.5391498881418854,0.8099922340151025,-5.0,0.7070201541997209,185,12,0.0,55.235714285713975,2.0,1.5166558903401492,1.7289538342138717,0.3799642752083306,1.3583632145088553,0,VWAP_REVERSION,SELL,58134.2,58217.97,57966.65,2025-10-20 12:20:00+05:30
2,62.52050220260034,-0.37476767579106224,1.2971749196322209,1,0.1830435224729498,0.6217092039187829,14.570131427304924,0.8044406490167189,0.16737830913714136,0.028181041844431837,1.0002440512507147,0.5203955500604477,0.6552502169510831,-3.0,0.7303483838508952,75,10,0.0,58.53571428571273,2.0,1.7921293471629447,1.8595485051829368,1.6719425954204268,1.342581976607762,0,VWAP_REVERSION,SELL,58447.95,58552.85,58238.14,2025-10-23 10:30:00+05:30
2,58.101323999867425,-0.3462176449046705,0.5062158106919608,1,0.4540826917531158,0.40301660421414354,2.905779570437609,0.4526431718050597,0.38656387665118264,0.16079295154155498,1.0158222790475158,0.6487488415187583,1.2167539267015335,-2.0,0.805055967802591,140,11,0.0,44.69285714285642,2.0,1.634920888604791,1.698257951091034,0.8524334555947238,1.1398443384355712,0,VWAP_REVERSION,SELL,58477.65,58550.72,58331.51,2025-10-23 11:35:00+05:30
2,48.342422325954175,0.6607585212699627,0.18058681923442205,-1,-0.8075470013675595,0.7290741482211102,2.3896815490371077,0.4640657084179361,0.06468172484589682,0.47125256673411364,0.7470143530184742,0.9264705882340204,1.2209211553474568,3.0,0.25426792528614733,175,12,0.0,65.19285714285694,2.0,1.7826996822613397,1.7310178590967034,-0.4801717020348041,0.9534064212979928,0,VWAP_REVERSION,BUY,57861.6,57745.38,58094.04,2025-10-24 12:10:00+05:30
2,53.02357350011044,-0.04939663129834518,0.2916080326673931,1,0.3859027437863875,0.5813178282513541,3.792860142080785,0.43431221019946936,0.5656877897974394,0.0,0.7389459944525586,0.6345840130483755,0.699714635140669,-2.0,0.4518388791592113,155,11,0.0,43.77857142857205,2.0,1.3094958394516674,1.7085984663038567,0.3410046639649593,0.8943876140422826,0,VWAP_REVERSION,SELL,58216.05,58273.38,58101.39,2025-10-29 11:50:00+05:30
2,54.025384672386764,-0.40121232869893003,0.3257942916580833,1,2.2404064139951645,0.5816997171262531,4.377794859297336,0.811023622045538,0.12373453318308181,0.06524184476913036,0.8965566921192437,0.7068062827210329,0.981933019976515,-2.0,0.7428496800311375,285,14,0.0,49.578571428570804,2.0,1.4927387984441107,2.0442299380451456,0.727006620355547,0.896892655365379,0,VWAP_REVERSION,SELL,58371.45,58445.46,58223.43,2025-10-29 14:00:00+05:30
2,45.15609916740739,-0.23970100654559948,-0.5855073021344795,-1,-0.09416192563573875,0.3908864923176384,5.017330192915524,0.5798429319363456,0.38481675392620956,0.035340314136135864,0.9975750792762693,0.820284697507477,0.7377402719175444,-2.0,0.47623704283182144,75,10,0.0,76.5857142857146,2.0,1.5069203506807973,2.343126282406891,-0.34580629558842857,0.8831348976986778,1,VWAP_REVERSION,SELL,58197.3,58312.71,57966.48,2025-10-30 10:30:00+05:30
2,49.450192958087236,-0.2368742621307451,-0.04934680209503708,1,0.0451163303747204,0.6076406518764542,2.6743227174203557,0.4775757575747056,0.48363636363512064,0.038787878787749475,0.8224738303781397,0.4861963190176936,1.314421484628244,-2.0,0.4983375708975054,250,13,0.0,50.153571428570494,2.0,1.6871252581359306,1.8293811863525782,0.18752746003533413,0.7852655625341946,1,VWAP_REVERSION,SELL,58202.95,58287.57,58033.72,2025-10-30 13:25:00+05:30
2,57.87155906577596,0.21661984445188925,0.946941925978979,1,1.1664341355656185,0.7159563837251242,5.043875269358944,0.5704467353932072,0.38831615120128415,0.04123711340207223,0.4059993024066837,0.7358003442328311,0.7668520788158645,-2.0,0.8203835751166014,95,10,0.0,71.67499999999875,2.0,1.1191838158353713,2.06208580397338,0.7303220815260708,0.4632282712504462,1,VWAP_REVERSION,SELL,58052.05,58132.27,57891.62,2025-11-03 10:50:00+05:30
2,55.350244680228386,-0.17907360124052996,0.5549310248599753,1,1.052210764689206,0.5964927917507917,3.4608804672032414,0.664335664333806,0.1314685314680823,0.2041958041953144,0.6071818512677509,0.8952496954910565,0.677712264151003,-2.0,0.8179364495152014,120,11,0.0,58.878571428570595,2.0,1.36022079340044,1.6933155404556695,0.7340046260992585,0.8345004668514713,1,VWAP_REVERSION,SELL,58051.75,58131.84,57891.57,2025-11-03 11:15:00+05:30
2,49.517008710233355,0.4402347170226711,0.14658133379668897,-1,-0.5624212259818206,0.6685020411046988,2.7355485927209404,0.45727848101197877,0.04430379746821729,0.49841772151822167,1.355911424411869,0.4573283858989806,1.1969228328971748,2.0,0.2678881693254631,225,13,0.0,46.610714285713975,2.0,1.5621101831277562,2.2269557888237417,-0.2936533832253521,1.0834904851686955,0,VWAP_REVERSION,BUY,57887.9,57815.09,58033.52,2025-11-04 13:00:00+05:30
2,38.68040996087773,-0.2154960503597801,-0.9733654399584337,-1,-0.7140094161000987,0.2586309506372702,4.631582003779419,0.5418918918905059,0.13243243243211383,0.3256756756746775,0.526985095884838,0.42441209406392005,0.5254707464694193,3.0,0.17097472924181947,70,10,0.0,70.21071428571408,2.0,0.9431761534156979,2.602879088454513,-0.7578693895975741,0.7027540360860347,0,VWAP_REVERSION,BUY,57658.0,57591.78,57790.44,2025-11-06 10:25:00+05:30
2,40.94842071783848,0.3020412105704156,-0.8746242372069634,-1,-0.979749029805193,0.3500440995238465,6.212373470069589,0.8462857142847804,0.10857142857130449,0.04514285714277229,1.4479049701553983,0.3751568381419671,0.685254559970608,3.0,0.2230643179024576,95,10,0.0,60.43214285714411,2.0,1.9020211571420444,2.190059689139974,-1.176665447775432,1.5703517587911187,1,VWAP_REVERSION,BUY,57703.15,57588.21,57933.04,2025-11-11 10:50:00+05:30
2,58.94810135462843,0.35598958187974394,0.9381224322084213,1,-0.12049362870673418,0.5800681881229806,5.186491064586582,0.6493184634432628,0.16109045848780554,0.18959107806645334,0.7421664586481969,0.5037904893169372,1.2463341309283211,2.0,0.34088514225489924,80,10,0.0,54.367857142857765,2.0,1.885062077120186,2.3865203967636313,0.5821328503276066,0.7907113462654168,1,VWAP_REVERSION,BUY,58320.05,58217.56,58525.02,2025-11-12 10:35:00+05:30
2,40.57432941983315,-0.1931215704433857,-1.01706747143096,-1,-1.907682289063448,0.24377941322807892,5.516088929175367,0.8535645472030283,0.10789980732120072,0.038535645471917485,0.6018388138821548,0.493475682086663,0.976259409380467,2.0,0.3787987556830928,285,14,0.0,43.11785714285673,2.0,1.3628178580304386,2.9755653110177955,-0.8239459009856632,0.6516825715703695,1,VWAP_REVERSION,BUY,58208.3,58149.54,58325.82,2025-11-14 14:00:00+05:30
2,43.83840145858062,0.15320655317988738,-0.56460290078769,-1,-1.4722706031012787,0.33292121045108025,5.099642822866199,0.684210526313546,0.2902711323754367,0.025518341307827614,0.7170396993955005,0.8535645472030283,0.6018388138821548,3.0,0.4187604690116236,290,14,0.0,43.72142857142795,2.0,1.7273484724719104,1.8560692697229833,-0.7178094539659357,0.821756225423758,1,VWAP_REVERSION,BUY,58225.0,58149.48,58376.04,2025-11-14 14:05:00+05:30
2,64.9157376493281,-0.05411760830007918,1.2802168475390432,1,0.5017196016322943,0.5043810006809655,2.1065191723356325,0.5103448275842966,0.4896551724122552,0.0,0.6951459635305248,0.45436507936350207,0.5674762747305212,-2.0,0.8252569750364962,120,11,0.0,41.71785714285683,2.0,0.7951459635305486,1.7534457666254142,1.3343344558359238,0.8602788490036999,1,VWAP_REVERSION,SELL,58914.4,58947.57,58848.06,2025-11-17 11:15:00+05:30
2,56.53073392654251,-0.008149287655745206,0.38202593220777004,1,1.4766754559435775,0.6097184329494287,1.9072611146374172,0.4693877551002771,0.27458256029583666,0.25602968460017567,0.8290485607560015,0.37967115097062787,1.0139655732379793,-2.0,0.915232793522035,295,14,0.0,32.50714285714327,2.0,1.130542737859785,1.5888815644864571,0.39017521986231496,0.8305084745738462,1,VWAP_REVERSION,SELL,58967.0,59003.75,58893.5,2025-11-17 14:10:00+05:30
2,51.705187365915016,-0.06559163188585894,0.11295965146881005,1,0.739011742931881,0.47494030207038973,2.4002419993413224,0.41732283464406467,0.5039370078719754,0.07874015748002301,0.8170017231474155,0.48965517241244233,1.1184573002754463,-2.0,0.7036290322577341,235,13,0.0,31.089285714286234,2.0,1.3801838024121629,2.037679494536731,0.17855128335409468,0.7205673758843155,0,VWAP_REVERSION,SELL,58990.3,59033.21,58904.48,2025-11-18 13:10:00+05:30
2,47.974160171915294,0.1553556988358396,-0.029405629533119954,-1,0.7156322899329477,0.62305289813738,3.819784012448099,0.6833130328850252,0.2679658952490712,0.04872107186346749,0.6914516032003103,0.5983175604615593,0.6611053180395611,-2.0,0.5961392884176462,70,10,0.0,59.36785714285725,2.0,1.1704445647596011,2.8803465078457116,-0.18476132836864834,0.7758457758442611,1,VWAP_REVERSION,SELL,58846.05,58915.54,58707.08,2025-11-19 10:25:00+05:30
2,47.40980254152547,-0.08864298309007138,-0.15939504734955295,-1,0.5759225650332858,0.6349527021742448,4.0989847133702595,0.7385620915010798,0.06045751633962703,0.20098039215602528,0.5980734329191432,0.4198813056368157,0.6107048087501934,-2.0,0.5825132475395065,85,10,0.0,51.164285714285406,2.0,0.8827725813206835,1.432639955323104,-0.0707520642593433,0.7991642726539634,1,VWAP_REVERSION,SELL,58842.45,58887.62,58752.12,2025-11-19 10:40:00+05:30
2,62.193563601342206,-0.1408311111234329,1.0718593495917823,1,3.72698342269059,0.6557576732619965,7.7540680162684925,0.7510822510789841,0.07575757575725259,0.17316017315943447,0.5978924015529361,0.6350245499162267,0.7482505248424423,-2.0,0.8456358785412649,245,13,0.0,38.63571428571387,2.0,1.2336661120355517,1.6759105195002097,1.2126904607120763,0.7636363636338279,1,VWAP_REVERSION,SELL,59021.35,59069.01,58926.02,2025-11-19 13:20:00+05:30
2,61.11110585931495,-0.04815663614072843,1.2225271774982418,1,1.7421687627963125,0.6978514835462513,8.750074735810276,0.4841897233192151,0.42391304347737774,0.09189723320143081,1.0359754314126925,0.7935578330869116,0.7099264978840786,-3.0,0.7624317332564766,95,10,0.0,48.84285714285579,2.0,1.7921614507165635,1.7873647265245252,1.2706838136363687,1.381004366808495,0,VWAP_REVERSION,SELL,59157.05,59244.58,58981.98,2025-11-24 10:50:00+05:30
2,48.34909179787244,-0.8119261493977656,-0.5431279130485596,1,0.6561908965664918,0.26378014777638076,3.794606989675899,0.5819892473100386,0.11693548387079614,0.30107526881647695,0.8150234741784901,0.4412010008333331,1.3428800000000978,-2.0,0.669696244917326,190,12,0.0,45.642857142857665,2.0,1.7837245696400696,2.2895148669746135,0.26879823634861716,0.8109875735758082,0,VWAP_REVERSION,SELL,59171.8,59253.21,59008.97,2025-11-24 12:25:00+05:30
2,48.53396648523431,-0.5514135442667764,-0.37087144311286385,1,1.1682902677352727,0.32177761029194213,2.2350651834501227,0.6643550624115394,0.33564493758568664,0.0,0.9214057507987842,0.4801536491664683,0.9910269192423314,-3.0,0.7800765367135071,280,13,0.0,39.12500000000052,2.0,1.4571884984026482,2.159744408940138,0.18054210115345107,0.8137697516912042,1,VWAP_REVERSION,SELL,59217.95,59274.96,59103.92,2025-11-24 13:55:00+05:30
2,46.24232575336655,-0.49808409749975546,-0.44206443403262485,1,0.13207040558490826,0.5503018737564995,6.055677315272785,0.5722891566241742,0.2751004016052464,0.15261044176656335,0.47635966110961403,0.7562296858055196,0.854008327275146,-2.0,0.60762685155985,90,10,0.0,52.2714285714293,2.0,1.3559442470619985,2.4544957638652356,0.05601966346702343,0.45355191256749433,1,VWAP_REVERSION,SELL,58939.0,59009.88,58797.25,2025-11-25 10:45:00+05:30
2,38.08978411632405,-0.862019063222413,-1.719494556887463,-1,-1.7960124659778096,0.1810235827023495,6.239931900924495,0.5709001233031492,0.07028360049300399,0.3588162762013806,0.7683042360265568,0.3716108452937021,0.5879831201017731,2.0,0.21541128269771087,115,11,0.0,52.778571428573095,2.0,1.2121938015970122,3.8699418053789305,-0.8574754936634255,0.7411807713384624,1,VWAP_REVERSION,BUY,58814.55,58750.57,58942.51,2025-11-25 11:10:00+05:30
2,41.94099173833527,-0.23749124824673845,-1.055513293303765,-1,-1.1880824751642198,0.2798773390072662,6.378307835735789,0.5199291408316752,0.4800708591665533,0.0,1.0779513060082304,0.5709001233031492,0.7683042360265568,3.0,0.30980144973202345,120,11,0.0,52.3678571428588,2.0,1.6114233103730873,3.638682397865187,-0.8180220450554644,0.9793546148490336,1,VWAP_REVERSION,BUY,58844.5,58760.11,59013.27,2025-11-25 11:15:00+05:30
2,53.752051773741826,-0.9967604692502506,-0.1160649354269887,1,0.4156005873714705,-0.04574130750321387,2.4262031789597374,0.9333333333310139,0.044444444444374516,0.022222222222272357,1.05462555066082,0.6177105831504521,0.5843324619129685,-2.0,0.8323659952200979,145,11,0.0,40.53571428571325,2.0,1.7874008810571966,1.9686343612287458,0.8806955338210892,1.4071757735306425,0,VWAP_REVERSION,SELL,59392.55,59465.0,59247.64,2025-11-26 11:40:00+05:30
2,59.25028174697184,0.1672266938053492,1.022518721904737,1,2.144412197432425,0.594253159095669,3.1036409496592783,0.4459102902348577,0.20844327176689242,0.34564643799297295,0.5935123042506864,0.5744680851039384,0.6869193026411881,-2.0,0.921065209969143,180,12,0.0,31.92857142857195,2.0,0.9503355704698547,2.6073825503273618,0.8552920280967089,0.538505257173892,0,VWAP_REVERSION,SELL,59457.5,59487.84,59396.81,2025-11-26 12:15:00+05:30
2,49.06617246448927,-0.48114879170234875,-0.281472799653417,1,0.1279432624114417,0.4280905751003024,2.80059100974238,0.6361502347402783,0.0669014084505153,0.296948356806859,0.9466666666666235,0.5959595959580761,0.8765217391303924,-2.0,0.6898943717481726,230,13,0.0,45.00000000000052,2.0,1.3488888888888086,2.101111111106482,0.19967599204848802,1.0133206470004235,1,VWAP_REVERSION,SELL,59768.25,59828.95,59646.85,2025-11-27 13:05:00+05:30
2,47.265035710104144,0.4543531671060576,-0.22406907810730592,-1,-1.0348150168165948,0.4013502215071352,5.750179013853085,0.7230046948347022,0.0,0.2769953051639564,1.1384783201527577,0.5299469294913254,0.9926355964091437,3.0,0.4321885913852078,275,13,0.0,65.48214285714286,2.0,1.840169075538546,2.2677938369204527,-0.6784222452123274,1.0905500292553134,1,VWAP_REVERSION,BUY,59671.5,59551.0,59912.5,2025-11-27 13:50:00+05:30
2,56.97930409769792,0.9594248243144841,0.8631204227343715,-1,0.1421811694085027,0.7189923470179652,4.627406586909225,0.7109090909082468,0.2757575757572415,0.013333333333299533,1.2405348799742189,0.4416666666656859,0.7492474077377622,2.0,0.6351862630964419,310,14,0.0,66.50357142857163,2.0,1.9705762311368686,2.2126631222779833,-0.09630440157996781,1.3500245458986446,1,VWAP_REVERSION,BUY,59741.25,59610.2,60003.35,2025-11-27 14:25:00+05:30
2,56.97440214067685,-0.006244017902659549,0.7761306682101665,1,1.5186025622843426,0.686175590153471,5.841935926042851,0.47532894736673903,0.04934210526299323,0.47532894736697834,0.6036023259112298,0.7239263803668433,1.0964376415677397,-2.0,0.7690504103162843,130,11,0.0,50.36428571428717,2.0,1.469025670117668,1.7016026095554422,0.7823746861112727,0.633597332220465,1,VWAP_REVERSION,SELL,59828.55,59902.54,59680.58,2025-11-28 11:25:00+05:30
2,46.56593021085316,-0.9969695789104976,-0.7035430185512512,1,0.18528867194072735,0.19328797081248056,3.519829817653204,0.7204049844225049,0.10514018691571693,0.17445482866022052,1.5128766200977146,0.38771929824410045,0.7104068369981287,-2.0,0.593200468932992,170,12,0.0,42.4357142857147,2.0,1.8013970712001277,2.0760814677614223,0.2934265603585549,1.535885167460545,1,VWAP_REVERSION,SELL,59776.05,59852.49,59623.16,2025-11-28 12:05:00+05:30
2,46.04501467105431,-0.69835574836035,-0.7045605730647704,-1,0.0070793631258999744,0.13976436864688294,3.174918134874643,0.6400651465787943,0.11644951140048275,0.24348534201909425,1.5684700301067709,0.5659472422033508,0.5489937934925356,-3.0,0.5836543292578795,210,12,0.0,39.14642857142878,2.0,1.7259465377246224,2.152175896354312,-0.006204824704404511,1.3803956834501576,1,VWAP_REVERSION,SELL,59773.2,59840.76,59638.07,2025-11-28 12:45:00+05:30
2,49.179324289499796,0.6905704989391778,0.2111362150499629,-1,-2.24333908838672,0.7141413860903187,4.2459313597802275,0.7012987012958986,0.2077922077911324,0.0909090909086401,0.4367024508810855,0.5168869309825664,0.5937967115096539,2.0,0.32540259740252675,240,13,0.0,52.89642857142722,2.0,0.9081831071500656,2.042670987775461,-0.47943428388830844,0.5490848585677346,0,VWAP_REVERSION,BUY,59789.65,59741.61,59885.73,2025-12-01 13:15:00+05:30
2,49.24064282045117,0.0873003905260197,0.1745496538782913,1,0.1693718797167245,0.7085631449882079,4.508965572301804,0.4900662251646092,0.2582781456948746,0.25165562913862405,1.0308603274121546,0.757271815444842,0.98671002403503,-2.0,0.30286509685644764,160,11,0.0,51.267857142857665,2.0,1.566805990943902,3.363706025768481,0.08724926335210142,0.8055174516068404,0,VWAP_REVERSION,SELL,59056.25,59136.58,58895.6,2025-12-03 11:55:00+05:30
2,55.469567940631606,0.3880674045739739,0.8838761175760971,1,1.280177407758408,0.7762660015524225,5.775103058928705,0.4517426273447542,0.3780160857898027,0.17024128686276208,0.6815452884364889,0.5008517887548556,0.5292375064399522,-2.0,0.4692031086879752,185,12,0.0,54.72857142857174,2.0,1.2337770817019456,2.686896371699644,0.4958087130012173,0.7285156249986339,1,VWAP_REVERSION,SELL,59127.95,59195.47,58992.9,2025-12-03 12:20:00+05:30
2,52.31770956096087,-0.041037601736217504,0.40342605458799613,1,0.8148790459339255,0.6800543518762504,5.6675472159222275,0.6989247311809715,0.0658602150535133,0.23521505376282695,0.6786994200820424,0.4517426273447542,0.6815452884364889,-3.0,0.41340911727168966,190,12,0.0,54.8107142857147,2.0,1.1755196455332488,2.597119958293254,0.44446365632340273,0.8168642951233175,1,VWAP_REVERSION,SELL,59103.9,59168.33,58975.04,2025-12-03 12:25:00+05:30
2,62.293196910486415,-0.06412404708090334,1.192464586066421,1,1.3550895010203305,0.6972341674464946,6.7384641680831034,0.629225736094581,0.1995637949832451,0.17121046891999286,0.8930161380077588,0.6814404432120466,1.0106652446340683,-2.0,0.7867517306907164,95,10,0.0,51.34285714285735,2.0,1.6299109627155925,1.7957707289892042,1.2565886331448768,1.0050416483975961,1,VWAP_REVERSION,SELL,59470.15,59553.83,59302.78,2025-12-04 10:50:00+05:30
2,59.73289488968142,-0.3088060304049723,0.8474546840531803,1,1.0405234481416028,0.6346173953917826,6.249848267665787,0.5278551532017698,0.3913649025059388,0.08077994428950584,0.7335084646818698,0.629225736094581,0.8930161380077588,-3.0,0.7444007058502268,100,10,0.0,48.942857142857456,2.0,1.8316112084062353,1.9829246935159865,1.15626071445579,0.8521243769265604,1,VWAP_REVERSION,SELL,59454.55,59544.19,59275.26,2025-12-04 10:55:00+05:30
2,51.74381775232028,-0.87708746624775,-0.2064849864611257,1,0.007614880696198196,0.42639974956185034,5.561745496648931,0.5915317559138228,0.0,0.4084682440836865,0.8063405537225958,0.6228656273191238,1.349892627057952,-2.0,0.6201981810776253,115,11,0.0,49.79285714285704,2.0,1.760880791851975,2.950222349728725,0.6706024797852775,0.8493759255324045,1,VWAP_REVERSION,SELL,59408.8,59496.48,59233.44,2025-12-04 11:10:00+05:30
2,53.43568243542963,-0.637031649454535,0.014506388314398296,1,2.8632686751959704,0.42523031392950117,4.312044789682338,0.4170324846349343,0.30904302019259944,0.27392449517071027,1.3162195625257271,0.430350194551882,1.4917081260364844,-2.0,0.8774597495526455,275,13,0.0,43.267857142857146,2.0,1.999793644242602,2.260338423436689,0.6515380377674275,1.2423647469431014,1,VWAP_REVERSION,SELL,59695.15,59781.68,59522.1,2025-12-05 13:50:00+05:30
2,42.97642684253234,0.38043539240309465,-0.5606344625937901,-1,-1.309714970316786,0.37382043557061073,5.7740606593110355,0.8918629550301579,0.08244111349014863,0.025695931477552114,0.9060421286031999,0.46348884381260635,0.9725921228774066,3.0,0.2587593728697357,150,11,0.0,51.54285714285652,2.0,1.7442627494456822,1.915881374719144,-0.941069854995059,0.9719042663872755,0,VWAP_REVERSION,BUY,59441.3,59351.4,59621.11,2025-12-08 11:45:00+05:30
2,37.96782737424482,-0.11523722526617398,-1.3274250145734687,-1,-3.4255411940054117,0.2612636125330531,5.182307789705359,0.7550387596875361,0.13643410852675383,0.10852713178260921,0.71405978174915,0.9515810276660159,1.0909370909370375,2.0,0.15249662618079854,215,12,0.0,45.16428571428696,2.0,1.7262849913014557,2.9658390004677453,-1.2121877893046107,0.6935483870952609,0,VWAP_REVERSION,BUY,59304.95,59226.98,59460.88,2025-12-08 12:50:00+05:30
2,51.856933239767685,-0.581656300894017,0.004274330756737299,1,2.0916480923035494,0.5341236292557819,3.9085989331112696,0.7476475620175278,0.17621899059000515,0.07613344739075616,1.1523729052245613,0.5798575788390878,1.0072458464466352,-2.0,0.8155481450602731,285,14,0.0,50.72142857142847,2.0,1.8448246725813024,1.832558794532314,0.5859306316495991,1.252947481240553,1,VWAP_REVERSION,SELL,59269.75,59363.32,59082.61,2025-12-09 14:00:00+05:30
2,62.617978573752424,-0.0012244185105514706,1.1249100713760016,1,3.229824302198936,0.6970805825385086,6.550871510851552,0.5966494845346493,0.2783505154631189,0.12499999999965439,0.6715292372356695,0.5596707818920829,1.0461254612545938,-2.0,0.8569251744324593,200,12,0.0,57.77857142857205,2.0,1.6438249474594442,1.6277661021110716,1.126134489884604,0.7241508025368236,1,VWAP_REVERSION,SELL,59334.15,59429.13,59144.19,2025-12-11 12:35:00+05:30
2,51.819186151342876,-0.805558932093152,-0.18319940620374348,1,1.9542851153486513,0.40865510868214083,4.619281661320722,0.8237924865817412,0.1762075134164699,0.0,0.959303750919356,0.5285388127840134,0.7494042163153503,-2.0,0.772796535407684,225,13,0.0,58.2714285714293,2.0,1.586148565825093,1.5178965432678606,0.6223595258883404,1.148079687818559,1,VWAP_REVERSION,SELL,59281.7,59374.13,59096.85,2025-12-11 13:00:00+05:30
2,43.416308875866896,-0.7855497110616655,-0.9215282010035625,-1,0.4239186549073333,0.21767096368588662,4.686722759115234,0.9434599156101238,0.021097046413466502,0.035443037974721966,1.078323041923952,0.38719832109040514,0.8872190450858081,-3.0,0.6494506375811026,285,14,0.0,54.94642857142857,2.0,1.873545661358398,1.8117647058791087,-0.13597848994164946,1.204023572442164,0,VWAP_REVERSION,SELL,59204.8,59307.74,58998.91,2025-12-11 14:00:00+05:30
2,53.66418834290695,0.8014512367853115,0.6452157394555484,-1,0.028146065512572063,0.7607379383890241,2.379587860767847,0.78444747612334,0.10914051841716035,0.10641200545677106,0.9211849192101145,0.6786885245880819,0.7242198100407252,4.0,0.3330494037477663,260,13,0.0,39.78571428571325,2.0,1.6633752244164037,1.9931777378764406,-0.15623549732937042,1.125960061440568,1,VWAP_REVERSION,BUY,59100.35,59034.17,59232.71,2025-12-16 13:35:00+05:30
2,45.88275130083376,-0.07212351561162299,-0.3788481872970596,-1,-0.28515371622715563,0.311925852266149,2.467468876183852,0.4280681150904716,0.3247210804459015,0.24721080446245247,1.0335529738165652,0.7529880478073666,0.6254616651092092,2.0,0.39828510182191484,40,9,0.0,82.38571428571387,2.0,1.2276226807699058,2.8311947286249803,-0.3067246716850643,1.0522738507154787,0,VWAP_REVERSION,BUY,58986.85,58885.71,59189.13,2025-12-17 09:55:00+05:30
2,49.74325447183264,0.39462148326109553,0.11235889131363977,-1,-0.39991184888032627,0.4953539368853395,2.8361869001928395,0.625142857141395,0.22971428571366087,0.14514285714265843,0.9412216673069641,0.5947611710305343,0.7144205063690285,2.0,0.2330669710805849,210,12,0.0,46.482142857142335,2.0,1.3327314636957863,1.5575873991515192,-0.2822625919468485,1.1891818428888767,0,VWAP_REVERSION,BUY,58925.65,58863.7,59049.55,2025-12-17 12:45:00+05:30
2,50.45694990414818,0.5653715689691948,0.24151730814550687,-1,-0.5908711995577963,0.5468456456743394,3.334227281983209,0.6210979547887673,0.11087190527428828,0.2680301399347915,1.0784411276948176,0.7034671532834036,1.2588399376488026,2.0,0.24931082012396397,245,13,0.0,43.07142857142753,2.0,1.7797678275290114,1.7993366500787846,-0.32385426082293606,1.023127753301647,0,VWAP_REVERSION,BUY,58909.35,58832.69,59062.66,2025-12-17 13:20:00+05:30
2,43.04670872175317,-1.1238297805292101,-1.0665795819460384,1,0.6633632829303142,0.06560397080989572,3.085260677257415,0.9575070821502655,0.0,0.042492917846901616,0.8423385034941933,0.49043715846874414,0.8406201296037786,-8.0,0.7390126429860003,240,13,0.0,41.90714285714265,2.0,1.5365092892450876,2.31106187147921,0.05725019858303514,0.9403303143289671,1,VWAP_REVERSION,SELL,59080.95,59145.34,58952.17,2025-12-18 13:15:00+05:30
2,55.74711828345229,-0.10088866358962635,0.4728540797447899,1,0.9611308349771185,0.6548550039280646,4.431708191145065,0.4590163934404842,0.011709601873478262,0.5292740046813538,0.5053254437871262,0.383815028900813,1.0008264462810157,-3.0,0.7281348788195035,295,14,0.0,42.24999999999948,2.0,1.4017751479289768,1.5692307692271432,0.5737427433330582,0.642491724343707,0,VWAP_REVERSION,SELL,59070.25,59129.48,58951.8,2025-12-19 14:10:00+05:30
2,59.49133886794912,0.34307932380458284,0.944780926185969,1,-0.08275255795059029,0.5305506274174056,6.349925604998688,0.6076352067855133,0.14846235418846274,0.24390243902390304,1.1941027496381147,0.434367541765064,1.0240921787708412,2.0,0.6325915623548246,90,10,0.0,39.48571428571241,2.0,1.7499638205498085,1.8411722141776952,0.6017016023798623,1.1973082783107563,0,VWAP_REVERSION,BUY,59291.95,59222.85,59430.15,2025-12-22 10:45:00+05:30
2,55.63558922529366,0.3064942276258507,0.4881877732013907,1,-0.24824326814372027,0.45563625964882387,3.3002141280416666,0.48084291187569067,0.3908045976995624,0.12835249042091557,0.7369907220653252,0.6188976377933721,0.8652068126520926,3.0,0.5716272600832054,130,11,0.0,35.41428571428488,2.0,1.4003227107705907,2.489108511489642,0.18169354557502687,0.8267342413657306,0,VWAP_REVERSION,BUY,59278.8,59229.21,59377.98,2025-12-22 11:25:00+05:30
2,44.999280286474914,-0.15647814289396006,-0.5789519683237135,-1,-0.926067146817693,0.25561356373882255,3.291569791453649,0.4310018903575227,0.529300567105662,0.03969754253303468,0.7785136129508012,0.40311804008814356,1.3134141245298854,2.0,0.300646551723994,160,11,0.0,33.975000000001145,2.0,1.3288447387784432,2.392935982332703,-0.4224738254285099,0.8196467307072032,1,VWAP_REVERSION,BUY,59272.55,59227.4,59362.84,2025-12-23 11:55:00+05:30
2,48.7860884031512,0.26411503734688285,-0.09387665800651382,-1,-0.4381114896081643,0.40192326864255845,3.381216658565068,0.6155268022158267,0.01663585951923762,0.3678373382612389,0.8167798986304922,0.4310018903575227,0.7785136129508012,3.0,0.38820043103429236,165,12,0.0,33.117857142858284,2.0,1.5086056292462018,1.8026528631454906,-0.3579916953523157,0.8788174139023228,0,VWAP_REVERSION,BUY,59288.8,59238.84,59388.72,2025-12-23 12:00:00+05:30
2,48.05698406867103,-0.5601973499112013,-0.3178989377997447,1,0.05014617322254023,0.2964319786354944,1.9693702775292812,0.613259668506932,0.2320441988945148,0.1546961325963432,1.2681413271944861,0.5368802902042124,1.235777564307788,-3.0,0.4733297413790512,315,14,0.0,35.682142857142544,2.0,1.7997297567810757,2.185967370627463,0.24229841211077754,1.0537959944083302,1,VWAP_REVERSION,SELL,59304.6,59368.82,59176.16,2025-12-23 14:30:00+05:30
2,42.21729447019637,0.20961910014985152,-0.49342173721005517,-1,-1.3702573169648047,0.3766355268934498,5.3721315988276,0.6159217877076048,0.24581005586529647,0.13826815642430548,1.003202562049724,0.4764011799396201,0.9749383730485305,2.0,0.2775991425507411,175,12,0.0,35.685714285714184,2.0,1.1606485188150273,1.307245796633691,-0.7030408373579365,1.0610551274420827,0,VWAP_REVERSION,BUY,59045.85,59004.43,59128.69,2025-12-26 12:10:00+05:30
2,46.247666305674294,0.49298041027538253,-0.08213730529811479,-1,-0.9388036195520443,0.46972123889204836,5.111093994067559,0.46143057503376245,0.13884992987332434,0.3997194950901081,1.0040233353448547,0.6159217877076048,1.003202562049724,3.0,0.354769560557139,180,12,0.0,35.507142857142235,2.0,1.571534902434217,1.610943472133812,-0.5751177155718775,1.0211973646488957,0,VWAP_REVERSION,BUY,59060.25,59004.45,59171.85,2025-12-26 12:15:00+05:30
2,43.841742593653315,-0.19120485106442134,-0.4705892053905886,-1,-0.7599083145515741,0.3019652143108338,3.1915996055695897,0.6510416666645048,0.005208333333113929,0.3437499999989091,0.5563681523388279,0.5875613747934828,0.5757555361108486,3.0,0.2811173184356351,55,10,0.0,51.76428571428447,2.0,1.315123499379155,3.249344556361897,-0.2793843543256276,0.6281352235536456,0,VWAP_REVERSION,BUY,58979.55,58911.47,59115.7,2025-12-29 10:10:00+05:30
2,48.22280286842366,-0.4874196289133875,-0.36194115059028176,1,0.20360802324172697,0.2988114061136468,3.632397429448928,0.5389133627002374,0.09838472834033539,0.3627019089564903,0.7463597933302862,0.7711267605617331,0.9140229885057465,-3.0,0.540472673559676,160,11,0.0,45.62142857142732,2.0,1.7012212306245817,2.0549553781073415,0.1254784783228307,0.8262557631623344,0,VWAP_REVERSION,SELL,58920.55,58998.16,58765.33,2025-12-30 11:55:00+05:30
2,46.99905307136031,-0.4799636410592102,-0.45403477939179226,1,-0.12191974956098707,0.3019074541355941,2.5817329082976803,0.577114427859548,0.24477611940241106,0.17810945273605083,1.1479154768703763,0.5807814149935114,1.1161811752820243,-2.0,0.5035450516985348,220,12,0.0,43.77499999999937,2.0,1.6556824671616657,1.8937749857181785,0.025928861667358652,1.0630420985803681,0,VWAP_REVERSION,SELL,58908.05,58980.53,58763.1,2025-12-30 12:55:00+05:30
2,59.804607683510895,0.06124318325037955,0.8872499600079522,1,1.7177683369477625,0.6331897567819627,4.056280813226002,0.48959999999852644,0.22079999999934002,0.2895999999989336,0.7341219900998531,0.4198113207533127,0.7212052486636144,-2.0,0.876699184391203,160,11,0.0,42.56785714285642,2.0,1.0056128869872507,2.335095226104161,0.8260067767556322,0.7426330798461388,0,VWAP_REVERSION,SELL,59461.2,59504.01,59375.59,2025-12-31 11:55:00+05:30
2,49.792861918743036,-0.38875493586468846,-0.12623997275411694,1,0.060777948931529165,0.4661745928279044,2.5584070680647115,0.4199288256219701,0.4297153024903311,0.15035587188591945,1.1443531379536995,0.5414424111936479,0.9698009097010997,-3.0,0.6073177758567755,105,11,0.0,49.110714285713975,2.0,1.4876808959347176,1.559741109734278,0.26251496311003697,1.4064064064029755,1,VWAP_REVERSION,SELL,59675.05,59748.11,59528.93,2026-01-01 11:00:00+05:30
2,51.90751399628159,-0.19528914066396091,0.11430797237675694,1,0.4865844278781498,0.5612755920248346,3.1702358075516073,0.4858569051563576,0.20465890182963042,0.30948419301068425,0.7467163649272691,0.4206586826335399,0.7882005899705069,-2.0,0.7467588591179899,135,11,0.0,40.2428571428588,2.0,1.0703585374512627,1.6686190983273792,0.3095971130399485,0.8415009801152911,1,VWAP_REVERSION,SELL,59699.25,59742.32,59613.1,2026-01-01 11:30:00+05:30
2,48.9627954919802,0.09290958977413631,-0.1360047456093381,-1,-0.10607922492593393,0.33789802857249296,2.7584294344339075,0.4961340206173338,0.12371134020576813,0.3801546391743207,0.9793563508517502,0.4605026929974281,1.3868041970477236,2.0,0.6021319504462255,185,12,0.0,39.617857142858284,2.0,1.9489137293788776,2.6048859641147946,-0.22891433538289657,0.8505041648380279,1,VWAP_REVERSION,BUY,59674.15,59596.94,59828.57,2026-01-01 12:20:00+05:30
2,51.068112512148375,0.3881241586540542,0.17293232472499565,-1,-0.10968327449104635,0.5425139992579923,2.7727275106194833,0.7702834799593999,0.10557184750715043,0.12414467253149461,1.0413727913910076,0.6901709401694847,0.9400961331516613,2.0,0.7829827915868274,220,12,0.0,49.11785714285673,2.0,1.7643641387333602,2.0542427106771703,-0.21519183392862043,1.0658470514668459,0,VWAP_REVERSION,BUY,60202.85,60116.19,60376.17,2026-01-06 12:55:00+05:30
2,51.09526447162625,-0.05329011978442127,0.20302681153539417,1,0.8335462252041916,0.6573200695582255,3.979860419964239,0.6186046511607822,0.08837209302293667,0.29302325581318023,0.6246109151276086,0.71166207529717,1.0536281962680634,-2.0,0.6704239157066108,145,11,0.0,51.63214285714379,2.0,1.4024832261187743,1.9851974821846783,0.256316931319319,0.5951282524440088,1,VWAP_REVERSION,SELL,59998.15,60070.56,59853.32,2026-01-07 11:40:00+05:30
2,49.7370790832292,-0.2031015678810171,0.00595190452065485,1,0.6263567437997775,0.5891129733924256,3.7876526530307912,0.4119850187250937,0.08239700374490973,0.5056179775262514,0.525405861269173,0.6186046511607822,0.6246109151276086,-3.0,0.6206812055865601,150,11,0.0,50.817857142857974,2.0,1.4627099585353058,2.0170075198498174,0.20905347240126057,0.5524518932328262,1,VWAP_REVERSION,SELL,59988.0,60062.33,59839.34,2026-01-07 11:45:00+05:30
2,47.25054134483241,0.5023079706684145,-0.0056589766917851106,-1,-1.9189532893128687,0.6074027707769206,2.9039898083353846,0.5422535211252331,0.0,0.45774647887194997,0.6120689655172469,0.5493827160484878,1.0757737459979193,3.0,0.27470121339288267,230,13,0.0,57.99999999999948,2.0,1.4922413793104083,1.8456896551691728,-0.5079669473593238,0.7164480322891696,1,VWAP_REVERSION,BUY,59715.35,59628.8,59888.45,2026-01-08 13:05:00+05:30
2,54.261435281673464,0.9872691278006395,0.8503579259235914,-1,-1.5086390548916835,1.0357954847164663,2.351166427940271,0.5838095238084395,0.21714285714247125,0.19904761904718446,1.2201195219123624,0.512908777968199,1.39879621668098,5.0,0.31967886141769275,275,13,0.0,43.02857142857101,2.0,1.844189907038631,2.6947211155317135,-0.13691120187672992,1.2232059645823916,1,VWAP_REVERSION,BUY,59740.0,59660.65,59898.71,2026-01-08 13:50:00+05:30
2,52.967484689037484,-0.6066713030945399,0.004273632665778831,1,3.660158138871735,0.06277202646209235,2.35650978621684,0.4301994301981809,0.544159544157975,0.02564102564099511,0.6348017052060325,0.7077464788710974,0.49372904507627496,-2.0,0.7852973771701895,300,14,0.0,55.292857142856,2.0,0.8351763338070309,1.53003487921181,0.6109449357592138,0.7847082494952153,0,VWAP_REVERSION,SELL,59395.65,59441.83,59303.29,2026-01-12 14:15:00+05:30
2,49.36289276842201,-0.8050030134364694,-0.47402290737469244,1,2.809367772261414,-0.009830312097079992,2.3821051932891293,0.5829383886248539,0.24644549762996348,0.17061611374382846,1.2368704390477279,0.6448326055302523,1.1783876500858528,-2.0,0.7497598817878485,315,14,0.0,59.707142857141925,2.0,1.849371934442034,1.9604019619539679,0.33098010606122263,1.2639055279800382,0,VWAP_REVERSION,SELL,59371.6,59482.02,59150.76,2026-01-12 14:30:00+05:30
2,59.08986523825879,0.4520568982308256,0.7839139474522828,1,0.10312441391271444,0.7187592400598516,3.556103726866589,0.44773039889888455,0.2847317744150571,0.26753782668468284,0.7544009190972538,0.7634517766489416,1.0540798776992166,2.0,0.43844634628028956,50,10,0.0,96.36785714285725,2.0,1.4702701701070313,1.7796390319812518,0.3318570492211128,0.8023396976042784,1,VWAP_REVERSION,BUY,59596.95,59455.26,59880.32,2026-01-13 10:05:00+05:30
2,50.46853555050137,-0.5491482257447502,-0.11958105125091831,1,0.4971088166881627,0.5149666120496648,5.616745738275034,0.7639999999984137,0.04399999999999931,0.1919999999995869,0.795680591077017,0.7437275985649365,0.8321261184491311,-2.0,0.6576482830383356,175,12,0.0,62.8392857142852,2.0,1.436743393009396,1.4895140664937825,0.4295671744931483,1.0082677959245767,0,VWAP_REVERSION,SELL,59577.0,59667.28,59396.43,2026-01-14 12:10:00+05:30
2,49.75150719160836,-0.6414108340612373,-0.24630798157431083,1,1.0050514522925127,0.4202663984322538,3.0211344986045088,0.5010266940444987,0.49897330595413236,0.0,1.2707504970178236,0.37017411052186167,1.1894012476685751,-4.0,0.6719229548098936,260,13,0.0,57.485714285713975,2.0,1.8230367793240025,2.6963220675897577,0.3951028524862391,1.138027730174235,1,VWAP_REVERSION,SELL,59641.65,59746.45,59432.05,2026-01-14 13:35:00+05:30
2,51.47744626597328,-0.5316253754811561,-0.1843657769308917,1,0.5518758857312385,0.23726989077729166,2.26985826692944,0.5323257766574238,0.2871536523924264,0.18052057094847057,1.2436786753189133,0.5786324786314646,1.2250392640789716,-2.0,0.783347428307711,185,12,0.0,47.88214285714327,2.0,1.7008055493398746,1.9349593495894684,0.34725959854953914,1.1704009433939766,1,VWAP_REVERSION,SELL,60019.95,60101.39,59857.07,2026-01-16 12:20:00+05:30
2,38.056757114699955,0.1825930994875655,-0.7383934437419996,-1,-0.14020331955096393,0.34199771482884866,6.989681337340778,0.7185138539034006,0.0,0.2814861460953399,0.7856663250521327,0.5202885482406536,0.513391971430497,2.0,0.30083837005258796,65,10,0.0,101.06071428571522,2.0,1.1874651023076586,1.5268049616552166,-0.9209865432286537,1.089910775564756,1,VWAP_REVERSION,BUY,59748.9,59628.89,59988.91,2026-01-19 10:20:00+05:30
2,50.319595000766874,-0.29779910165212714,-0.06378328022918067,1,0.8465063194035352,0.3798696570838612,1.6637649477147434,0.7405362776013776,0.03864353312292508,0.22082018927411992,0.8967921192219303,0.3682469680257569,0.6603910963178375,-2.0,0.49805030220306845,310,14,0.0,70.6964285714296,2.0,1.0321545844909856,1.2879009850954473,0.23401582142261546,0.9536702767734436,0,VWAP_REVERSION,SELL,59850.05,59923.02,59704.11,2026-01-19 14:25:00+05:30
2,40.86206768249954,-0.21082826689817316,-0.8922412605074186,-1,-0.5351926715396952,0.22564836971751373,4.883311149441101,0.6465590484269705,0.12914188615109864,0.2242990654202316,0.6728735350566202,0.5629420084857281,0.8161952667600904,2.0,0.25501278428199103,45,10,0.0,87.4607142857146,2.0,1.183343541998426,2.251296500467033,-0.6814129936084663,0.7657774886132482,1,VWAP_REVERSION,BUY,59716.7,59613.2,59923.69,2026-01-20 10:00:00+05:30
2,45.04012527063206,0.14795918746911133,-0.3504691388684768,-1,-0.4253441679930277,0.5585768122959465,1.6255348177603586,0.5245441795217713,0.13744740532924293,0.3380084151461807,0.6271676300578268,0.41317898486130805,0.9598290598290762,2.0,0.20441394159597182,115,11,0.0,56.84285714285735,2.0,1.2857250565468576,1.4320180949962444,-0.49842832633671125,0.759965892132275,1,VWAP_REVERSION,BUY,59697.9,59624.82,59844.07,2026-01-20 11:10:00+05:30
2,48.038902810381884,0.5347533932428981,-0.06954512465844083,-1,-2.054522199890298,0.5344580405970918,4.043982319067962,0.6809384164215228,0.3120234604101741,0.007038123167130099,1.0903526402338697,0.6858299595130358,0.7741559953434145,2.0,0.21365242317176128,170,12,0.0,78.1857142857147,2.0,1.6335282294902407,2.3898227663042393,-0.604298517900566,1.1298873426094813,1,VWAP_REVERSION,BUY,58983.3,58855.58,59238.74,2026-01-22 12:05:00+05:30
2,54.99995152012912,0.5875454371361506,0.6505330689543497,1,-0.45727192772043046,0.6863319834271088,2.750998165543515,0.44210526315729387,0.07697368421040589,0.48092105263098445,1.0026385224274228,0.5876543209866391,0.7705200217430522,2.0,0.32157856142919317,270,13,0.0,75.80000000000135,2.0,1.1118733509234477,1.7499999999976794,0.06298763181811601,0.978120978119701,0,VWAP_REVERSION,BUY,59064.25,58979.97,59232.81,2026-01-22 13:45:00+05:30
2,51.99395800721017,0.7235497011732708,0.44131231026948836,-1,-0.4062052450613986,0.5955759368035819,4.653998971008742,0.41445086705152717,0.22601156069341397,0.35953757225390276,1.2638939623232541,0.7856494096261425,0.8230896566455491,3.0,0.3140790646982426,205,12,0.0,68.43928571428425,2.0,1.6539320565673294,2.1288942232397057,-0.2822373909033701,1.414323086982665,0,VWAP_REVERSION,BUY,59054.0,58940.81,59280.39,2026-01-23 12:40:00+05:30
2,39.739051816041396,0.4665054070645727,-0.7297413322270723,-1,-3.9712933751293726,0.39495888266563306,8.26807354093137,0.711353162965491,0.25932132383721435,0.029325513196456723,1.3473370156835844,0.4908200734390413,1.4492545508298784,2.0,0.17118155619594594,315,14,0.0,88.58214285714192,2.0,1.9440511228480228,2.193444341407811,-1.1962467392902945,1.1657550302782118,0,VWAP_REVERSION,BUY,58609.25,58437.04,58953.67,2026-01-23 14:30:00+05:30
2,51.63437316842094,-0.09797093110430928,0.2382728895401006,1,0.6437673130193787,0.651562139943774,4.693672112978358,0.8404653095131304,0.13585375986698334,0.02368093061905538,0.8643172258131021,0.5068119890998964,0.35737636502749043,-2.0,0.7581441263572408,70,10,1.0,139.2428571428588,2.0,1.243685236483029,1.8209192572060373,0.3362438206441684,1.0682584768320327,1,VWAP_REVERSION,SELL,58620.8,58793.97,58274.45,2026-01-27 10:25:00+05:30
2,60.27835069065928,-0.0590099281284817,0.9139356720602094,1,0.8879479831129395,0.6776279675834425,4.264749995733757,0.47770700636878993,0.015569709837184408,0.5067232837926102,1.0606970509382503,0.35010482180216135,0.715755627009597,-3.0,0.6808785529713455,140,11,0.0,66.60714285714286,2.0,1.5833243967829322,2.413404825733642,0.9729456001872304,1.1108490566019609,1,VWAP_REVERSION,SELL,59601.1,59706.56,59390.18,2026-01-28 11:35:00+05:30
2,55.80867701472066,-0.5603862063166063,0.2962207056727855,1,0.2819884364003035,0.5282976413439391,4.473095575686089,0.8531249999981619,0.031249999999934896,0.11562499999981975,0.7601809954751131,0.47770700636878993,1.0606970509382503,-4.0,0.5507105943150702,145,11,0.0,63.142857142857146,2.0,1.7042986425339102,2.290837104068793,0.8566069119880352,0.7494145199051702,1,VWAP_REVERSION,SELL,59560.8,59668.41,59345.57,2026-01-28 11:40:00+05:30
2,40.361592611932956,-0.13744075258081864,-1.0260571192851893,-1,-2.3955535810218054,0.25384882087657523,4.968199178657566,0.63337250293612,0.13983548766133902,0.22679200940019073,0.6530366147774975,0.5425407925401757,1.2866323907455268,2.0,0.23637564681267106,280,13,0.0,65.15714285714368,2.0,1.7475553606664613,2.6873492655077684,-0.8886163667030068,0.6595876608267953,1,VWAP_REVERSION,BUY,59353.1,59239.23,59580.83,2026-01-28 13:55:00+05:30
2,59.1521056281049,0.07234413259425064,0.8245674177618929,1,2.42844275561167,0.6972615147449506,3.14428788893601,0.6184895833316992,0.36588541666577573,0.015624999999920822,0.6809373020899561,0.7842857142835982,0.5944437704719188,-2.0,0.8396089036819576,205,12,0.0,56.392857142857146,2.0,1.4671944268524086,2.0188727042395858,0.7522232851663083,0.7224835371576719,0,VWAP_REVERSION,SELL,59742.6,59825.34,59577.12,2026-01-29 12:40:00+05:30
2,56.15388800584106,-0.5201196486361612,0.3750349336712322,1,3.4269685868825777,0.559614250374052,4.780119096563269,0.895330112719868,0.03059581320448015,0.07407407407404158,1.1027397260274783,0.5509708737850387,0.735151669640517,-2.0,0.8424845304298894,290,14,0.0,56.31428571428686,2.0,1.8038305428714905,1.867199391168666,0.8951545823058038,1.3073684210499616,0,VWAP_REVERSION,SELL,59876.8,59978.38,59673.64,2026-01-29 14:05:00+05:30
2,46.463906339196356,-0.22017505313969427,-0.34705908522572515,-1,0.2544063647490891,0.4300468739831887,4.02687031306306,0.7715053763430535,0.05376344086014174,0.17473118279546065,0.6374541003672095,0.7536945812795565,0.5211172911191376,-2.0,0.6714670255718168,65,10,0.0,116.71428571428571,2.0,1.1457160342717294,1.3494492044052087,-0.12688403208592214,0.9516500383717832,1,VWAP_REVERSION,SELL,59784.85,59918.57,59517.41,2026-01-30 10:20:00+05:30
2,42.666715510590805,0.1994389596752092,-0.5009547732072378,-1,-1.5679593127492568,0.3596483433463318,5.188078634148155,0.7706666666662557,0.06319999999995854,0.1661333333332525,0.6174436656160321,0.3870109129622903,0.6332530700698241,2.0,0.5728451380551967,220,12,1.0,303.6714285714287,2.0,0.9859904972479642,4.181493155194566,-0.7003937328822163,0.6621697979938285,0,VWAP_REVERSION,BUY,58976.15,58676.73,59574.98,2026-02-01 12:55:00+05:30
2,45.67012123172879,0.45899646433424146,-0.19229754393450205,-1,-4.169091173225545,0.5206499780845553,3.177932041147275,0.4434845212376764,0.5082793376522659,0.04823614110861786,0.6871620905332719,0.627015250544154,1.1243701007838722,4.0,0.5161104441776476,310,14,0.0,101.06785714285797,2.0,1.5515000530053513,1.951164352095344,-0.651294008268099,0.7944406314335982,0,VWAP_REVERSION,BUY,58858.0,58701.19,59171.61,2026-02-01 14:25:00+05:30
3,56.30489282206512,0.9249333818262969,1.0812413870107636,1,1.1801187366022854,0.8948753915575097,4.271108056604663,0.6625514403281275,0.0,0.3374485596702264,1.1394694533762146,0.391468005017816,0.7558084400189448,1.0,0.5093175367146658,155,11,0.0,53.3142857142853,2.0,1.2394694533762343,3.5056270096397815,0.15630800518417343,0.8853104051284134,1,MOMENTUM_SURGE,BUY,45733.35,45667.27,45865.51,2024-02-06 11:50:00+05:30
3,45.05846763466172,-0.7137838631432435,-0.7326358824805939,-1,-1.1742609100972945,0.004320103443818859,2.3515466557645395,0.5563101301635159,0.3786078098467434,0.06508205998860879,0.8648138437335944,0.7255949490036585,1.0470759171812216,-1.0,0.12661829563234517,95,10,1.0,102.1607142857148,2.0,0.908529977276677,2.1686418458290433,-0.018852019337331827,0.848703170028001,1,MOMENTUM_SURGE,SELL,45874.25,45967.07,45688.62,2024-02-08 10:50:00+05:30
3,38.0225461620237,-0.9784303144094446,-1.4705072477239811,-1,-4.364702617967686,-0.04237882954644615,2.9092826135794514,0.7089639115242687,0.030267753201346847,0.26076833527322024,1.385404066585916,0.31812933025368645,1.4667311879990945,-1.0,0.1229035639412869,305,14,0.0,62.00357142857216,2.0,1.2547721905421072,2.6046886700032563,-0.49207693331374297,1.05866403746472,1,MOMENTUM_SURGE,SELL,45344.45,45422.25,45188.85,2024-02-08 14:20:00+05:30
3,17.826420499388917,-2.0786655552663156,-3.390166219989244,-1,-5.48380713757992,-0.026211878368953206,7.115006920802369,0.763457397723285,0.046447247000911296,0.19009535527518853,1.8797340271755156,0.02979373567611112,0.8328107248352278,-4.0,0.03111312490560167,220,12,0.0,86.47500000000011,2.0,1.8502168256721303,3.55362821624339,-1.3115006647214116,1.6214463840383118,1,MOMENTUM_SURGE,SELL,44786.25,44946.25,44466.26,2024-02-12 12:55:00+05:30
3,61.58706298282941,1.5383747670318864,1.9616752739119347,1,1.719429298494244,1.1062913461792057,4.012007563712125,0.8378776713325862,0.15327929255691009,0.00884303610902982,1.4095563139931406,0.5225118483399266,0.8736414048058453,1.0,0.5952318229713869,230,13,0.0,48.13571428571439,2.0,1.5178661522481687,2.9583024187503697,0.4233005068791688,1.3364191451618137,0,MOMENTUM_SURGE,BUY,46739.5,46666.44,46885.63,2024-02-26 13:05:00+05:30
3,56.64582420901094,0.4276587419699123,0.7776104033621817,1,1.2338416607814486,0.7160412530898439,3.3675329653949633,0.5500910746803015,0.34153005464417757,0.10837887067369933,1.000781250000017,0.19083969465590583,0.589634773662547,1.0,0.591016859852319,290,14,0.0,54.85714285714338,2.0,0.8455729166666889,2.009765624996317,0.3499516613916314,0.9665492957729719,0,MOMENTUM_SURGE,BUY,46737.9,46691.51,46830.67,2024-02-26 14:05:00+05:30
3,60.37248794611528,1.0748160960704545,1.531875862427383,1,2.009211111056385,1.1163610262094907,2.729325914883924,0.7098976109205325,0.11740614334462908,0.17269624573347317,1.109908544834672,0.5185384202036178,1.4413587076787187,1.0,0.6954005482788701,215,12,0.0,65.99642857142888,2.0,1.0795984631202413,3.1774446669144423,0.45705976635623585,0.9045443319326743,1,MOMENTUM_SURGE,BUY,46004.2,45932.95,46146.7,2024-02-29 12:50:00+05:30
3,60.51256288903428,0.6712856894611245,1.2610982501351493,1,1.1542758777485806,0.8578433419030976,4.282859647377211,0.6215676485265795,0.2855716425358919,0.09286070893653009,0.910779823963123,0.8205697373282886,1.2610637163423333,1.0,0.6946040116770608,45,10,1.0,109.96071428571356,2.0,0.75068693364515,4.02734742927304,0.5898125606734884,0.6195100828896453,1,MOMENTUM_SURGE,BUY,47811.05,47728.5,47976.14,2024-03-06 10:00:00+05:30
3,26.207526759219675,-1.2955706827306928,-2.628114333854085,-1,-3.8163458740387224,0.055559484890419286,6.422272327035302,0.6515957446791433,0.0,0.3484042553181971,0.744028268551208,0.46510020732488766,1.4357193479801122,-1.0,0.08023255813951177,165,12,0.0,50.535714285714285,2.0,0.7807067137809681,3.102756183739357,-1.3325436511207553,0.6714285714273465,1,MOMENTUM_SURGE,SELL,47418.75,47458.2,47339.84,2024-03-11 12:00:00+05:30
3,32.00164169311503,-1.61601421475071,-2.3746334746373647,-1,-5.971627807942049,-0.14923192011823974,3.241549377838396,0.8122775800696675,0.04537366548040044,0.14234875444815265,1.3910891089108226,0.024137931034494173,1.1011662598318357,-1.0,0.013050570962477479,305,14,0.0,40.3999999999999,2.0,1.8178217821781,3.2858910891007858,-0.7586192598847769,1.2428129146367353,0,MOMENTUM_SURGE,SELL,47248.8,47322.24,47101.92,2024-03-11 14:20:00+05:30
3,40.17378951847642,-0.7740757829078881,-1.413868082525085,-1,-2.297224372159098,0.12174811375376858,5.28859882301451,0.5210084033603705,0.014005602240869443,0.46498599439689264,0.8335093668353362,0.04586129753894515,0.7100873709293818,-2.0,0.2210188050463622,190,12,0.0,64.24642857142837,2.0,0.6821335260437098,3.310689866024052,-0.6397922996162009,0.6553665402023864,0,MOMENTUM_SURGE,SELL,46663.0,46706.82,46575.35,2024-03-21 12:25:00+05:30
3,64.79929997690448,0.9809363140230273,1.9257187353212475,1,3.8014124579124675,0.9196529818144924,4.931010194097288,0.7331932773076318,0.21218487394878466,0.054621848739381904,0.6731313131314054,0.33972125435416534,0.79454221870688,1.0,0.8842347837871954,195,12,0.0,35.357142857142335,2.0,1.0290909090909712,3.961010100999039,0.9447824212955481,0.46520719311878017,0,MOMENTUM_SURGE,BUY,47605.95,47569.56,47678.72,2024-04-03 12:30:00+05:30
3,49.3411097161755,-0.3046415503794414,-0.1713737603727687,1,-0.1562787068004295,0.41108685249979193,2.045229881070516,0.8471760797323156,0.12070874861555081,0.03211517164991874,0.5496521739130577,0.654981549814237,0.6636057545148963,-1.0,0.5922005571028334,60,10,0.0,82.14285714285766,2.0,0.7890434782608975,1.4687826086938724,0.1332677900065105,0.6490799309938934,0,MOMENTUM_SURGE,SELL,48053.95,48118.76,47924.32,2024-04-05 10:15:00+05:30
3,66.81436275393293,1.0889128770356526,1.88770785099938,1,2.7867829764736367,1.0383071849189853,3.398175876770655,0.7645875251478734,0.062374245472414,0.17303822937568847,0.7882632831085874,0.2490909090899504,0.8634222919937037,2.0,0.9764592841695938,195,12,0.0,31.525000000000414,2.0,1.2720856463124615,3.097541633614288,0.7987949739611936,0.7029702970276441,1,MOMENTUM_SURGE,BUY,48627.9,48587.8,48708.1,2024-04-08 12:30:00+05:30
3,70.98779884943583,0.7984703450179651,2.129838823090051,1,2.2930041152264558,0.8214920350239043,7.053563145432208,0.5966767371583444,0.33534743202312683,0.06797583081550759,0.6652311225954428,0.6695437731179421,0.8016663136341812,1.0,0.8507064364204687,95,10,0.0,49.757142857142235,2.0,0.6888601780074952,2.6930806775714227,1.3313684780694104,0.669227658712722,0,MOMENTUM_SURGE,BUY,48892.8,48858.52,48961.35,2024-04-09 10:50:00+05:30
3,59.54782022012937,1.1885119143342644,1.570480667140834,1,2.001354927490392,1.026470731578017,4.196845362929669,0.5932203389812759,0.19722650231047859,0.20955315870516378,0.9617868106275848,0.34253246753118133,0.9086503002845184,1.0,0.6724561403506464,170,12,0.0,33.73928571428717,2.0,1.1551497829999255,2.907589711010585,0.3819687528054374,0.8996395896841163,0,MOMENTUM_SURGE,BUY,48789.3,48750.33,48867.25,2024-04-12 12:05:00+05:30
3,35.10492712777439,-1.5028278993124993,-2.0079345781266857,-1,-2.274008927857434,-0.11143552076616767,3.6691921920446275,0.48235294117626426,0.11743315508015122,0.40021390374315674,2.212942926697296,0.4043891170430077,4.272766440797388,-1.0,0.36426930806770613,260,13,1.0,105.62857142857267,2.0,1.4272923992426174,5.525967000265165,-0.5051066788137082,1.0306437389766179,1,MOMENTUM_SURGE,SELL,47386.9,47537.66,47085.37,2024-04-18 13:35:00+05:30
3,46.68737507010545,-1.0559343459706427,-0.74872371626192,1,-1.3954169207024534,0.10832675720027722,3.1291310750749206,0.9175654853608088,0.054699537750238565,0.027734976887411746,1.3474714518759365,0.4875690607720122,0.7493161824498644,-1.0,0.047506598138613514,85,10,0.0,48.16428571428436,2.0,1.4100993623016884,2.625389292594295,0.3072106297080849,1.395098882198132,0,MOMENTUM_SURGE,SELL,47959.85,48027.77,47824.02,2024-04-23 10:40:00+05:30
3,64.32327396505129,1.3131489123044227,2.082597855182098,1,3.034454122201098,1.006141047500201,5.0338424190936095,0.7314487632489822,0.12249705535904784,0.14605418138961418,0.7994350282486525,0.5140186915878242,1.0027444942767096,1.0,0.9802574429438553,235,13,0.0,53.100000000001145,2.0,0.9973634651600374,3.1600753295607533,0.7694489428762263,0.6424031476988348,1,MOMENTUM_SURGE,BUY,48357.85,48304.89,48463.77,2024-04-25 13:10:00+05:30
3,43.986575810080446,-0.5989292443071519,-0.7280131547445291,-1,-1.072609564479422,0.21872364658401783,3.029121330936696,0.5572403335851682,0.21607278241057543,0.22668688400274006,0.7582327338425464,0.24706572769919774,0.9912328084098291,-1.0,0.14671886651748886,65,10,0.0,86.9785714285707,2.0,0.9484848484847856,2.133284060110927,-0.12908391043722878,0.8240659752582997,1,MOMENTUM_SURGE,SELL,48450.8,48533.3,48285.8,2024-04-26 10:20:00+05:30
3,37.279726507876745,-1.4518493694139805,-1.564580089143315,-1,-1.8847723490312274,-0.02773327595173861,2.917754590484263,0.5381044487423529,0.1841392649901526,0.27775628626672094,2.3947856008469675,0.30599755201879114,0.8543471765761489,-1.0,0.09929470336050682,250,13,0.0,53.971428571429506,2.0,1.8296188459502343,3.5333509793476283,-0.1127307197291258,1.8699363425898556,1,MOMENTUM_SURGE,SELL,48354.0,48452.75,48156.51,2024-04-26 13:25:00+05:30
3,38.43404229225565,-0.9349207137711503,-1.5688362417292356,-1,-2.3347826783254284,0.08282289261331227,4.211306746425483,0.41814946619144844,0.09697508896775221,0.48487544483901995,1.134044393196847,0.4742857142847,1.0613718411552457,-1.0,0.2464285714285101,205,12,0.0,49.557142857142026,2.0,0.6932545402132398,3.292159123660204,-0.6339155279568061,0.9126339720673415,1,MOMENTUM_SURGE,SELL,48967.8,49002.16,48899.09,2024-05-06 12:40:00+05:30
3,24.50307200801754,-2.110837825851068,-3.1214395738398033,-1,-3.9815791516993646,-0.11312137606144688,5.934869086337345,0.6691957511374356,0.24279210925620712,0.08801213960534564,1.526977821913234,0.5175257731947792,0.7940127463018103,-5.0,0.05711462450592044,220,12,0.0,64.73571428571502,2.0,1.7582809224318126,4.088933024378454,-1.0106017479871745,1.3047782470943665,0,MOMENTUM_SURGE,SELL,47391.6,47505.42,47163.95,2024-05-10 12:55:00+05:30
3,52.14021395195787,1.036108043881994,0.697660255084262,-1,0.8976275943569832,1.0006078522150785,2.9472590161195686,0.677219545766392,0.28355127322738855,0.039229181004842954,1.126855750055429,0.6243756243744313,0.7736557358948292,1.0,0.3778793070625568,120,11,0.0,64.47142857142795,2.0,1.0453800132948687,2.6189895856374203,-0.33844778879720705,1.011275055677908,1,MOMENTUM_SURGE,BUY,47181.75,47114.35,47316.54,2024-05-13 11:15:00+05:30
3,36.86609618105985,-1.1094171828581474,-1.9410172844427398,-1,-2.8999989782886493,0.0694491084475093,5.509737103710306,0.48725212464534023,0.045325779036775836,0.4674220963167508,0.9467432950191623,0.5241686664377971,1.5901409547542975,-1.0,0.1471544100974732,120,11,1.0,93.2142857142852,2.0,0.620306513409954,3.1888888888854856,-0.8316001015837002,0.7442860757352263,0,MOMENTUM_SURGE,SELL,47437.7,47495.52,47322.06,2024-05-16 11:15:00+05:30
3,55.14814231613002,0.8578125394936,0.8416189734922288,-1,1.0717155234933675,0.8828887069399832,3.4329918122930883,0.7537190082620674,0.08595041322280826,0.1603305785118186,0.7274132600481061,0.5919439579665445,0.6506063318954091,1.0,0.6359739368996629,115,11,0.0,41.58571428571356,2.0,0.7648917897629435,2.6691858467816734,-0.01619356600133224,0.7971014492732619,1,MOMENTUM_SURGE,BUY,48112.55,48080.74,48176.17,2024-05-21 11:10:00+05:30
3,37.85777092721885,-0.7014018154197121,-1.1835119615161334,-1,-2.5539919795843127,0.08596281512660374,3.114702427652325,0.42240587695052184,0.4389348025703516,0.13865932047728996,1.1116296026249288,0.5506822612075504,1.0692273336309759,-1.0,0.058851812674281814,300,14,0.0,48.9821428571439,2.0,1.0574917973022055,3.011301494707605,-0.482110146095437,0.9883826465766219,1,MOMENTUM_SURGE,SELL,48533.25,48585.05,48429.65,2024-05-29 14:15:00+05:30
3,41.66856085283366,-1.0223091175039158,-1.1912486531982478,-1,-1.9668896578238448,-0.027200758411388543,3.113098201658108,0.49435028248495827,0.3276836158186283,0.17796610169453017,0.9527104959630615,0.01707317073159469,0.7202459376372381,-3.0,0.49991753257454574,120,11,0.0,55.735714285714494,2.0,1.2240548506984321,2.3656286043786503,-0.16893953569402886,1.040156709106651,1,MOMENTUM_SURGE,SELL,48616.7,48684.92,48480.25,2024-05-30 11:15:00+05:30
3,24.1485217413926,-1.6008764944018294,-3.0042760424856665,-1,-2.5403802514566154,-0.012428137118679211,4.886721971058751,0.8123885918001317,0.15849673202609307,0.02911467617347821,1.238638454461816,0.2293534686172058,1.1399477405471803,-1.0,0.004733156242451177,95,10,2.0,271.75,2.0,1.3126954921803342,2.9714811407532764,-1.4033995480833208,1.1502186987420866,1,MOMENTUM_SURGE,SELL,48606.35,48963.08,47892.9,2024-06-04 10:50:00+05:30
3,47.25947083705855,-0.24571786443889457,-0.33625103336302276,-1,-1.263651617653787,0.470258367373723,3.142259747867693,0.6408585665001069,0.35914143349912664,0.0,0.9692964997479324,0.7326388888882841,0.8746441064020002,-1.0,0.34131853785895944,285,14,1.0,134.58214285714243,2.0,1.0692964997479062,1.9709152668297392,-0.0905331689240609,0.9386918039858299,1,MOMENTUM_SURGE,SELL,49168.2,49312.11,48880.38,2024-06-06 14:00:00+05:30
3,57.7493626267621,0.48809095173196476,0.9582382886933266,1,0.6415012688289647,0.7997639964382344,3.3803678579946643,0.5948979591830219,0.2132653061222462,0.19183673469371149,0.7837312921284137,0.6873489121670844,1.0233845791364686,1.0,0.8577970878344569,50,10,1.0,125.04285714285705,2.0,0.7165885981948755,1.7394036330387108,0.47014733696098593,0.8925318761376324,0,MOMENTUM_SURGE,BUY,49445.7,49356.1,49624.91,2024-06-07 10:05:00+05:30
3,41.10751944662387,-1.0918027600396232,-1.2466181113758517,-1,-0.5787631888965334,0.11419168547222479,3.797405650578955,0.6375690607722003,0.2254143646403215,0.13701657458526822,0.8066980771679584,0.2993960310606954,1.0679215479795399,-2.0,0.5797430942365321,300,14,0.0,56.09285714285735,2.0,0.9931618489750312,3.011078568694377,-0.15481535133595248,0.631101813109301,0,MOMENTUM_SURGE,SELL,49785.45,49841.16,49674.03,2024-06-11 14:15:00+05:30
3,44.2122855294827,-0.6130484066998809,-0.8442417944744662,-1,-0.681910961368551,0.20301212758931447,4.676935634378853,0.47880539498946917,0.23506743737909347,0.2861271676295105,0.9031696706027739,0.17029972751998543,0.6495985839812451,-1.0,0.5746665423000537,185,12,0.0,57.46428571428468,2.0,0.7447482908638606,2.01603480422273,-0.23119338777418297,1.0581039755329236,1,MOMENTUM_SURGE,SELL,50005.4,50048.2,49919.81,2024-06-12 12:20:00+05:30
3,57.55438494014474,1.3215220197926505,1.0836634977223334,-1,1.5795975398412447,0.8491516178279181,3.1721444733423065,0.9419588875445515,0.012898024989900987,0.04514308746474144,1.6400207752963385,0.006389776357720288,0.6625674109168578,3.0,0.6399880543525156,40,9,0.0,75.63928571428498,2.0,1.8312432126163365,2.85433684309557,-0.2378585220700027,1.554900977686697,1,MOMENTUM_SURGE,BUY,49907.65,49769.14,50184.68,2024-06-14 09:55:00+05:30
3,64.97343326644227,0.941378877799529,1.8024308885335498,1,3.6405378844350222,0.9390908620489409,4.369715880790597,0.798742138363588,0.20125786163483964,0.0,1.0698708320816819,0.2828035859815921,1.0120780062451873,1.0,0.9359728910289139,265,13,0.0,59.44642857142857,2.0,0.9545509161911568,3.052328026429181,0.8610520107325723,0.8467580881362615,0,MOMENTUM_SURGE,BUY,51806.3,51749.56,51919.79,2024-06-20 13:40:00+05:30
3,65.03526736125484,1.4846741280484148,2.177367421157388,1,3.2435787833250234,0.975301114921754,6.147362791674754,0.8329702251264794,0.1053013798111095,0.06172839506168488,1.6094506595424662,0.5102448775607608,1.1826241134751316,1.0,0.9717404014810032,120,11,0.0,85.55714285714255,2.0,1.5855568542327478,2.8781933544798655,0.6926932931081635,1.3976857490850565,1,MOMENTUM_SURGE,BUY,51637.5,51501.84,51908.81,2024-06-24 11:15:00+05:30
3,58.33416443069593,0.5172711874276074,1.0463773273959656,1,3.3637378847913104,0.8590335690065751,2.413180142060765,0.5179640718553558,0.11676646706560954,0.36526946107703867,0.8551051508686127,0.5651041666657504,1.002735637900998,1.0,0.9667270062924015,245,13,0.0,58.589285714285715,2.0,0.8552575434318379,1.7989637305667783,0.5291061399674551,0.9276059988873901,1,MOMENTUM_SURGE,BUY,51699.65,51649.54,51799.87,2024-06-24 13:20:00+05:30
3,51.471958486855165,-1.0382134654645172,-0.3335395486073908,1,-0.1642142848910466,0.2848751566060012,4.723061959540252,0.4627272727263785,0.26181818181773225,0.27545454545407105,1.1057657787032176,0.4150360453132594,0.9934955784550535,-1.0,0.6385610531092502,130,11,0.0,49.73928571428665,2.0,1.0931787175989724,3.506282760099182,0.7046739168557096,0.9659290481191177,0,MOMENTUM_SURGE,SELL,52029.0,52083.37,51920.25,2024-06-25 11:25:00+05:30
3,25.421719761957448,-1.7159824926747134,-2.7872386775656905,-1,-4.191659018082747,-0.05395156268077737,5.442520977371722,0.401656314699338,0.36801242235990317,0.2303312629397236,1.3066035457224145,0.45655172413728123,1.0194857372438744,-6.0,0.04436689930208487,195,12,0.0,73.93214285714255,2.0,1.3423554417661028,3.7358581710977683,-1.0712561848895281,1.080899630747351,1,MOMENTUM_SURGE,SELL,52551.05,52650.29,52352.56,2024-06-28 12:30:00+05:30
3,30.73554376416196,-1.2842103102139115,-2.4044127920098393,-1,-4.219693441059073,0.11119462309640156,6.379647704183679,0.5875169606504965,0.10854816824950707,0.30393487109863954,1.2684246112238569,0.44545454545310736,0.5691758038684162,-1.0,0.027025396633888872,220,12,0.0,58.10357142857226,2.0,0.9829061405126868,3.2140881430886505,-1.120202481794,1.1102741789679573,0,MOMENTUM_SURGE,SELL,52022.0,52079.11,51907.78,2024-07-02 12:55:00+05:30
3,33.084105903953954,-1.9055912578845615,-2.1852750003895536,-1,-2.5285272727272314,-0.14335873187143502,3.5750486842512377,0.8159597411927654,0.07548526240109284,0.10855499640542297,1.888387878787971,0.1017142857141861,1.2033398821218246,-1.0,0.03608124253286073,75,10,0.0,73.66071428571377,2.0,1.995175757575766,3.7265454545404215,-0.27968374250461253,1.4298930921038273,1,MOMENTUM_SURGE,SELL,52954.3,53101.27,52660.37,2024-07-04 10:30:00+05:30
3,51.36392284029101,0.2907684950782566,0.3772128463150546,1,1.8275454760218697,0.5966743499234014,2.9449442090678715,0.4452347083913594,0.13229018492142341,0.42247510668437216,0.8718993621545454,0.7929292929273565,0.9590036325894846,1.0,0.5902804092458113,205,12,0.0,40.3142857142853,2.0,0.856555634301875,1.9509213323835939,0.08644435123658356,0.8168719498005933,0,MOMENTUM_SURGE,BUY,52601.6,52567.07,52670.66,2024-07-05 12:40:00+05:30
3,52.85866503319563,0.3131872875808994,0.30592936207940363,-1,0.43886878856205563,0.5309769333411586,3.2712192878080844,0.6369958275364388,0.1974965229479258,0.16550764951285374,0.3118919253888921,0.04253308128536266,0.45981436066185266,2.0,0.6765913757698517,60,10,1.0,115.26428571428707,2.0,0.5220734956931402,1.7772200532921607,-0.007257925501489538,0.4647705235934998,1,MOMENTUM_SURGE,BUY,52584.8,52524.62,52705.15,2024-07-08 10:15:00+05:30
3,46.885902042451065,-0.4393283719498911,-0.4703830765541191,-1,-0.3529887966374892,0.4034659151511435,3.7059894043593475,0.6085814360760075,0.1304728546407046,0.2609457092815366,0.7098521511343723,0.2506702412863277,0.4107929515418785,-2.0,0.5007700205337599,95,10,1.0,80.43928571428634,2.0,0.7041823913333106,2.8176530657514993,-0.031054704604189402,0.6232944001739532,1,MOMENTUM_SURGE,SELL,52516.3,52572.94,52403.01,2024-07-08 10:50:00+05:30
3,47.58449043551124,-0.7298828960567192,-0.5229407378242535,1,-1.120058260507766,0.25929661648924474,3.582908923319414,0.7612499999980241,0.16999999999964774,0.06874999999982812,0.4112506425791299,0.08499743983609101,1.004297520661172,-2.0,0.19390459363951543,55,10,0.0,97.2642857142855,2.0,1.3440331938018455,3.2894910773264034,0.20694215823225295,0.3944773175538459,0,MOMENTUM_SURGE,SELL,52237.0,52367.73,51975.55,2024-07-12 10:10:00+05:30
3,56.66521217427008,0.8791174561565827,0.9756714803659942,1,0.37691507586880124,0.8777090876725387,4.135177903054982,0.8948545861284776,0.03952274422058761,0.0656226696494434,0.9845814977972912,0.48185483870900075,1.1145471082339278,1.0,0.5111466560030983,195,12,0.0,68.10000000000011,2.0,1.0456681350954333,3.0881057268677496,0.0965540242092697,0.8081234181019049,0,MOMENTUM_SURGE,BUY,52424.3,52353.09,52566.72,2024-07-18 12:30:00+05:30
3,63.64012135204136,1.1702918145060608,1.8425362929664433,1,2.0519051557759997,0.9342101172539929,5.197228998273957,0.4787671232869755,0.5212328767116546,0.0,1.0566583953680522,0.5620915032673307,1.1501513228546327,1.0,0.7618714385682662,245,13,0.0,69.08571428571564,2.0,0.7332712985938209,3.4363110008221094,0.6722444784594094,0.8359097675473919,1,MOMENTUM_SURGE,BUY,52549.7,52499.04,52651.02,2024-07-18 13:20:00+05:30
3,44.706022832105454,-0.7451433807705506,-0.6605938265544543,1,-0.8273712516297224,0.4175522844523206,3.7647133067725416,0.7741935483850475,0.105459057071691,0.12034739454078004,1.0432692307693003,0.0557692307691515,1.3254437869822486,-1.0,0.6634084532535715,290,14,0.0,38.62857142857164,2.0,1.3050665680471936,2.2030325443729453,0.08454955421587744,1.0019890601666221,0,MOMENTUM_SURGE,SELL,52241.05,52291.46,52140.22,2024-07-22 14:05:00+05:30
3,31.611954651296273,-1.2666779915156867,-2.3775447914985737,-1,-0.9609109019075015,0.1352094537304833,8.29194900930312,0.7125813449015479,0.17136659435992435,0.11605206073744309,0.6634286742220108,0.2867924528297558,0.4784997549462157,-1.0,0.02757731958763301,40,9,2.0,138.97500000000062,2.0,0.6983090483899469,1.9035797805347106,-1.1108667999820876,0.8663785002811193,0,MOMENTUM_SURGE,SELL,50628.8,50725.85,50434.71,2024-07-25 09:55:00+05:30
3,75.45252544534051,1.6119569358845067,3.1223712895773414,1,6.352743554435619,0.9153947057487308,8.37390029658679,0.7657054582896301,0.1961894953653584,0.03810504634398157,1.554044012575011,0.49474605954380463,0.9726835797286465,1.0,0.9784477882112301,270,13,0.0,62.482142857142335,2.0,1.429179765647343,2.5871391826193944,1.5104143536904175,1.418968288760168,0,MOMENTUM_SURGE,BUY,51303.15,51213.85,51481.75,2024-07-26 13:45:00+05:30
3,45.917099382544635,-0.39316878788870196,-0.48499375071850587,-1,-0.4219181788315952,0.36911607233398686,2.7621825862196676,0.5606670500281261,0.18458884416305593,0.2547441058076679,0.7057220708446624,0.44364508393242813,0.8370612525808644,-2.0,0.38535871156650076,45,10,1.0,123.20714285714295,2.0,0.9919937387674704,2.077801611685946,-0.09182496282972939,0.6016468308880232,0,MOMENTUM_SURGE,SELL,51391.65,51513.87,51147.21,2024-07-30 10:00:00+05:30
3,49.82594994530617,-0.3360985331649025,-0.2508557527479929,1,-0.9163729869680584,0.3214722499717353,2.5655516875674502,0.5683962264124335,0.0825471698109144,0.3490566037719352,0.5772073123299223,0.7224199288238148,1.1019607843137187,-1.0,0.266334919947942,160,11,0.0,36.7285714285733,2.0,0.6513418903149311,2.145468689220111,0.0852427804166775,0.5406783983664676,0,MOMENTUM_SURGE,SELL,51707.6,51731.52,51659.75,2024-08-01 11:55:00+05:30
3,45.18940970306913,-0.4341273741842314,-0.5515522262897591,-1,-1.571989366076485,0.41407350779178725,3.554233167078243,0.689655172411217,0.16696914700503224,0.14337568058012104,0.7469016266460771,0.27474747474648226,0.6399482870071054,-2.0,0.2551468106647732,265,13,0.0,36.88571428571491,2.0,1.1749419054997157,1.8652207590964622,-0.11742485210520938,0.7597904026454877,1,MOMENTUM_SURGE,SELL,51656.45,51699.79,51569.77,2024-08-01 13:40:00+05:30
3,36.96647921166118,-0.8045620984276043,-1.4276329995979573,-1,-2.044864766081771,0.036917862508652276,2.758914808478372,0.6496913580225222,0.19135802469089355,0.1589506172834978,0.6750000000000376,0.25483091787384193,0.8341968911917532,-2.0,0.0738208205414367,185,12,0.0,47.99999999999948,2.0,0.957291666666768,2.7947916666609047,-0.623070901169055,0.530451866403868,1,MOMENTUM_SURGE,SELL,50227.4,50273.35,50135.5,2024-08-13 12:20:00+05:30
3,31.616443054438022,-1.2723580993810626,-2.1591173848973697,-1,-3.1716537205897013,-0.03228362376552752,4.339125396591573,0.48036529680269585,0.21552511415491063,0.304109589040567,1.0354609929077914,0.09421112372268976,0.8596919216561452,-1.0,0.03862212943632023,205,12,0.0,52.87500000000052,2.0,1.0522458628840954,2.6553191489311496,-0.88675928551463,0.9268664296581384,1,MOMENTUM_SURGE,SELL,50144.8,50200.44,50033.53,2024-08-13 12:40:00+05:30
3,73.82151550911409,1.1571847793601489,2.540073305030282,1,6.43837064379136,0.9529492463406302,5.5176687340301305,0.4039634146335395,0.10746951219500488,0.4885670731699312,1.0799623706490804,0.31560891938188673,0.987776836499983,2.0,0.9911582115757169,290,14,0.0,60.74285714285725,2.0,1.0638993414862439,2.22495296330774,1.3828885256678567,0.918124562629924,0,MOMENTUM_SURGE,BUY,50596.35,50531.73,50725.6,2024-08-16 14:05:00+05:30
3,36.67413041843567,-0.8914092291298722,-1.5897068844231725,-1,-2.2446761890415354,0.053271354281791944,4.2912265543005255,0.55251141552417,0.30974124809700904,0.13774733637729886,1.0916859533559433,0.4407027818442235,1.1396901072706087,-1.0,0.11319879378332581,255,13,0.0,60.18214285714358,2.0,1.0413091211204428,2.9842739303255255,-0.6982976552921402,0.7778830215477874,0,MOMENTUM_SURGE,SELL,50382.15,50444.82,50256.81,2024-08-21 13:30:00+05:30
3,65.76653874529504,1.2652593501211655,1.8653266857373851,1,1.782808709077845,1.2028373942987598,2.5839114232131744,0.9869451697102153,0.0,0.013054830287173668,1.0137063994705393,0.45618915159825213,0.9674195098509548,1.0,0.8439267886849334,165,12,0.0,37.78214285714265,2.0,1.3452972870781557,2.419132243116817,0.6000673356146314,0.9966172261227083,0,MOMENTUM_SURGE,BUY,51431.1,51380.27,51532.76,2024-08-30 12:00:00+05:30
3,70.36715360092316,1.0992827248685495,2.5717629775723365,1,2.886455895381209,0.890186906817236,6.554345941328769,0.6577344701566945,0.2253349573684972,0.11693057247237215,0.6839224086636186,0.5764331210186291,1.7743181687136227,1.0,0.795518445940053,100,10,0.0,60.02142857142878,2.0,0.9780197548495092,4.729144353199268,1.4724802527013339,0.42738157209744454,1,MOMENTUM_SURGE,BUY,52621.4,52562.7,52738.8,2024-09-18 10:55:00+05:30
3,52.320450115296005,0.6051374863806366,0.4479894420215406,-1,0.04666932497863098,0.6335418229333756,4.28511094172437,0.44242424242362693,0.33400673400632336,0.22356902356870287,1.1842779834805095,0.39321723189668006,0.8974675362830442,1.0,0.42028985507235905,120,11,0.0,62.69642857142753,2.0,1.055397322700136,2.575904300764946,-0.15714804435884527,0.9955752212375991,1,MOMENTUM_SURGE,BUY,52993.25,52927.08,53125.59,2024-10-01 11:15:00+05:30
3,41.93544420385219,-1.187356132629569,-1.194564628335251,-1,-1.8386398528585268,0.15393043312568072,3.8906519234363723,0.8361669242649706,0.0,0.1638330757339989,1.2391809932053932,0.8753148614588165,0.5368751509296915,-1.0,0.05397148676169635,45,10,0.0,78.31785714285641,2.0,1.1674449359295471,3.3153358566240256,-0.0072084957056725825,1.1325708950856612,0,MOMENTUM_SURGE,SELL,51743.35,51834.78,51560.49,2024-10-15 10:00:00+05:30
3,40.922120195276406,-0.9768376770872077,-1.2754586362007627,-1,-1.0701039451925438,-0.021269743831605258,2.683642211848773,0.524738675957477,0.1003484320555687,0.37491289198556044,1.0170092133238793,0.14014084507028662,1.0394771241829988,-1.0,0.5475199445021559,295,14,0.0,70.55000000000031,2.0,0.8455705173635517,2.8107725017677345,-0.2986209591131317,0.8006918870652769,1,MOMENTUM_SURGE,SELL,51328.25,51387.9,51208.94,2024-10-28 14:10:00+05:30
3,65.011962793772,1.4108138548685851,1.6498293428080473,1,1.8690183221746088,1.1661855002500139,2.834902747729937,0.7619257950523011,0.06978798586567289,0.16828621908114264,1.1959400822548774,0.19686800894820028,0.7336746258158096,1.0,0.9776488895173318,40,9,0.0,94.65357142857205,2.0,1.3043919556276558,3.337433498091023,0.23901548793920954,1.031623074819096,0,MOMENTUM_SURGE,BUY,51995.0,51871.53,52241.93,2024-10-31 09:55:00+05:30
3,23.689590979886702,-1.2553260556694847,-2.8238018783679815,-1,-3.622590848066891,0.07257017138292736,6.8808038802069795,0.7738095238074171,0.11904761904729494,0.10714285714264243,0.7225066557444707,0.1305241521065838,0.9199081577525918,-1.0,0.029065542799007606,135,11,0.0,52.317857142857456,2.0,1.3710765239947775,3.686121919577859,-1.568475822695499,0.5987644542997306,0,MOMENTUM_SURGE,SELL,51096.4,51168.13,50952.94,2024-11-04 11:30:00+05:30
3,50.61402438559409,-0.7853316073426495,-0.4765926446837852,1,-1.482638467772888,0.24223769898099431,4.8479671245456055,0.7384792626711517,0.041474654377850285,0.22004608294869377,0.6316336607932036,0.4390243902426201,0.39089405584197057,-1.0,0.13790309512228957,85,10,1.0,68.71071428571408,2.0,0.6857892821872029,2.603669629394857,0.30873896265841494,0.7020381753466751,0,MOMENTUM_SURGE,SELL,52227.95,52275.07,52133.71,2024-11-06 10:40:00+05:30
3,64.79866312695228,1.0922508126291335,1.8954539780721906,1,1.8033450198474967,0.9367786499152356,4.782815396135214,0.5925215723860798,0.286673058484665,0.12080536912733757,1.1439987464744836,0.013953488372195939,0.9563904996425385,3.0,0.7447739426346602,155,11,0.0,45.585714285714594,2.0,1.235224067690336,2.5720777185778565,0.8032031654412951,1.0627674750335334,0,MOMENTUM_SURGE,BUY,52415.2,52358.89,52527.82,2024-11-06 11:50:00+05:30
3,60.07397819634339,1.0444965069369991,1.525219089447969,1,1.7971803199807501,0.9500432555611822,3.4260470347828513,0.7315555555542809,0.08266666666654557,0.18577777777739576,1.1367737278960186,0.04989604989601792,0.49028030578817106,1.0,0.9089669280596829,145,11,0.0,49.482142857144936,2.0,1.2539516420064474,2.416023096350181,0.4807225825099982,1.188966391880795,1,MOMENTUM_SURGE,BUY,50340.6,50278.55,50464.7,2024-11-18 11:40:00+05:30
3,72.67147537391162,0.8351660957882692,3.241821911930494,1,1.7578431656762694,0.9098627456309417,3.8783360139685352,0.40973871733870837,0.01068883610459174,0.5795724465543246,0.8543267140165018,0.1969999999995769,0.9972220243607136,1.0,0.9559239395414891,120,11,0.0,49.27857142857101,2.0,0.9451949557906129,2.4046963327969957,2.406655816137341,0.8475941211981887,0,MOMENTUM_SURGE,BUY,52264.2,52217.62,52357.36,2024-11-25 11:15:00+05:30
3,53.628918638342974,0.514865175820998,0.4911923808284244,-1,0.20480159373508586,0.5498919179231387,4.1357251695275,0.7053254437861303,0.2485207100588775,0.046153846153808756,0.8281993839260661,0.6811455847248729,1.0356638418079043,1.0,0.6458067805249352,90,10,0.0,102.02857142857205,2.0,0.7223746849622191,2.992299075886184,-0.02367279499255045,0.666036099944302,0,MOMENTUM_SURGE,BUY,52031.95,51958.25,52179.36,2024-11-29 10:45:00+05:30
3,43.95866426039036,-0.7355243374517108,-0.9073421534127049,-1,-0.5312962050271032,0.15851655290479844,4.503976772899748,0.5756551141155913,0.18005071851197274,0.24429416737074522,0.8162641695416604,0.4329524954895499,1.1441348469212398,-1.0,0.5861021268253269,180,12,0.0,72.46428571428623,2.0,0.8617545588959874,4.285559388855604,-0.17181781596075704,0.4576756422156863,0,MOMENTUM_SURGE,SELL,52984.15,53046.6,52859.26,2024-12-04 12:15:00+05:30
3,33.186577957592206,-1.481391594260858,-2.177761257167426,-1,-2.8920475380872457,-0.14023877292472037,3.7256624125658475,0.7300690521020388,0.01443816698053974,0.255492780916166,1.6728172817281888,0.13213213213198033,1.4393331275084362,-1.0,0.14028830435423828,175,12,0.0,47.61428571428613,2.0,1.454635463546369,3.1965196519585466,-0.6963696629051054,1.3281640820388365,1,MOMENTUM_SURGE,SELL,53248.2,53317.46,53109.68,2024-12-12 12:10:00+05:30
3,48.290358643026096,0.37962322976538354,-0.034722077726838815,-1,0.14774998550537938,0.4762693308784968,4.511798970343008,0.42885473475416697,0.32027764005921017,0.25086762518563127,0.7324272449032403,0.36211699164305056,0.6486667871247482,3.0,0.4257358636714859,80,10,1.0,137.69285714285746,2.0,0.6664781864397766,1.8312496757781027,-0.41434530749192144,0.7608449641638897,1,MOMENTUM_SURGE,BUY,51332.45,51240.68,51515.99,2024-12-20 10:35:00+05:30
3,56.78116330801972,0.8443023361652868,1.0804485327956441,1,0.25948487598781533,0.9446340745780878,3.4564167161203456,0.45360824742152484,0.13402061855629568,0.4123711340196021,0.7520420877750751,0.45189504373086176,0.9642570281125221,1.0,0.6551234009560315,310,14,0.0,51.59285714285735,2.0,0.7512529419907652,2.887996677275299,0.2361461966298995,0.7170578451288765,1,MOMENTUM_SURGE,BUY,51283.9,51245.14,51361.42,2024-12-23 14:25:00+05:30
3,39.5775898073412,-0.4059884498448092,-0.8762005927688447,-1,-0.2682432230936698,0.18952486624244863,2.940881916750915,0.5419473361903859,0.19350887936284142,0.2645437844455478,0.6817761607968414,0.3905146316848222,0.8365642618107197,-1.0,0.484156345504109,45,10,0.0,119.76071428571387,2.0,0.6293889601287954,1.63701428443489,-0.47021214292364283,0.8814638885880852,1,MOMENTUM_SURGE,SELL,50750.3,50825.68,50599.55,2024-12-31 10:00:00+05:30
3,63.79026921739776,1.4190140887520164,1.9593747925277865,1,2.989723369731474,1.039735979616291,4.17932723243665,0.6535994297924018,0.10049893086224047,0.24590163934393217,2.0400914000829773,0.37813884785718305,1.0567510313300985,1.0,0.9786622276026222,260,13,0.0,34.38571428571335,2.0,1.9350643955131868,3.017241379301652,0.5403607037741984,1.7014309968427361,0,MOMENTUM_SURGE,BUY,50923.15,50856.61,51056.23,2024-12-31 13:35:00+05:30
3,58.32714402661324,1.0199685708520658,0.9182985502968728,-1,1.4089735381988673,0.7146913992881524,4.331843782079397,0.6058486967570247,0.16973935155729591,0.22441195168440797,0.7049295774647952,0.16701680672228217,0.4342358192421567,7.0,0.7416863996703948,65,10,0.0,111.5714285714296,2.0,0.8179257362355543,3.0487195902661384,-0.1016700205551019,0.8407268840183579,1,MOMENTUM_SURGE,BUY,50845.25,50753.99,51027.76,2025-01-01 10:20:00+05:30
3,49.23554075184024,-0.7028866543377082,-0.20773827955166563,1,-1.3890839054394504,0.5237460742117753,6.469696640562469,0.41939799331045624,0.37458193979883,0.20602006688937596,0.6501817278121231,0.09688013136283781,1.0648515315202425,-1.0,0.047545538746516305,40,9,1.0,114.96785714285683,2.0,1.0520052188499498,2.8173091857948425,0.4951483747856119,0.6699829703319367,0,MOMENTUM_SURGE,SELL,50054.4,50175.35,49812.51,2025-01-07 09:55:00+05:30
3,33.80828358261816,-0.8997398610205808,-1.9326796474305188,-1,-3.3669925201808026,0.051909823528529984,4.024409451038914,0.6707317073153612,0.15718157181519868,0.17208672086673002,0.669517884914378,0.10435779816480162,0.7719253872905354,-3.0,0.0867435452597032,240,13,0.0,55.11428571428405,2.0,0.8947122861586025,2.254406428197118,-1.0329397864080636,0.6312008210730846,0,MOMENTUM_SURGE,SELL,48158.9,48208.21,48060.28,2025-01-13 13:15:00+05:30
3,36.304774521966976,-1.4034246046912606,-2.060016762966873,-1,-2.4352051282052285,-0.027726746229049765,4.3128380667901265,0.6653645833316512,0.17317708333291368,0.16145833333283094,0.945230769230793,0.18070444104083067,0.7968273337401087,-6.0,0.3371647509577682,235,13,0.0,40.62500000000052,2.0,1.1609230769232053,3.284923076914877,-0.656592158273996,1.0036591740694993,1,MOMENTUM_SURGE,SELL,48798.2,48845.36,48703.87,2025-01-15 13:10:00+05:30
3,48.834435130732935,-0.7690498800596887,-0.4864466498072144,1,-0.43674660881907,0.3962108663330675,5.425954374493822,0.4570970328781336,0.32638331996746245,0.21651964715280012,0.7714538223597567,0.7632880098877943,0.9786995031324313,-1.0,0.46084563422555,105,11,0.0,80.82142857143013,2.0,0.704418912947481,2.9088820150206307,0.28260323025212464,0.769753086418847,0,MOMENTUM_SURGE,SELL,48677.2,48734.13,48563.34,2025-01-23 11:00:00+05:30
3,40.803922195448074,-1.027409728804839,-1.248364157563085,-1,-1.3547238696300599,0.06946591721494152,3.16371133627386,0.7221518987332999,0.122151898734041,0.1556962025313932,1.2980458893257505,0.27079303674945127,0.43534223505350844,-2.0,0.29196897673247124,305,14,0.0,60.860714285713975,2.0,1.1959450736460269,2.5673375975546233,-0.22095442875788301,1.1293781272321475,1,MOMENTUM_SURGE,SELL,48609.7,48682.49,48464.13,2025-01-23 14:20:00+05:30
3,34.08905262838449,-1.2008766334157848,-1.9902375753603707,-1,-1.2610329384953807,0.17270917308255426,6.00460339306052,0.8812222769828436,0.11089206505656408,0.007885657959606579,0.9678034819938486,0.8171177761509586,0.5113420792475954,-1.0,0.20452298566480437,70,10,1.0,104.82499999999916,2.0,1.0678034819937632,3.0779871213898997,-0.7893609419438329,0.9589753284800928,0,MOMENTUM_SURGE,SELL,47926.9,48038.83,47703.04,2025-01-27 10:25:00+05:30
3,69.90647876052124,0.6603783674820626,1.885180304022845,1,4.808031370570025,0.8431779428284044,4.236129976797748,0.40677966101602986,0.13559322033867663,0.45762711864303357,0.7653344863796571,0.30866141732172503,0.533998077847202,1.0,0.9682615521123513,230,13,0.0,57.81785714285589,2.0,0.7615603187349865,2.3556736055305487,1.224801936538664,0.7753635885740988,0,MOMENTUM_SURGE,BUY,49158.35,49114.32,49246.41,2025-01-28 13:05:00+05:30
3,34.56543826763168,-1.4728688438611497,-1.9919325609194303,-1,-2.6812368075758135,-0.2538166368751834,2.575404622697193,0.5927783350043799,0.06970912738211725,0.3375125376124998,2.3888413486223166,0.47088186355928197,0.8153890880897944,-1.0,0.07226457639857001,220,12,0.0,41.73571428571553,2.0,1.7161218552113306,3.595242170109438,-0.5190637170570369,1.8394833948305858,1,MOMENTUM_SURGE,SELL,49474.75,49546.37,49331.5,2025-02-11 12:55:00+05:30
3,70.58679020692084,1.2800958584578834,2.213530556586134,1,3.800218584454189,0.9181233013015407,5.849094465509202,0.7196230225507919,0.27835745540206785,0.0020195220464672,1.3345953924148346,0.04904214559374997,0.6091218243648713,2.0,0.9520968489340815,210,12,0.0,111.30714285714306,2.0,1.4130334338701613,2.7985625360945092,0.9334346981274121,1.4126093571687033,1,MOMENTUM_SURGE,BUY,49556.2,49398.92,49870.76,2025-02-12 12:45:00+05:30
3,30.58263924349086,-1.8181784018460634,-2.8951053769143305,-1,-3.735096482240522,-0.02731002165742758,6.587646596879511,0.615217391303414,0.3615942028979845,0.0231884057971522,1.237192622950838,0.7067280045995223,1.5290792613992874,-1.0,0.1539992536384787,245,13,0.0,55.77142857142774,2.0,1.308504098360629,4.55251024589357,-1.076926975066336,0.8269415148599638,1,MOMENTUM_SURGE,SELL,49496.05,49569.03,49350.1,2025-02-13 13:20:00+05:30
3,36.09126950469305,-0.8246507632807609,-1.5463261455286401,-1,-4.7113919316581905,0.08303260248242761,2.979726603147655,0.6443418013846957,0.24095458044615953,0.11470361816760513,0.9844105228969957,0.6571729957790613,0.7308772509499551,-1.0,0.03676133760878948,270,13,0.0,65.97857142857174,2.0,0.9714950741582669,2.2226913500020555,-0.7216753822467853,1.069487897248335,0,MOMENTUM_SURGE,SELL,48751.85,48815.95,48623.65,2025-02-14 13:45:00+05:30
3,75.33542801454767,1.9307837960786562,3.0220135240370123,1,2.8880872027620232,1.047444753607573,6.134818042429115,0.5911602209937356,0.31737262123960003,0.09146715776543671,0.8846735715117401,0.42207792207724687,0.6856143419326475,1.0,0.9625172188790041,40,9,0.0,92.06785714285745,2.0,0.8928934403971889,4.647658947200042,1.0912297279571708,0.7858176555709192,1,MOMENTUM_SURGE,BUY,49467.8,49385.59,49632.21,2025-02-19 09:55:00+05:30
3,17.39329415370132,-1.312100296987569,-3.1357769913248026,-1,-2.8454572127139324,0.1527290013847657,10.874915562616547,0.6245919477679314,0.3754080522298923,0.0,0.6291442542786887,0.05834018077234447,0.7265052021149372,-1.0,0.10505944152610669,70,10,0.0,73.03571428571429,2.0,1.1385330073349575,2.8253300733457447,-1.8236766943347364,0.6267048554273678,0,MOMENTUM_SURGE,SELL,48821.0,48904.15,48654.69,2025-02-21 10:25:00+05:30
3,71.83712849223866,1.386976080737375,2.4141625501827697,1,0.5914440231099579,0.9430357366449991,6.6099175523379445,0.5641646489095979,0.33979015334887236,0.09604519773991549,0.9010441016050731,0.48841201716697524,1.7551789077212807,1.0,0.6900353650922938,25,9,0.0,68.75357142857112,2.0,0.710877357020468,3.495818399039221,1.0271864694439008,0.8042321173557891,0,MOMENTUM_SURGE,BUY,48898.05,48849.17,48995.8,2025-02-27 09:40:00+05:30
3,43.61945182080376,-1.0591593597805755,-1.0918850252080237,-1,-0.26874299274955415,-0.04527919517226247,2.978293673363314,0.6775244299667176,0.10532030401722813,0.2171552660149685,1.4525995606375657,0.6709292412606607,0.9392587508579224,-1.0,0.25524952277062046,290,14,0.0,63.40357142857361,2.0,1.2371599166337421,2.894947332840533,-0.03272566542739648,1.2324367723788725,0,MOMENTUM_SURGE,SELL,48028.5,48106.94,47871.62,2025-03-03 14:05:00+05:30
3,59.53081069733008,0.5414519479332756,1.233843046614772,1,1.853381071209003,0.806382569997345,5.382750270237031,0.48157248157029264,0.27518427518287114,0.24324324324192234,0.6182054898556397,0.3874643874622813,0.5237689192070644,1.0,0.8578704440551106,245,13,0.0,32.917857142858075,2.0,0.5480850602149135,2.393837474225145,0.6923910986793932,0.6983527796818154,0,MOMENTUM_SURGE,BUY,48554.5,48536.46,48590.58,2025-03-10 13:20:00+05:30
3,63.46958440581675,1.0546197998735447,1.5897275933566162,1,3.9202258121309494,0.9654979430723881,3.229131353286016,0.5124851367407888,0.1521997621875337,0.33531510106929935,0.8884026258206187,0.06999999999971586,0.8548965727807,1.0,0.9539993839202194,305,14,0.0,47.33214285714348,2.0,1.2155210141100135,2.4296385723935368,0.535107793481941,0.9434597262712018,0,MOMENTUM_SURGE,BUY,51725.0,51667.47,51840.07,2025-03-24 14:20:00+05:30
3,38.12265544356861,-1.101687747410629,-1.327646487957263,-1,-1.1355112310870932,0.10125822142040339,3.650685586578798,0.6400462962955784,0.33738425925887994,0.022569444444384256,0.7256148770246041,0.5747126436775698,0.8500166884121951,-4.0,0.4347360218195063,55,10,0.0,119.0714285714291,2.0,1.3475704859028188,2.4531493701238913,-0.22595874054644421,0.855530250519001,1,MOMENTUM_SURGE,SELL,51393.7,51554.16,51072.79,2025-04-01 10:10:00+05:30
3,22.400139925707265,-2.1910469250893567,-4.088499960269958,-1,-5.215711096421796,-0.04583221127436019,7.359512375853549,0.4431952662717165,0.4284023668633639,0.12840236686373616,0.9098600215351454,0.7776679841892526,1.6719376917629842,-9.0,0.01114864864864525,180,12,0.0,92.87142857142888,2.0,1.984325488386421,4.182664205502374,-1.8974530351785581,0.8593511644453886,0,MOMENTUM_SURGE,SELL,49255.45,49439.74,48886.88,2025-04-07 12:15:00+05:30
3,73.54513915189997,1.033114641797921,2.6993408113663917,1,4.290926526197696,0.8248614898850453,8.306977876846034,0.5968309859135146,0.22711267605542423,0.1760563380275401,0.521135067828866,0.2183098591543146,0.6290741092336136,1.0,0.9641615626550394,190,12,0.0,54.496428571426804,2.0,0.9514319418049109,2.4258470410860777,1.6662261695654133,0.6209007433305778,0,MOMENTUM_SURGE,BUY,51216.55,51164.7,51320.25,2025-04-11 12:25:00+05:30
3,38.17027352681233,-1.8493786857857748,-2.2167529564019794,-1,-0.5756117057377704,-0.15116906909410802,4.588649444179995,0.9678530424788465,0.032146957520005355,0.0,1.7778101764105407,0.7573616018827423,0.9351691581433013,-1.0,0.6198820831967554,285,14,0.0,48.99285714285673,2.0,1.9870097681879257,2.950430091844186,-0.3673742706154546,1.5671104713897333,1,MOMENTUM_SURGE,SELL,51012.6,51109.95,50817.9,2025-04-11 14:00:00+05:30
3,29.78436391813422,-1.5396151985484192,-2.7700937188861245,-1,-3.411704450564537,0.0748921084848789,7.749830429911172,0.7281553398051183,0.27184466019391085,0.0,1.009662512253193,0.13109243697461043,0.8489892984542254,-1.0,0.0,85,10,1.0,102.01428571428498,2.0,1.4238341968911232,2.343299257804707,-1.2304785203364994,1.0140789603219489,0,MOMENTUM_SURGE,SELL,55201.9,55347.15,54911.4,2025-04-23 10:40:00+05:30
3,59.00280701833507,1.0689095259733457,1.4547043094739671,1,0.7137319039118252,0.9408841224875297,4.896051580322711,0.6537234042546701,0.214361702127447,0.13191489361681902,1.0396587138568412,0.2867288060361635,1.29786446117764,1.0,0.3538454986798117,230,13,0.0,90.41428571428644,2.0,1.1059251066519606,2.193790488226328,0.38579478350019486,1.012712777417572,1,MOMENTUM_SURGE,BUY,54591.9,54491.91,54791.88,2025-04-25 13:05:00+05:30
3,64.11706454251573,1.0770898248160035,1.9779055510711316,1,2.1245790743449047,0.8969895510446921,6.053458992682858,0.7993311036776028,0.13545150501646497,0.06521739130425992,0.7494405156208365,0.16491458607078396,0.9574907881728907,1.0,0.45596627203812073,265,13,0.0,79.79285714285756,2.0,0.9177423686331078,1.797779965981142,0.9008157262539993,0.865537704442258,1,MOMENTUM_SURGE,BUY,54711.8,54638.57,54858.26,2025-04-25 13:40:00+05:30
3,44.04572106832251,-1.2733307892240937,-1.1774029031836535,1,-2.0929387720663977,-0.09843770775158589,3.8270475473958356,0.518218623481233,0.4702139965291906,0.011567379988419628,1.2481179746313005,0.29429250891761,1.2406743940990397,-1.0,0.44054646652041757,105,11,0.0,69.26428571428498,2.0,1.3336805197483792,3.0722903990880366,0.09592788604030164,1.0373170146375748,1,MOMENTUM_SURGE,SELL,55360.25,55452.63,55175.5,2025-05-02 11:00:00+05:30
3,34.93650277526409,-1.22887232267507,-2.0502367024532644,-1,-3.316446440482977,0.06604371556288625,6.444057409060878,0.6163626312873428,0.3294637921499574,0.0541735765615942,1.1606250859263685,0.8989071038238847,0.9558809812517122,-1.0,0.15491651205934212,145,11,0.0,77.93214285714255,2.0,1.1977498739745966,3.1354200082449046,-0.8213643797771404,1.2042337904390588,1,MOMENTUM_SURGE,SELL,55190.9,55284.24,55004.21,2025-05-02 11:40:00+05:30
3,57.3860114820349,1.0476199065015397,1.2266345796679288,1,0.20644264615654395,1.0006034343310513,3.4762484156589224,0.7004329004316372,0.15757575757545952,0.14199134199117172,1.0807378692688059,0.30785340314080795,0.895692369531714,1.0,0.3282647584972579,255,13,0.0,53.4357142857147,2.0,1.0937174174575592,2.2475604865617163,0.17901467316605416,0.9588245060585294,1,MOMENTUM_SURGE,BUY,54970.0,54911.56,55086.89,2025-05-05 13:30:00+05:30
3,31.03148944548734,-0.6489411409664317,-1.9437786777126063,-1,-3.352606180499218,0.12005867703628713,3.986041737018388,0.4407216494833296,0.32860824742180883,0.2306701030922842,0.8483523348430925,0.07299270072971388,0.754880352644831,-2.0,0.05649406773002089,160,11,0.0,45.73571428571501,2.0,0.7526628143057031,2.608464782127694,-1.2948375367433431,0.8154686843194606,0,MOMENTUM_SURGE,SELL,54436.55,54470.97,54367.7,2025-05-06 11:55:00+05:30
3,48.13820360910268,-0.5368753850639671,-0.40840870850616195,1,-0.12400512034980454,0.38102447981391663,2.799628975980654,0.6394052044597704,0.09107806691435097,0.26951672862401976,1.0488789862136783,0.7784753363214997,1.1127744510978137,-1.0,0.4672605790644449,255,13,0.0,51.29285714285704,2.0,0.869112936916907,2.0382955020151625,0.12846667655755473,0.7712155963292049,1,MOMENTUM_SURGE,SELL,54757.85,54802.43,54668.69,2025-05-08 13:30:00+05:30
3,59.7894952723671,0.30072213035368234,1.0150745671954235,1,1.2511212538035217,0.5825085808887868,5.604435626925318,0.4677914110414263,0.3819018404896918,0.1503067484658144,0.6277854195324304,0.5345291479810257,1.0601738657973419,1.0,0.8344914340480587,215,12,0.0,51.92857142857195,2.0,0.7345254470425936,4.10756533699348,0.7143524368403656,0.43565414940481256,0,MOMENTUM_SURGE,BUY,55254.6,55216.46,55330.89,2025-05-12 12:50:00+05:30
3,24.35567196943363,-2.127087458404909,-3.453296475706894,-1,-5.236066469191786,-0.023011187319104835,7.466123285491182,0.9808995686986941,0.0191004313000736,0.0,1.3683830171635174,0.20823798626971815,1.1552841946245787,-1.0,0.0,210,12,0.0,59.30357142857195,2.0,1.7912978018668813,3.455103884366345,-1.3262090172997485,1.2043633125538575,1,MOMENTUM_SURGE,SELL,54640.1,54746.33,54427.64,2025-05-14 12:45:00+05:30
3,37.03941579173535,-0.7263742562771672,-1.6391890343475777,-1,-2.263513498862606,0.15192899301072743,5.77586758181578,0.7895362663475823,0.05707491082034676,0.15338882282969274,0.7914230019493509,0.921696574223575,1.1571495988674203,-1.0,0.3141604010024239,305,14,0.0,53.13214285714431,2.0,0.7700275593196999,3.2833232506490497,-0.9128147780686924,0.682076236819671,1,MOMENTUM_SURGE,SELL,55421.9,55462.81,55340.07,2025-05-19 14:20:00+05:30
3,52.70959547804823,1.048498965299605,0.6871323233917604,-1,1.1042495309280347,0.713122091846393,4.958958216859365,0.4107565011815546,0.5833333333326366,0.005910165484626685,1.3866416905695458,0.1281337047349734,0.60638233697294,3.0,0.39118303571419843,90,10,0.0,61.01071428571439,2.0,1.1227711760229953,3.288766610074705,-0.3613666419072524,1.5348330914341026,0,MOMENTUM_SURGE,BUY,55295.6,55227.1,55432.6,2025-05-20 10:45:00+05:30
3,61.87497310801547,1.79677081893786,1.808712918148911,1,2.394673357985485,1.1229497451236365,4.072745368692533,0.554399243140442,0.01182592242193805,0.43377483443667386,1.340095087163196,0.06007669365143891,3.016571035115848,3.0,0.6681443951866799,115,11,0.0,78.875,2.0,1.8660855784468173,4.640887480184327,0.011942099211036058,0.8212898212891607,1,MOMENTUM_SURGE,BUY,55354.35,55207.16,55648.72,2025-05-27 11:10:00+05:30
3,63.065600158670385,1.543980784984358,1.9482259794628312,1,2.049063406572629,1.1163524178250415,3.58677432034433,0.7547638773807545,0.1474730737361996,0.09776304888138891,1.6198236196318447,0.14243323442079434,0.9448282767598991,1.0,0.7021834061132919,210,12,0.0,37.25714285714327,2.0,1.6419861963190683,3.0705521472308317,0.40424519447738794,1.3678603807765224,1,MOMENTUM_SURGE,BUY,55436.55,55375.37,55558.9,2025-05-28 12:45:00+05:30
3,39.903682043543796,-0.7624146167410583,-1.0587317084210977,-1,-1.4018219203040694,0.08761315806413901,3.045761236420264,0.6404805914960876,0.359519408502064,0.0,0.5913953306785273,0.3007590132821507,0.49042807763890534,-1.0,0.04899001625259761,70,10,0.0,91.47857142857018,2.0,0.8570078863122129,2.5109705629706314,-0.2963170916797155,0.6861998985277946,1,MOMENTUM_SURGE,SELL,55315.75,55394.15,55158.95,2025-05-29 10:25:00+05:30
3,47.63531518028041,-0.4165402507988181,-0.37587521997871437,1,-0.37218238562837036,0.39037888415744415,3.0526786982990703,0.4326923076914235,0.22435897435851587,0.34294871794792386,0.5984928065767922,0.5449871465286924,0.7348205451110748,-1.0,0.26003802706626383,95,10,0.0,78.19642857142806,2.0,0.5000000000000432,3.4560401918202204,0.04066503082005175,0.5093600348274412,1,MOMENTUM_SURGE,SELL,55830.6,55869.7,55752.4,2025-06-03 10:50:00+05:30
3,30.06094616581821,-1.3426901240849414,-2.4510952413194294,-1,-4.26989757979281,0.01873718818644127,5.4412455239151605,0.41233283803804704,0.027488855869181514,0.5601783060912855,1.0837982400643293,0.07486631016033898,1.0942855436793897,-1.0,0.05342970521540791,230,13,0.0,62.096428571429506,2.0,0.981693219071753,4.078334387754341,-1.108405117232703,0.8249570973267086,0,MOMENTUM_SURGE,SELL,55493.5,55554.46,55371.58,2025-06-03 13:05:00+05:30
3,63.146693708574944,0.8063094291395922,1.658821480082153,1,3.2381769199153965,0.9062127976476885,3.8188176704015033,0.6055469953757369,0.14483821263429975,0.24961479198688163,1.0538158199952699,0.3885135135121246,0.9434262948209027,1.0,0.7504246700638321,185,12,0.0,30.792857142857038,2.0,1.3032011134309263,2.22129436324939,0.8525120509397922,1.0127965043662126,0,MOMENTUM_SURGE,BUY,55695.5,55655.37,55775.76,2025-06-04 12:20:00+05:30
3,33.889071129782764,-1.246081869686874,-1.7809798959623522,-1,-1.7516237972151294,0.017693846009825348,5.15360402008215,0.4658385093162288,0.40146809711983733,0.13269339356280457,1.5125671059053856,0.33994708994612594,0.680336825866236,-1.0,0.19792878752613977,265,13,0.0,58.54285714285652,2.0,1.4118594436311653,2.4460712542661738,-0.5348980262745644,1.445006527412826,0,MOMENTUM_SURGE,SELL,55665.5,55748.15,55500.19,2025-06-05 13:40:00+05:30
3,60.38903445607597,0.860223356430008,1.4633073081300287,1,2.2744554226612372,0.8713580445777743,6.0520745381519845,0.7283737024194373,0.23875432525872778,0.03287197231837476,0.7013347200554936,0.5532212885137888,0.8037954326150738,1.0,0.8696914700541255,100,10,0.0,41.20714285714348,2.0,0.6727162419830216,3.612237822837391,0.6030839516985571,0.7031630170299547,1,MOMENTUM_SURGE,BUY,56683.45,56655.73,56738.89,2025-06-11 10:55:00+05:30
3,37.108620977015974,-0.9775565454801932,-1.7627388661335919,-1,-2.206589214831995,0.09943501866155603,5.421967051246208,0.4903954802249791,0.1977401129939034,0.3118644067788576,0.7197211733952886,0.44086021505307943,0.9416411682892377,-1.0,0.0514628657163962,95,10,0.0,61.48214285714338,2.0,0.8042695323845686,2.6227127505039896,-0.7851823206521216,0.6867918671415664,1,MOMENTUM_SURGE,SELL,56294.95,56344.4,56196.05,2025-06-12 10:50:00+05:30
3,41.51863944051066,-0.8297949874127647,-1.0627988114947589,-1,-1.1381167658862978,0.15017322951006823,3.019756990464471,0.7614314115278014,0.10735586481058441,0.13121272365763811,0.47280784208407606,0.11867364746908954,0.5267581587760332,-1.0,0.13700843957617942,100,10,0.0,53.19285714285849,2.0,0.7955821136027744,2.5313549080118554,-0.23300382408155612,0.540395358829973,1,MOMENTUM_SURGE,SELL,55827.0,55869.32,55742.36,2025-06-17 10:55:00+05:30
3,34.64159434543083,-1.3327672425591848,-2.2235094814852054,-1,-3.1256633785797416,0.06308636408257293,6.219346421944002,0.6726618705024311,0.034172661870469204,0.29316546762530116,1.3125368855914095,0.6661045531176144,0.7226042301330327,-1.0,0.05264007750683248,120,11,0.0,42.360714285713975,2.0,1.0997470702300545,2.7844195261716096,-0.8907422389239176,1.316287878784746,1,MOMENTUM_SURGE,SELL,55649.1,55695.69,55555.93,2025-06-19 11:15:00+05:30
3,71.4647763499617,1.0842109126205413,2.3876557661161257,1,2.560737777777736,0.9717876315154718,4.669049913247155,0.8962868117775744,0.0,0.10371318821986468,0.6247999999999353,0.02343749999997597,0.5945916053752406,1.0,0.9155358626416736,145,11,0.0,62.49999999999948,2.0,0.7727999999999365,2.694399999995618,1.3034448534934988,0.6616401219913695,1,MOMENTUM_SURGE,BUY,56791.45,56743.15,56888.05,2025-06-24 11:40:00+05:30
3,44.4941925179498,-0.5983944770924041,-0.6669164063219636,-1,-0.9735876912132202,0.15398383232371599,2.770812717522051,0.40899202320470857,0.215373459027957,0.3756345177658841,1.0302027748131823,0.44954128440312663,1.0451504135714336,-1.0,0.27717391304334754,95,10,0.0,66.92857142857194,2.0,0.7432230522946073,2.0693703308400084,-0.06852192922945706,1.0043699927151948,1,MOMENTUM_SURGE,SELL,56633.7,56683.44,56534.21,2025-06-26 10:50:00+05:30
3,65.47624746618976,1.4883378215717467,2.008122480466662,1,2.159769855152187,1.0963167984777202,3.9424551309804525,0.645739910312743,0.20448430493239472,0.14977578475306846,1.303875709989964,0.6834611171944742,1.1243842364532204,1.0,0.807408966533024,165,12,0.0,42.75714285714327,2.0,1.3033077180088017,3.652021383218988,0.5197846588937001,1.004323545305332,1,MOMENTUM_SURGE,BUY,57129.4,57073.67,57240.85,2025-07-16 12:00:00+05:30
3,32.265262651184045,-1.2798530173354454,-2.06542237595239,-1,-2.7941991468855973,-0.019445805098108507,4.283538177512043,0.6028037383163081,0.1249999999996867,0.27219626168166877,1.1706554654682828,0.06524633821564982,1.0689304595364733,-2.0,0.03090595569703795,195,12,0.0,36.560714285714184,2.0,1.0832958874670071,2.7132949106108515,-0.7855693586147957,1.1437733832143664,0,MOMENTUM_SURGE,SELL,56897.55,56937.16,56818.34,2025-07-17 12:30:00+05:30
3,55.526858762089184,0.9284124003711204,0.9862944783420192,1,0.9784057333249937,0.7759688073990181,4.312097485917311,0.7721402214008346,0.13099630996282052,0.09686346863449982,0.954045388822592,0.9077669902898446,1.107030900134386,1.0,0.7713444553481453,135,11,0.0,56.81071428571522,2.0,0.9290689633496152,2.8999811403732974,0.05788207797079696,0.7967073349981376,0,MOMENTUM_SURGE,BUY,56079.05,56026.27,56184.61,2025-07-29 11:30:00+05:30
3,69.96617592801833,1.859528857504437,2.8931097015284215,1,4.1433029333643,0.9602068464321479,8.93317524716335,0.4154540893121127,0.4119417962866143,0.1726041144002695,1.3570351636593903,0.5611790878747515,1.2908055997128716,2.0,0.9285341225625074,150,11,0.0,73.43214285714203,2.0,1.6565390788385161,4.176645104804397,1.033580844022577,1.1151521933738548,0,MOMENTUM_SURGE,BUY,56080.7,55959.06,56323.99,2025-07-31 11:45:00+05:30
3,42.775370530297366,-0.6796557186631235,-0.9290171584025988,-1,-1.97060457872679,0.19311800903969323,2.4874975936893535,0.48545454545374217,0.22727272727231404,0.28727272727212555,1.0815366247629903,0.6748681898041005,0.5715720743346061,-3.0,0.12355736591985783,280,13,0.0,50.8535714285707,2.0,0.9740782358313184,3.4373200365127654,-0.24936143973898495,0.90475407139182,1,MOMENTUM_SURGE,SELL,55774.85,55824.39,55675.78,2025-08-01 13:55:00+05:30
3,69.85079323326266,1.5418764816423147,1.9325436133092504,1,1.448160742149571,1.0030267203172292,4.500266405422992,0.6042471042463118,0.0,0.39575289575240125,1.2538758572992506,0.04626485568754385,1.9591351865050457,1.0,0.6606161319185273,310,14,0.0,61.96785714285683,2.0,1.35387585729929,4.072272491492474,0.39066713166630523,0.9771126760550942,1,MOMENTUM_SURGE,BUY,55231.95,55148.05,55399.74,2025-08-07 14:25:00+05:30
3,61.10497283925128,1.507447418022878,1.7895703486801013,1,0.9844507969508248,1.0737968737722865,4.632912411793919,0.5572519083960957,0.4427480916023775,0.0,1.5887040887040766,0.15566037735827226,1.636012861736297,1.0,0.48352520841592356,195,12,0.0,41.22857142857174,2.0,1.9227650727651207,4.005717255707545,0.2821229306565389,1.1094173441715462,0,MOMENTUM_SURGE,BUY,55371.55,55292.28,55530.1,2025-08-12 12:30:00+05:30
3,67.09761583475174,1.08433409371611,1.6093122080247793,1,1.069708524087027,1.090317173306635,3.138642679568538,0.6532258064503444,0.20766129032222674,0.1391129032254127,0.796970044760683,0.20960698689906057,0.7425593514765961,1.0,0.4910322108343712,40,9,0.0,62.235714285713975,2.0,1.0962125559508722,2.3210145759173897,0.5249781143078259,0.885082084223934,1,MOMENTUM_SURGE,BUY,55854.6,55786.38,55991.05,2025-08-21 09:55:00+05:30
3,29.652769489642523,-1.1499630572757453,-2.3245358724250442,-1,-3.9543198331056564,0.0861690276286238,5.752916910168908,0.594262295080993,0.0704918032785014,0.33524590163886625,1.2286885835551733,0.3650057937419611,0.9048153972889043,-3.0,0.04340443595457914,275,13,0.0,49.64642857142722,2.0,1.2058197251995482,2.6739083519118148,-1.1745728151469332,1.0764072701587124,0,MOMENTUM_SURGE,SELL,53931.55,53991.41,53811.82,2025-08-28 13:50:00+05:30
3,33.283281188144386,-1.2887562287662735,-2.410902277284909,-1,-2.8093089243286307,0.07878497428558005,6.856308363374013,0.8702374378787375,0.043622308116984185,0.08614025400317389,1.3001384544381578,0.6379657603216267,1.4219812816446744,-1.0,0.13820414701430422,75,10,0.0,69.6464285714293,2.0,1.72966001743499,3.83077790881969,-1.1221460485170243,0.9697975795212481,0,MOMENTUM_SURGE,SELL,53823.85,53944.31,53582.92,2025-09-05 10:30:00+05:30
3,43.7235130099875,-0.9396608644403753,-0.8680054052115018,1,-0.8730307122330442,0.22696802580135675,2.8463611559552593,0.8777908343105663,0.08225616921250607,0.03995299647457741,1.2375610262801116,0.03436988543346473,0.9059521287861195,-2.0,0.610628409779508,140,11,0.0,34.38214285714327,2.0,1.4509920016618794,2.524566323873252,0.07165545922866509,1.093268242545946,0,MOMENTUM_SURGE,SELL,54553.5,54603.39,54453.72,2025-09-11 11:35:00+05:30
3,30.389346934051318,-1.6273775377987874,-2.434683406576597,-1,-3.7623844088975216,-0.11662595064806944,4.215014597324683,0.6077116512982119,0.35289186923666566,0.0393964794634459,1.270210662407796,0.5273311897088635,0.6925401622396666,-1.0,0.004960422163584272,265,13,0.0,46.96071428571512,2.0,1.320168834131971,3.3048901057043025,-0.8073058687760905,1.1425014365042752,1,MOMENTUM_SURGE,SELL,54425.6,54487.6,54301.61,2025-09-26 13:40:00+05:30
3,61.16765147274323,0.3844712801070908,0.8052283056203486,1,0.7876094166259224,0.8543551562337226,2.685149281706986,0.5483271375454195,0.09107806691435097,0.36059479553837076,0.6142554232588722,0.6244541484701808,0.5288901719800666,1.0,0.8069589422405589,55,10,0.0,87.58571428571564,2.0,0.6583102267167239,2.510683412164784,0.4207570255127775,0.7204070701650993,0,MOMENTUM_SURGE,BUY,55466.9,55409.24,55582.22,2025-10-03 10:10:00+05:30
3,57.77901244763519,1.036745647265892,1.1503420713210912,1,1.9614854450694574,0.8816256511606814,4.28362103745963,0.6020313942740068,0.3065558633419657,0.09141274238218082,0.7679294975689103,0.09824281150146603,0.8652811373845951,1.0,0.9505363528006744,80,10,0.0,70.51428571428498,2.0,0.984217990275547,2.5831645056689934,0.1135964240550381,0.8691813804159637,0,MOMENTUM_SURGE,BUY,56646.4,56577.0,56785.2,2025-10-13 10:35:00+05:30
3,33.44102372947137,-1.3561525813491522,-2.029139542383444,-1,-2.141438632267967,-0.018987249401926875,5.12029428595375,0.9167904903389459,0.054977711738491614,0.02823179791959065,0.7261097410604475,0.30022573363367977,0.9543740863276683,-4.0,0.5902061855669021,255,13,0.0,46.34285714285735,2.0,1.3634093711468411,2.9627003699071865,-0.6729869610328396,0.6272134203157266,0,MOMENTUM_SURGE,SELL,57973.35,58036.53,57846.98,2025-10-27 13:30:00+05:30
3,56.10943241446517,1.0136998770891463,1.0043662444587624,-1,0.22690681060206527,1.0090526034011513,3.003050298332954,0.7994143484614389,0.13836017569531664,0.06222547584178033,1.0829605300413974,0.01815904821534337,1.3296461492716038,1.0,0.365443003036085,185,12,0.0,63.06785714285642,2.0,1.6657738263775512,2.4521207316344213,-0.009333632630369038,1.0253715658294515,1,MOMENTUM_SURGE,BUY,57968.95,57863.89,58179.06,2025-10-28 12:20:00+05:30
3,52.12630348415151,0.7856785520619077,0.4322514133668877,-1,0.9574665724677892,0.5841440800843435,4.4573178703594065,0.8437884378836686,0.15211152111510484,0.004100041000406496,1.34021508752654,0.6333463490819053,1.526806626069869,1.0,0.8251515744178345,65,10,0.0,90.99285714285725,2.0,1.2742679959180176,2.5512991600567885,-0.3534271386946316,1.290476190474891,0,MOMENTUM_SURGE,BUY,58286.5,58170.55,58518.4,2025-10-30 10:20:00+05:30
3,43.64262150386935,-0.4691576812151951,-0.6352992148831325,-1,-0.9543377475710096,0.21065294025793926,2.514707835755317,0.5389681668485481,0.2996706915469928,0.16136114160226372,0.7149103139012943,0.4713193116624412,0.809642284513805,-1.0,0.1426314958142056,315,14,0.0,63.71428571428415,2.0,0.6995515695067273,1.9587443946157392,-0.16614153366767664,0.7537646864127278,1,MOMENTUM_SURGE,SELL,57848.25,57892.82,57759.11,2025-11-04 14:30:00+05:30
3,76.59195410359597,1.4010715380997136,3.033984017384112,1,7.751990509705991,0.9088990163712363,7.596040154230979,0.5231053604415583,0.2772643253224948,0.19963031423225006,0.5320688443975529,0.10069444444418445,0.8387767838568578,1.0,0.9763553857175775,260,13,0.0,50.839285714283115,2.0,0.7972953986653106,3.016368106773258,1.6329124792811864,0.503162202379957,0,MOMENTUM_SURGE,BUY,57975.45,57934.92,58056.52,2025-11-07 13:35:00+05:30
3,41.25175302082333,-0.7460807242736806,-1.0569353275052076,-1,-0.9072261615455847,0.05469720311536061,3.16540470265152,0.45989974937241,0.43859649122695493,0.10150375939812872,1.0599620493359019,0.3671874999986434,0.6858673811118124,-2.0,0.5436143572618635,280,13,0.0,37.642857142857146,2.0,1.052371916508688,3.369829222002394,-0.3108546032307013,0.8564069542802119,0,MOMENTUM_SURGE,SELL,57976.45,58016.06,57897.22,2025-11-10 13:55:00+05:30
3,51.92275966781765,0.5659272386657812,0.4664076020452861,-1,1.2257309201366164,0.7709018954709801,3.9089731452718137,0.8508430609575965,0.14915693903980934,0.0,0.6830780913808907,0.6833130328850252,0.6914516032003103,1.0,0.7123391370171382,75,10,0.0,56.435714285714184,2.0,0.6811922541450542,2.1821288444462326,-0.09951963662031878,0.7254422280754957,0,MOMENTUM_SURGE,BUY,58876.75,58838.31,58953.64,2025-11-19 10:30:00+05:30
3,65.69994735008805,1.5373445710050462,2.398183104200841,1,3.4819895689345124,1.0178864628584057,5.797676298566698,0.5513513513492072,0.23963963963882853,0.20900900900836072,0.8574266166409209,0.002047082906972754,1.4742401379607186,6.0,0.9269539810076954,185,12,0.0,32.36428571428561,2.0,0.9914146987419528,3.822114323536998,0.8608385331931346,0.7455668995143625,1,MOMENTUM_SURGE,BUY,58942.35,58910.26,59006.52,2025-11-19 12:20:00+05:30
3,58.862816898043306,1.0902887785755306,1.379898065634307,1,1.5707768886648874,0.9367781748728253,3.123495040136767,0.6393979057583894,0.0890052356019189,0.2715968586383828,1.3478671791317456,0.2411504424773903,0.807657945117993,2.0,0.789788843365662,245,13,0.0,56.68214285714411,2.0,1.3278999432929215,2.6710352214683812,0.28960928705826533,1.1865196459059135,1,MOMENTUM_SURGE,BUY,58996.8,58921.53,59147.34,2025-11-25 13:20:00+05:30
3,71.0705696173461,1.8949783106173894,2.7355103640814957,1,1.582516889786408,1.0044421131374595,6.446171039085502,0.7567415730328412,0.18426966292115762,0.05898876404487754,0.9318674743848739,0.5072933549427182,1.0043407487791296,1.0,0.9677957781048636,25,9,0.0,95.50714285714172,2.0,1.0868371849525487,5.332061925056181,0.8405320534632261,0.8959130259705147,1,MOMENTUM_SURGE,BUY,59275.9,59172.1,59483.5,2025-11-26 09:40:00+05:30
3,56.270240933716345,1.4834318934289157,1.4830240158591106,-1,1.4291169340339864,1.0211018785843664,4.4073620537468905,0.538641686181445,0.3501170960178711,0.11124121779834191,0.8598345918733682,0.5645035183727855,1.2779046531545157,1.0,0.4426400649575626,150,11,0.0,49.660714285714285,2.0,0.9316432937792664,4.298166127283774,-0.0004078775698043624,0.6405640564046443,0,MOMENTUM_SURGE,BUY,59116.5,59070.23,59209.03,2025-12-03 11:45:00+05:30
3,72.98923197198916,1.2496958448147122,2.106642437462917,1,1.899495777899297,1.044441809453383,4.115008590261839,0.5155172413784466,0.09999999999975231,0.3844827586200769,0.5919445963185711,0.2967320261436357,1.9478393714535158,1.0,0.8161564933887304,55,10,0.0,97.98214285714286,2.0,1.0159832330964118,3.604228175684326,0.8569465926473302,0.4630368832824054,1,MOMENTUM_SURGE,BUY,59557.15,59457.6,59756.25,2025-12-05 10:10:00+05:30
3,62.49545574053155,1.0311540851806946,1.47854945977564,1,2.2974594912221193,0.9086975792763415,5.3253480713875225,0.8190682556862364,0.0,0.1809317443115967,0.6029020669061951,0.3705324580593146,0.8984272608125271,1.0,0.9854947580063359,110,11,0.0,76.54642857142815,2.0,0.929561890542661,2.1320393785256258,0.4473953745943607,0.7296442687735729,0,MOMENTUM_SURGE,BUY,59221.55,59150.4,59363.86,2025-12-09 11:05:00+05:30
3,46.717720872100266,-0.6088845353682043,-0.5325898248846894,1,-0.6286650784560689,0.4017464176568722,3.3133632198267366,0.695890410956838,0.26849315068427565,0.035616438356146536,1.101768003449756,0.47198007471871684,1.2167983548003356,-1.0,0.4789058878069375,300,14,0.0,33.12857142857164,2.0,1.162526951272109,2.223156532981676,0.07629471048328458,1.015299026422808,0,MOMENTUM_SURGE,SELL,59258.8,59297.31,59181.77,2025-12-22 14:15:00+05:30
3,24.575828908951877,-2.1564474130376676,-3.1832782188352526,-1,-4.878318725609263,-0.23914661105563997,4.453793361630772,0.8723653395764708,0.029274004683774186,0.09836065573741311,1.3385579937303207,0.4921090387360964,1.1059730250481197,-4.0,0.015739179314204755,240,13,0.0,31.899999999999896,2.0,1.9448275862069302,3.835423197480107,-1.0268308057943663,1.1067910834599815,1,MOMENTUM_SURGE,SELL,59215.5,59277.54,59091.42,2025-12-24 13:15:00+05:30
3,76.7604476703513,0.8518122972388936,2.334276446681889,1,0.8761899320038878,0.8109593861264199,9.420627691421318,0.7158555729963066,0.20722135007780612,0.07692307692274755,0.5095708816638884,0.5715896279581109,0.6977972578107245,1.0,0.8767334360551998,45,10,0.0,62.503571428570595,2.0,0.5751728472658868,2.141477629846302,1.4824641494406237,0.5704818198090871,0,MOMENTUM_SURGE,BUY,60022.75,59986.8,60094.65,2026-01-02 10:00:00+05:30
3,74.54354643200065,1.1440450588269446,2.336944357825208,1,3.314851901300836,0.9516417420217814,5.246250912487238,0.43994601889233026,0.04858299595117377,0.5114709851537969,0.9893190921227221,0.11571675302198509,0.7901354907886995,1.0,0.9955984839220071,175,12,0.0,37.44999999999969,2.0,1.0465954606143473,2.0320427236260605,1.1928992989950782,1.012571740909947,0,MOMENTUM_SURGE,BUY,60145.4,60106.2,60223.79,2026-01-02 12:10:00+05:30
3,55.835726212153496,0.9975614889206286,0.9923834555100894,-1,1.5569542764425217,1.0142770712649825,3.216732765128315,0.5764075067008225,0.06434316353873548,0.35924932975776097,0.7300433384594268,0.3985171455043264,1.0117205813408927,1.0,0.8088772845948855,105,11,0.0,51.09285714285839,2.0,0.9445407521319967,2.8653711729287834,-0.005178033410528932,0.6557665260185688,0,MOMENTUM_SURGE,BUY,60016.25,59967.99,60112.77,2026-01-07 11:00:00+05:30
3,30.71387940924224,-1.3442522752234627,-2.252014740025489,-1,-2.560506050605094,-0.032108843460903244,4.4900188277742235,0.716845878135173,0.033691756272332264,0.24946236559106105,1.239527798933735,0.07102272727253137,0.6426708398538828,-1.0,0.041330166270777485,135,11,0.0,56.27142857142878,2.0,1.347524752475171,2.7402894135518086,-0.9077624648004132,1.3323782234931567,0,MOMENTUM_SURGE,SELL,58918.55,58994.38,58766.9,2026-01-12 11:30:00+05:30
3,61.81411096082521,0.2514284426111446,1.366272495274166,1,4.195927557777299,0.6341501982775843,6.822806654933373,0.5495750708199688,0.4008498583558131,0.049575070821385216,0.4883157946742256,0.4180398959229692,0.7648786959817397,1.0,0.8962689323973598,270,13,0.0,72.28928571428436,2.0,0.500000000000018,1.7333135714614347,1.1148440526614791,0.5135292406161166,0,MOMENTUM_SURGE,BUY,59470.75,59434.61,59543.04,2026-01-12 13:45:00+05:30
3,61.4820413301461,0.525801552401168,1.178275776594652,1,1.6416892500107474,0.8138776745273743,5.418192424259676,0.8535469107531525,0.06521739130416963,0.08123569794038954,0.6021949899108824,0.5075895567693126,1.1051042415528203,1.0,0.8556191467219424,150,11,0.0,72.56785714285694,2.0,0.6629214036123655,2.137309906980652,0.652474224192585,0.5891870028305136,0,MOMENTUM_SURGE,BUY,59653.1,59604.99,59749.31,2026-01-14 11:45:00+05:30
3,55.39520928377796,0.1835789300637057,0.5623542665146319,1,1.3177919320594447,0.6095930794577628,2.7920308714703608,0.4549019607831625,0.4405228758158037,0.10457516339841941,0.6496815286624261,0.5929978118148065,0.7466448827168461,1.0,0.7982570239332072,195,12,0.0,58.87499999999948,2.0,0.7063694267516233,1.901486199572109,0.37877533645028283,0.7554809401525623,1,MOMENTUM_SURGE,BUY,59631.05,59589.46,59714.23,2026-01-14 12:30:00+05:30
3,61.453285428760196,0.7017522610307889,1.01981694593865,1,1.9391675864343634,0.9554886260067591,2.020111302655827,0.647553516818545,0.2033639143728177,0.14908256880710818,0.9928970341050931,0.11944260119425827,1.1685405704791725,3.0,0.6188340807173691,290,14,0.0,65.86785714285777,2.0,1.0648104972076744,3.094073632267724,0.3180646849073781,0.6687800388580941,0,MOMENTUM_SURGE,BUY,59912.0,59841.86,60052.27,2026-01-19 14:05:00+05:30
3,32.773496375647866,-1.619864391382821,-2.2658609481294336,-1,-3.061756922226036,-0.11898504721335192,3.9872388650162667,0.5578689528467732,0.39497856705401013,0.047152480097991875,1.3545443772958983,0.2875341219285332,0.9315814967305139,-3.0,0.010673690047143629,255,13,0.0,60.27857142857205,2.0,1.5225619149188128,3.7152506221054953,-0.645996556745541,0.9531870184438966,1,MOMENTUM_SURGE,SELL,59343.05,59434.83,59159.49,2026-01-28 13:30:00+05:30
3,68.07108769212795,1.3432072901270737,1.754445716003452,1,2.2603403357966583,1.118055281779295,3.6111073942191374,0.49215143120870775,0.32779316712773304,0.1800554016617125,0.7312273932963682,0.4457644628094585,1.272846811308374,6.0,0.9562646297890953,80,10,0.0,74.05357142857247,2.0,1.7656860380998176,3.286134555095569,0.4112384258758227,0.8058035714273766,0,MOMENTUM_SURGE,BUY,59778.6,59647.84,60040.11,2026-02-01 10:35:00+05:30
4,44.46132441530908,0.15808149378117847,-0.4132571966713986,-1,0.5656356927205062,0.3568048933619915,3.4271522066536586,0.6824324324318527,0.16258445945933014,0.15498310810797253,1.1121100301911564,0.5364274150020795,0.9016718223210995,2.0,0.4360935431679791,20,9,0.0,106.46428571428571,2.0,1.3807111707480888,3.193089567256351,-0.5713386904520404,0.8582197738468242,0,PIVOT_SCALP,BUY,45740.45,45593.45,46034.44,2024-02-06 09:35:00+05:30
4,39.96522675702496,0.12734764288024444,-0.9762026812092021,-1,-2.6153286572661023,0.35386518587098686,9.352632188263424,0.7556008146629299,0.1547861507126375,0.08961303462307471,0.5995638901003196,0.5714285714276855,0.5052228130313826,2.0,0.23915094339620285,155,11,1.0,122.8392857142852,2.0,1.0992731501671835,1.1319668556467302,-1.103550324088548,0.9751092281199819,0,PIVOT_SCALP,BUY,45455.35,45320.32,45725.42,2024-02-08 11:50:00+05:30
4,36.66364190761335,0.43687911923123446,-0.8969604027615135,-1,-3.9965451490294965,0.3718722728522962,7.284773560062273,0.7635974304061484,0.09678800856525252,0.1396145610277426,1.3490425883129844,0.47260273972514444,0.6169900819318535,2.0,0.1771753986332386,255,13,0.0,86.54285714285652,2.0,1.7332948167711981,2.119181247934196,-1.3338395219912067,1.6127918220726571,0,PIVOT_SCALP,BUY,44845.45,44695.45,45145.46,2024-02-12 13:30:00+05:30
4,60.72530322906915,0.328830177349622,1.2536309677306832,1,1.987728501033151,0.7786085987858542,5.70107708675507,0.6402188782473386,0.1025991792062979,0.2571819425436275,0.6274678111587233,0.6201760324974207,1.2367224880382424,-2.0,0.7775997864101455,130,11,0.0,58.25,2.0,1.5300429184549356,2.5545064377639046,0.9248007903794736,0.7043746386572872,0,PIVOT_SCALP,SELL,46608.95,46698.08,46430.7,2024-02-19 11:25:00+05:30
4,59.309781416712866,-0.06721350557726521,0.9332336925441242,1,1.5036929505199756,0.69552066966043,8.142802876141062,0.7913175932965241,0.10053313023603383,0.10814927646591885,0.7624222314392537,0.6699507389149361,0.5572549019607843,-3.0,0.7191347753742515,85,10,0.0,86.10714285714286,2.0,2.060348403152255,2.0428038158416926,1.0004471981202276,0.9557431940588883,0,PIVOT_SCALP,SELL,46800.0,46977.41,46445.18,2024-02-20 10:40:00+05:30
4,58.41070530623289,0.05184876483770617,0.8853572857890084,1,2.767328796957345,0.6659145316704851,3.723066230989744,0.5227272727254789,0.21753246753188246,0.2597402597393919,0.6356132075472217,0.7438202247173968,0.8971128230974096,-2.0,0.8960678740412998,180,12,0.0,48.45714285714348,2.0,1.414563679245221,2.514593160372107,0.8335085209495822,0.7007963594978797,0,PIVOT_SCALP,SELL,46917.0,46985.55,46779.91,2024-02-20 12:15:00+05:30
4,61.50956185058777,1.7144832756188728,1.8504834362269516,1,0.9465320625387061,1.2318814527308037,2.637710492816583,0.7181818181812366,0.028925619834686837,0.25289256198325005,2.261984243557235,0.8238770685560225,0.8910622931085468,3.0,0.4071500334895495,260,13,0.0,53.49285714285673,2.0,2.4881693149953255,2.9938576578927045,0.1360001606078246,2.2469823583987982,1,PIVOT_SCALP,BUY,46670.0,46536.9,46936.2,2024-02-22 13:35:00+05:30
4,45.38391509330625,0.22892208353787274,-0.41977180307254264,-1,-0.3194107574384073,0.40438266406498236,4.875018601540007,0.4737678855318735,0.4610492845779527,0.06518282988858397,0.8006546347229416,0.7512479201319039,0.741550257788736,2.0,0.38959129667733494,80,10,0.0,78.56071428571366,2.0,1.159689957721504,1.4288312042533182,-0.6486938866095896,0.9883720930217347,0,PIVOT_SCALP,BUY,46685.55,46594.44,46867.76,2024-02-26 10:35:00+05:30
4,46.54956792039979,0.33016047395648995,-0.3090625503911407,-1,-0.4603071598528576,0.45873243907356964,5.961217713411126,0.5174603174585362,0.3222222222212455,0.16031746031704378,0.5286818917460879,0.7615971814435851,1.2490569991617964,2.0,0.3216700970301749,110,11,0.0,59.58214285714296,2.0,1.8245099802193219,2.1063357909213547,-0.6392230243465578,0.6195908733268588,0,PIVOT_SCALP,BUY,46662.45,46553.74,46879.87,2024-02-26 11:05:00+05:30
4,46.220540274298834,0.4245652482705995,-0.17825764180089054,-1,-0.04754142386942597,0.46553703018298265,4.029688829427117,0.568992248060206,0.08217054263544923,0.3488372093012439,0.45923816304735054,0.6248108925859919,0.9175549055574673,2.0,0.516117478509844,90,10,0.0,70.22499999999958,2.0,1.3410110359558725,2.089711641150472,-0.6028228900706316,0.6742630148428057,1,PIVOT_SCALP,BUY,46469.0,46374.83,46657.34,2024-02-27 10:45:00+05:30
4,53.03813858965231,0.7016293237552933,0.593053582755854,-1,0.4523256018739483,0.7060097393991671,2.6586973410008135,0.5151898734165645,0.23417721518928056,0.2506329113916232,0.8765255983515694,0.7041251778084304,1.6139717940307412,2.0,0.5834527220628396,205,12,0.0,45.0642857142853,2.0,2.0904897765097896,2.1957521001695985,-0.10857574099919842,0.8296576349489132,1,PIVOT_SCALP,BUY,46487.8,46393.59,46676.21,2024-02-27 12:40:00+05:30
4,62.47232212788799,-0.4795027376058913,1.0050106101787546,1,4.719953145430722,0.6038033506520166,5.3282921733845985,0.7785114045608454,0.027010804321695323,0.1944777911162587,1.694319337498236,0.542151162789141,0.7304717124223018,-2.0,0.8970043950958992,235,13,0.0,49.164285714285924,2.0,1.9112741537119498,2.1407816359102085,1.4845133477816264,1.818777292572454,0,PIVOT_SCALP,SELL,46993.55,47087.52,46805.62,2024-03-01 13:10:00+05:30
4,48.4619835921635,-0.9333130697003843,-0.45849268152650685,1,-0.5071391439958122,0.35372034950771186,3.8292787375304758,0.6382089552230837,0.1641791044774159,0.19761194029830625,1.3544735170103368,0.667608818540794,1.4284231168532229,-3.0,0.3962342230496992,95,10,0.0,61.83214285714296,2.0,2.459614162767918,2.627274302543036,0.4748203881731095,1.4005016722384267,1,PIVOT_SCALP,SELL,47375.0,47527.08,47070.83,2024-03-04 10:50:00+05:30
4,46.723312332619784,-0.20566007231086902,-0.5674331044268774,-1,-0.9393644209820026,0.32976834817961853,5.174609677588511,0.7134735645245108,0.06083001705506127,0.22569641841929086,1.3265460030165515,0.6531961792789106,0.9821649484536502,2.0,0.39179954441901543,115,11,0.0,66.2999999999998,2.0,2.04570135746603,4.496983408741367,-0.36177303211546274,0.8950742926919231,1,PIVOT_SCALP,BUY,47320.65,47185.02,47591.91,2024-03-04 11:10:00+05:30
4,56.3377649123116,-0.6300233763871409,0.350586001033337,1,2.770780778664763,0.5654836431386249,8.306379820781869,0.6416819012788886,0.27300426569135094,0.08531383302854163,1.271952164765741,0.6994219653163019,0.7008101851851851,-3.0,0.7439475143225459,270,13,0.0,64.50714285714275,2.0,1.857944856604889,1.8664599712072951,0.9806093774189576,1.6347878063326455,1,PIVOT_SCALP,SELL,47599.3,47719.15,47359.6,2024-03-05 13:45:00+05:30
4,50.590009294003615,-0.9837618466809975,-0.2868605583266887,1,1.905036559139738,0.4646583555969046,7.344054645062539,0.4600840336130067,0.09768907563010662,0.4422268907558362,1.375793548387065,0.6416819012788886,1.271952164765741,-4.0,0.6618000369616214,275,13,0.0,69.19642857142806,2.0,2.1535741935484123,2.8895999999958035,0.6969012883533017,1.570697904633657,0,PIVOT_SCALP,SELL,47554.85,47703.87,47256.81,2024-03-05 13:50:00+05:30
4,62.26852526434594,0.3403317929017213,1.1951512510930231,1,1.262837691596307,0.7871458440067284,5.628880161861708,0.5622022233980303,0.0,0.43779777660091096,0.6690278023729243,0.54292434339434,0.8859616481853336,-2.0,0.7389994394617793,70,10,1.0,141.17499999999927,2.0,1.4192845758810082,2.9491765539203527,0.8548194581906964,0.6363268880949552,0,PIVOT_SCALP,SELL,47969.6,48169.97,47568.86,2024-03-06 10:25:00+05:30
4,54.92926886515374,-0.2490889476061717,0.4448433254696509,1,1.2095331907944968,0.4629572825838807,3.1919438128395665,0.43922018348527914,0.5183486238520061,0.042431192660421176,0.5831661412056803,0.8712169993549654,0.9847812301839172,-2.0,0.7511210762330801,140,11,0.0,74.76428571428498,2.0,1.2917454858125175,1.3087799751582696,0.6939322730748944,0.6802933374930864,0,PIVOT_SCALP,SELL,47978.25,48074.83,47785.1,2024-03-06 11:35:00+05:30
4,37.199487978120594,-0.0284493586149712,-0.9676707535051987,-1,-0.3229192546582701,0.3104314630618848,5.9315475066217225,0.41659070191353675,0.2689152233358888,0.3144940747487513,0.9539130434782269,0.8185961713749286,0.9701219127030151,2.0,0.2649895971249286,65,10,0.0,57.50000000000052,2.0,1.318260869565256,1.7791304347795491,-0.9392213948885941,1.2194308581563515,0,PIVOT_SCALP,BUY,47659.5,47583.7,47811.1,2024-03-11 10:20:00+05:30
4,40.73761315674726,0.145654251124903,-0.7631393916088864,-1,-0.5245970465290093,0.3858225796433564,3.3559810847316247,0.5270793036740585,0.0,0.47292069632400724,1.1890915064891638,0.6167108753298577,0.8781299392730365,2.0,0.22724805500263748,100,10,0.0,43.47857142857174,2.0,1.5443896829308845,2.349433218328768,-0.9087936427316992,1.1973135710949225,0,PIVOT_SCALP,BUY,47640.25,47573.1,47774.55,2024-03-11 10:55:00+05:30
4,55.38866930232283,-0.6006913347819359,0.2684291612218984,1,0.06861270296084464,0.5741732267783536,8.510193467979636,0.6259965337950802,0.010745233968766447,0.3632582322354602,1.4466332378223343,0.6717877094953568,0.3780786783842171,-3.0,0.6936505358881618,75,10,1.0,99.71428571428676,2.0,1.3074498567335293,2.153151862462045,0.8691204960029628,2.3046812589833445,1,PIVOT_SCALP,SELL,47624.1,47754.47,47363.36,2024-03-12 10:30:00+05:30
4,40.98525497236086,-0.47955156732372267,-1.1809949923188905,-1,-1.7774714858364835,0.2385264281068387,7.5073255909311145,0.4739560912609111,0.2105036590613494,0.31554024967687855,0.8530808173543631,0.48153153153140443,2.5448987390141364,2.0,0.42211569535706384,105,11,1.0,136.15357142857152,2.0,2.392998976995555,5.600293785899406,-0.7014434249946528,0.4474363419236347,0,PIVOT_SCALP,BUY,47276.3,46950.48,47927.93,2024-03-12 11:00:00+05:30
4,43.590250012990246,0.2356823343913465,-0.5399981274133002,-1,-0.7507009634933822,0.4597839926322551,3.60721092958321,0.5392696348168994,0.11905952976478135,0.34167083541731874,1.2368956068239845,0.7882441597577277,0.8402912840924402,2.0,0.259831317955435,120,11,0.0,80.80714285714203,2.0,1.5058163175108428,2.6414744099675525,-0.7756804618036868,1.1653258715154786,1,PIVOT_SCALP,BUY,46438.35,46316.67,46681.71,2024-03-15 11:15:00+05:30
4,52.648475164757286,0.9767568963523929,0.7162270178537926,-1,-0.293726952640228,0.8259835074559189,2.787264409236586,0.8558077436558756,0.04005340453928201,0.10413885180217207,0.7586456373896113,0.5136778115495274,1.6624557857503757,3.0,0.2588151610608107,215,12,0.0,49.36428571428561,2.0,2.0629576038199686,2.05918101576782,-0.2605298784980726,0.8060697374067409,1,PIVOT_SCALP,BUY,46437.85,46336.01,46641.52,2024-03-15 12:50:00+05:30
4,43.94293301979291,0.3057302211976436,-0.5054781013672911,-1,-1.2617952575399443,0.3718394915847751,5.232062072136209,0.94535519125511,0.0,0.054644808743068415,0.6607350096711975,0.6911841418876566,1.1413140548585907,2.0,0.4272533170656702,145,11,0.0,83.08928571428571,2.0,1.7867397378036078,3.371674188691425,-0.8112083225639584,0.8264338401312444,1,PIVOT_SCALP,BUY,46302.3,46153.84,46599.22,2024-03-18 11:40:00+05:30
4,40.77263218662377,0.21945056516152486,-0.8668232968549684,-1,-1.5828161050271459,0.3168408998897183,8.092464030317068,0.6492337630743386,0.2780345414739618,0.07273169545121325,1.8702758912033612,0.8672907488976954,0.9055743544078698,2.0,0.3429765999055396,100,10,1.0,109.90357142857101,2.0,2.2819127156923096,2.833847853635335,-1.0862738620155048,1.4437732668389485,1,PIVOT_SCALP,BUY,46083.1,45832.31,46584.68,2024-03-20 10:55:00+05:30
4,54.809159781459,1.1290608413608407,0.9163089144239034,-1,0.2939260318594476,0.9058469867186425,3.6649740210669823,0.9144667370637574,0.0,0.08553326293553873,1.42202359671074,0.7283531409143081,0.31086481188265486,2.0,0.5666599231235271,145,11,1.0,99.89285714285559,2.0,1.654665713264177,1.9786199499443629,-0.21275192693672423,1.8317214700169584,1,PIVOT_SCALP,BUY,46248.95,46083.66,46579.53,2024-03-20 11:40:00+05:30
4,57.9909236261242,-0.1195983838536313,0.693409061859843,1,0.19282251280877635,0.4747142827326255,3.5263422507809152,0.7217514124271867,0.2528248587564609,0.025423728813527564,0.5684790089470418,0.4426705370088186,0.49693472773177116,-2.0,0.5499365884589366,120,11,0.0,62.27142857142722,2.0,0.9583390685936468,1.5874053682011782,0.8130074457121687,0.8505526189312025,1,PIVOT_SCALP,SELL,46848.3,46907.98,46728.95,2024-03-21 11:15:00+05:30
4,42.33337995704789,-0.8575807158341399,-1.0253482951476853,-1,-2.130943235168529,0.2586299566134069,2.7129670470114355,0.5690814040320602,0.19790888722896707,0.23300970873747912,1.3470824949699152,0.4974093264241695,1.5053973117904793,-2.0,0.25779576291352113,270,13,0.0,49.69999999999969,2.0,2.104024144869369,2.3179074446634464,-0.16776757931320793,1.2223845170692438,0,PIVOT_SCALP,SELL,46678.45,46783.02,46469.31,2024-03-21 13:45:00+05:30
4,46.33032300286093,0.35529580913408637,-0.25430248472884565,-1,-0.6211827062340072,0.36377310356944115,4.886088132560389,0.7531017369708815,0.03225806451594415,0.214640198510693,1.0804289544234966,0.61852861035312,1.5014611338399517,2.0,0.45220900594714736,285,14,0.0,37.29999999999927,2.0,2.105361930295111,2.3096514745247227,-0.6095982938612977,1.0894836442251663,0,PIVOT_SCALP,BUY,46659.4,46580.87,46816.46,2024-03-26 14:00:00+05:30
4,53.00188456593863,-0.7187243583177789,0.03493553426010859,1,-0.14241513135453676,0.46174311495771275,4.929003529285754,0.4216177523258814,0.08303507516087977,0.49534717251180715,1.2511514841350955,0.5035273368597947,1.0176270751875816,-4.0,0.5819861431868686,95,10,0.0,55.828571428570804,2.0,1.741632548618269,2.889201637661235,0.7536598925765375,1.1437694448973774,1,PIVOT_SCALP,SELL,46819.85,46917.08,46625.38,2024-03-27 10:50:00+05:30
4,46.045615254137175,-0.6221000589014843,-0.7126944773099056,-1,-1.0064171122995391,0.19549867516669797,3.891774545479738,0.4223999999985552,0.39519999999892164,0.1823999999993232,0.8417508417508418,0.833333333330945,0.8876152950658577,-2.0,0.45463543385006533,165,12,0.0,37.125,2.0,1.5033670033670035,1.7400673400626137,-0.09059441840817725,1.1442694983480377,1,PIVOT_SCALP,SELL,46781.25,46837.06,46669.62,2024-03-27 12:00:00+05:30
4,57.419435941855134,-0.9652691295441438,0.2937670196049411,1,1.0240334378265672,0.4544951156189941,6.269372732654511,0.7302631578932225,0.19736842105220503,0.07236842105237945,1.090909090909075,0.7414187643004455,1.046259085079037,-2.0,0.7920934239493097,140,11,0.0,41.79999999999927,2.0,1.9959330143541087,2.677033492816469,1.2590361491460729,1.0940499040280809,0,PIVOT_SCALP,SELL,47241.6,47325.03,47074.74,2024-03-28 11:35:00+05:30
4,56.1770323926829,0.006527587593849437,0.5380444681013278,1,1.3702088190702215,0.6444952149916202,3.702913758101059,0.9014238773253609,0.02300109529026455,0.07557502738218397,0.8793945648435268,0.6666666666650961,0.8371601634033977,-2.0,0.8376863985538555,220,12,0.0,51.91071428571325,2.0,1.8298933608530297,3.4636394908773855,0.5315168805064544,0.735104669886101,0,PIVOT_SCALP,SELL,47291.3,47386.29,47101.32,2024-03-28 12:55:00+05:30
4,36.311627927822585,-1.3544581917071046,-1.9510524682614834,-1,-2.6614294238397522,-0.06914558296024766,4.313755869874447,0.42075996292782647,0.01853568118625024,0.5607043558840697,1.685561258647538,0.4740061162064382,1.0300371245360707,-2.0,0.33246608437082387,230,13,0.0,32.00714285714275,2.0,1.9245927248379275,3.819459941965316,-0.596594276552515,1.1500746109546596,0,PIVOT_SCALP,SELL,47462.55,47524.15,47339.35,2024-04-01 13:05:00+05:30
4,54.48883349934686,-0.5276618209065796,0.23383065545922926,1,1.393649409221536,0.5672727770684319,5.327486831453371,0.5734597156392669,0.08151658767763406,0.3450236966821512,1.8167281672817053,0.6120689655158991,0.7013387624159317,-2.0,0.5495894455207093,270,13,0.0,58.07142857142753,2.0,1.8917589175891203,2.9541205412003024,0.7614924763644977,1.6658771514264228,1,PIVOT_SCALP,SELL,48010.55,48120.41,47790.84,2024-04-04 13:45:00+05:30
4,55.40194291582596,0.19150983901706503,0.6012185418195714,1,1.7409930053893388,0.7683813905784502,2.993714171497758,0.5998089780312335,0.11461318051554356,0.28557784145131276,1.0804953560371053,0.6160249739841754,1.019860521528086,-2.0,0.7982512262740924,295,14,0.0,48.45000000000073,2.0,2.052528379772925,3.2487100103131934,0.40970870280166066,0.8960972269755083,0,PIVOT_SCALP,SELL,48268.8,48368.24,48069.91,2024-04-05 14:10:00+05:30
4,56.68619790718339,-0.5736238800158715,0.4262275617892773,1,0.7780300573035712,0.5260244692389648,5.66222771406098,0.5488888888876045,0.2644444444438891,0.18666666666628418,1.0217320791436937,0.6534391534374232,0.8003629764064446,-2.0,0.6434850863420409,115,11,0.0,44.04285714285704,2.0,1.5951346091468876,1.944696723965781,0.9998514418028787,1.1568123393286458,0,PIVOT_SCALP,SELL,48826.8,48897.05,48686.29,2024-04-09 11:10:00+05:30
4,40.64270122361214,-1.0379933040831621,-1.2444915816838138,-1,-0.7605954472218307,0.04373821562391008,3.6792609777077745,0.6938775510189896,0.29365079365007146,0.012471655328671324,0.9430993660734517,0.9135667396040406,1.015072187847161,-3.0,0.5365889642960877,240,13,0.0,46.76071428571387,2.0,1.9712289009394233,1.8829909111698062,-0.20649827760021006,1.171003717468998,1,PIVOT_SCALP,SELL,48803.7,48895.88,48619.35,2024-04-09 13:15:00+05:30
4,53.28355121821206,-0.4040888334977152,0.14329421803448059,1,0.2850381877022665,0.4737551908661076,2.6537286511573392,0.5281249999988694,0.23854166666626064,0.23333333333278658,1.0438834951456428,0.4447391688763163,1.2222307989194128,-2.0,0.7023849512930143,120,11,0.0,45.982142857142335,2.0,1.7506407766991485,1.89421359222888,0.5473830515310053,1.2361576100920943,0,PIVOT_SCALP,SELL,48878.35,48958.85,48717.35,2024-04-10 11:15:00+05:30
4,41.38457103677739,0.15181261173648344,-0.6599093304125336,-1,-0.5132051363955635,0.44082119898764666,4.777973508476414,0.4962216624659771,0.0,0.5037783375289852,0.39058327477157667,0.7474747474726008,0.6242439840432592,2.0,0.3357894736840825,105,11,0.0,50.82142857142909,2.0,0.9283907238228836,1.5957835558646998,-0.8117219421474198,0.5718813022166817,1,PIVOT_SCALP,BUY,48693.35,48646.17,48787.71,2024-04-12 11:00:00+05:30
4,42.86581667904328,0.26942237219613513,-0.4924335602272563,-1,-0.3619738537454333,0.5085142896091515,4.170448188836886,0.4792626728086474,0.17972350230341042,0.341013824883334,0.46208837173923073,0.4962216624659771,0.39058327477157667,3.0,0.3642105263156464,110,11,0.0,46.960714285714594,2.0,1.081671610008387,1.4576013385016537,-0.7618559324217691,0.6703738029017384,1,PIVOT_SCALP,BUY,48701.45,48650.65,48803.04,2024-04-12 11:05:00+05:30
4,37.02319342197233,0.5106859366290187,-1.0916110920921749,-1,0.8544565599213048,0.49784469876305637,11.96526969131732,0.6860189573443243,0.27962085307999435,0.034360189573311696,0.762371765920318,0.5285451197033121,0.4651248164464206,4.0,0.3644273284837042,85,10,1.0,55.35357142857226,2.0,1.5362216917220175,1.6493967352702914,-1.602297028718299,0.9811671704231202,1,PIVOT_SCALP,BUY,48032.7,47947.66,48202.77,2024-04-15 10:40:00+05:30
4,47.72762471297935,1.3522776386089825,0.4334058736600289,-1,2.1293105986982646,1.1767865430077709,3.2686798202818252,0.7712550607277389,0.12213225371107793,0.10661268555983364,1.3747680890537657,0.39999999999903024,0.8788419319429076,7.0,0.5866495507058653,100,10,0.0,53.90000000000042,2.0,1.7957328385899838,3.088126159549059,-0.9188717649472488,1.7054085155311391,0,PIVOT_SCALP,BUY,48110.6,48013.81,48304.18,2024-04-15 10:55:00+05:30
4,46.1317551038755,0.6467395540236145,-0.021558952115699765,-1,1.2907720171075114,0.8445530089535336,3.687660137684802,0.7354497354479517,0.038359788359614316,0.22619047618978844,0.6928515318145285,0.6794380587466057,0.6831609123769331,2.0,0.8836113837091666,95,10,1.0,54.55714285714306,2.0,1.2941607750720554,1.9777428646206412,-0.6682985061380893,1.0815450643744629,0,PIVOT_SCALP,BUY,47541.65,47471.04,47682.86,2024-04-16 10:50:00+05:30
4,43.46263237568502,0.14020074721128664,-0.5738027112050842,-1,-0.2782064311837313,0.3320904648991913,3.831554229887247,0.8189473684193591,0.1073684210523749,0.07368421052616066,1.2413664364382613,0.524709302323907,0.9243761996161362,2.0,0.5968596663392972,175,12,0.0,38.26428571428706,2.0,2.0038641030427335,2.55852156056821,-0.7140034584145049,1.1880940470204882,1,PIVOT_SCALP,BUY,47468.6,47391.92,47621.95,2024-04-16 12:10:00+05:30
4,61.43195123349735,0.1985874344283887,1.2637354386261785,1,-1.1975190675412144,0.7601683764404304,6.704942591665798,0.9409282700412853,0.0,0.059071729957777,1.5423790093487304,0.5373711340192565,0.6100628930817014,-2.0,0.2730708035002934,15,9,0.0,69.14642857142773,2.0,2.1456587986157207,4.57290429212707,1.0651480041962496,0.9990632318492084,1,PIVOT_SCALP,SELL,47647.0,47795.36,47350.27,2024-04-18 09:30:00+05:30
4,53.191523503876056,-0.2477393353074991,0.17472189538349672,1,0.40225362519628016,0.5602126461282297,4.479943257109152,0.4092827004210956,0.3206751054844843,0.2700421940923104,0.9193682460515531,0.6395348837196372,0.9437753865886562,-2.0,0.5122787762380226,170,12,0.0,51.55714285714358,2.0,1.3015793848710508,1.7533942920441201,0.42246123069017644,1.1666256460714852,1,PIVOT_SCALP,SELL,47652.0,47719.11,47517.79,2024-04-18 12:05:00+05:30
4,45.212280381066144,0.4293701246542646,-0.20667015552853552,-1,0.9764493954865665,0.4967991902749528,4.358169641785902,0.5983895319571023,0.034725717161559574,0.3668847508803315,0.7246535375638108,0.46311475409776626,0.5401644528779027,3.0,0.9851385727671671,50,10,1.0,137.1000000000001,2.0,1.377899343544829,1.471188913200947,-0.6360402801823363,0.8778052659472679,1,PIVOT_SCALP,BUY,46946.95,46758.04,47324.77,2024-04-19 10:05:00+05:30
4,63.3848105096522,0.2727707425340446,1.5370812001402834,1,4.903214624558163,0.7730365551694942,5.306815046349232,0.5319540229880032,0.18850574712626345,0.2795402298848138,1.192340825436603,0.6784753363222745,1.2496997838443695,-2.0,0.85035817285321,300,14,0.0,91.20714285714295,2.0,1.8635680162894577,2.8764194533604424,1.2643104576048525,1.064402466476401,0,PIVOT_SCALP,SELL,47493.1,47663.07,47153.16,2024-04-19 14:15:00+05:30
4,55.52884645022379,-0.5350021558239691,0.27250147778269834,1,0.47297683085455183,0.42441939751933394,3.6769113456462508,0.4607250755273292,0.20241691842831244,0.33685800604133714,0.9775340153991405,0.6042402826832637,0.8341930729551004,-2.0,0.7351089588374305,120,11,0.0,33.86071428571553,2.0,1.204524839151923,1.9447315683940998,0.8075036336042828,1.0298693217142083,0,PIVOT_SCALP,SELL,48180.5,48221.29,48098.93,2024-04-24 11:15:00+05:30
4,47.514557530855186,0.31613445697288856,-0.15303793659659387,-1,1.4917145179475482,0.40283358497134986,3.6119844545442223,0.6495515001542475,0.1271265078873493,0.22332199195778465,1.7801463069299466,0.9591947769304041,1.127656777247066,2.0,0.9492404594291775,15,9,0.0,90.80714285714203,2.0,2.243003225045249,5.1846141744614505,-0.46917239356896573,1.193341207735726,1,PIVOT_SCALP,BUY,48121.5,47917.82,48528.86,2024-04-25 09:30:00+05:30
4,56.35043873181373,0.7280655842159272,0.6896609894037482,-1,1.3421862072321933,0.7133365225273867,3.29186041980055,0.6750509857230725,0.09381373215488512,0.2311352821206827,0.7517155789166543,0.7942008486552241,0.7173763362927734,2.0,0.9855934857498696,45,10,0.0,97.84285714285787,2.0,1.701036647685761,1.6715578916613254,-0.03840459481213972,1.0972698791569635,1,PIVOT_SCALP,BUY,48209.25,48042.82,48542.12,2024-04-25 10:00:00+05:30
4,61.07262615148781,0.2616145282139682,1.2331203425349253,1,-0.993437294091762,0.7628888168187513,7.001328829143702,0.7390761548055462,0.16791510611720123,0.09300873907600404,0.9851965736876543,0.8081743869201159,1.1673558413232092,-3.0,0.3199744191002771,20,9,1.0,81.30357142857194,2.0,1.9264880298704132,4.7636283768885015,0.9715058143197621,0.7747364348575336,1,PIVOT_SCALP,SELL,49448.25,49604.88,49134.99,2024-05-03 09:35:00+05:30
4,35.31580396785621,-0.10493437675420186,-1.412393944894371,-1,-3.5742311879266198,0.2761598036024934,6.1109460911004945,0.6274848746748674,0.10198789974056015,0.2705272255828439,0.7800250409322769,0.6377590176505131,0.8620575587165238,2.0,0.13648144636194934,160,11,0.0,74.1642857142854,2.0,1.3654338823076062,1.8856785129513127,-1.307459568138406,0.8524904214546719,1,PIVOT_SCALP,BUY,48924.75,48823.48,49127.28,2024-05-03 11:55:00+05:30
4,36.963348088753804,0.19500276368809238,-1.0517052133279925,-1,-3.624841694729785,0.38720595062926544,4.5144692863401525,0.4806201550379327,0.3118001722647107,0.2075796726956339,1.0818690095847125,0.54200230149457,0.7816756617836774,2.0,0.09885260370696218,180,12,0.0,53.65714285714317,2.0,1.1595047923323252,1.9904153354594563,-1.2467079770137615,1.0985995457965951,0,PIVOT_SCALP,BUY,48308.8,48246.58,48433.23,2024-05-07 12:15:00+05:30
4,63.17378427091149,1.6472084335670985,1.9254510259207194,1,-0.1354228390248062,1.2050693350916672,3.5483390701468243,0.6843749999989761,0.2898437499994789,0.025781249999982454,1.2341597796143002,0.3606247042117296,2.10248756218904,5.0,0.27043554224382443,260,13,0.0,51.8571428571439,2.0,2.3137741046831533,3.193388429745816,0.27824259235308435,1.0007818608271848,0,PIVOT_SCALP,BUY,48438.9,48318.91,48678.87,2024-05-07 13:35:00+05:30
4,36.49033828316327,-0.4256410287499441,-1.6950726935022935,-1,-3.1209009208511107,0.24285036999753376,7.45453001487073,0.43768115941961333,0.17898550724620177,0.3833333333327356,1.0695897691413454,0.3896529142103681,1.1291992393830352,2.0,0.14959839357426277,135,11,0.0,64.51071428571387,2.0,1.4858163095830477,2.9049438077792926,-1.2694316647503816,1.0198049068858621,1,PIVOT_SCALP,BUY,47750.45,47654.6,47942.15,2024-05-09 11:30:00+05:30
4,54.915669064348876,1.1526422250670378,0.9541399520286801,-1,-0.3767318433902828,0.9212312306886374,3.7026783210374434,0.6409722222213522,0.19652777777742397,0.16249999999983494,1.2355969600392098,0.551333872270723,1.0454572894657073,2.0,0.3944946452475922,180,12,0.0,58.2714285714293,2.0,1.6925471929395304,2.0756312821733665,-0.19850227303801718,1.4504431909720725,0,PIVOT_SCALP,BUY,47896.8,47798.17,48094.05,2024-05-09 12:15:00+05:30
4,35.908520485831616,0.00931539828240862,-1.3075068317768883,-1,-1.0214653460602423,0.3469102331393066,7.728697057446124,0.6847290640383021,0.00821018062396103,0.3070607553360947,0.9703522449211076,0.6319095477370961,0.6405702132552122,2.0,0.15124690652956696,90,10,0.0,62.76071428571335,2.0,1.3659193080292935,1.6969214135294446,-1.3168222300571988,1.1626575028613835,1,PIVOT_SCALP,BUY,47062.7,46976.97,47234.15,2024-05-13 10:45:00+05:30
4,41.164977858472284,0.5101757861594296,-0.6572062602465307,-1,-0.39149565865037167,0.45126895838039177,6.455479308293276,0.4337202199139555,0.1771533292606297,0.389126450824193,1.347562768271878,0.6847290640383021,0.9703522449211076,3.0,0.22387207310103846,95,10,0.0,60.73928571428509,2.0,2.0361439407303057,2.174869171514028,-1.1673820464040383,1.3308943089409333,1,PIVOT_SCALP,BUY,47100.85,46977.18,47348.2,2024-05-13 10:50:00+05:30
4,56.96812891052733,-0.17041973350123768,0.6655026174394775,1,-1.328919794246539,0.6765348804363209,5.830742307301717,0.44150943396145853,0.08113207547159994,0.4773584905650547,0.7068012954848523,0.7331975560076707,1.9660596815711087,-3.0,0.10552659019806082,20,9,0.0,74.9857142857145,2.0,2.3937702419508513,4.104781863206593,0.8359223509396003,0.5649717514118324,1,PIVOT_SCALP,SELL,47787.45,47966.95,47428.45,2024-05-16 09:35:00+05:30
4,47.58514365380579,0.49594132458908374,-0.06812955068871879,-1,-1.7554809816367183,0.4453084609675989,5.031213573581955,0.5060379528458561,0.43990799309895445,0.05405405405403938,1.1977762471711761,0.3515709642467036,1.296738585047615,5.0,0.20111858514092995,280,13,0.0,72.59285714285683,2.0,1.867391518252566,2.294302863324647,-0.5640708752770255,1.1317193804489243,1,PIVOT_SCALP,BUY,47473.4,47337.84,47744.52,2024-05-16 13:55:00+05:30
4,59.04717778259509,1.2446737063848776,1.3993244250589296,1,1.7076987128744863,1.0443366744359166,3.6816782184751067,0.6223404255305908,0.37765957446728154,0.0,1.1575336441199962,0.7537190082620674,0.7274132600481061,2.0,0.7302812071328272,120,11,0.0,40.6035714285707,2.0,1.45825490368555,2.7485266953931946,0.1546507186736712,1.123864179815589,1,PIVOT_SCALP,BUY,48140.05,48080.84,48258.47,2024-05-21 11:15:00+05:30
4,59.56631811456486,0.8591539468374366,1.3634312600153733,1,1.973984176542442,0.871684330586952,5.562513871299454,0.531585220499435,0.2729439809289771,0.19547079856920407,1.1829992949944028,0.510638297870634,0.773662551440256,2.0,0.7688614540463944,145,11,0.0,35.46071428571356,2.0,1.3055594722530606,1.528452009261426,0.5042773131765147,1.220541169621047,1,PIVOT_SCALP,BUY,48151.3,48105.0,48243.89,2024-05-21 11:40:00+05:30
4,40.90635587590436,0.3213147806363598,-0.5994102841995234,-1,-1.3333587327590652,0.4226481365015611,4.211146331944422,0.7025761124105805,0.03629976580777775,0.26112412177929983,0.8825570236952059,0.6627906976726687,0.7864141084259325,2.0,0.14404576183044326,150,11,0.0,48.38214285714379,2.0,1.426935852956459,1.6224994463685056,-0.9207250648339801,0.9135643987998487,0,PIVOT_SCALP,BUY,47702.55,47633.51,47840.63,2024-05-22 11:45:00+05:30
4,43.75784934703296,0.5060015254614991,-0.24608064775537322,-1,-0.9561428916244069,0.5216789870907086,3.8111231200172213,0.44930629669053057,0.3201707577367865,0.23052294557054842,0.9498913830557173,0.7025761124105805,0.8825570236952059,3.0,0.17659906396250966,155,11,0.0,49.32142857142909,2.0,1.7189717595944323,1.9230992034717933,-0.7520821732153475,1.0231491592027808,0,PIVOT_SCALP,BUY,47718.2,47633.42,47887.76,2024-05-22 11:50:00+05:30
4,61.68896251397149,0.11333970993590614,1.0999723082435666,1,-0.06514220476144453,0.7328491586908732,5.859587934749387,0.6170212765948258,0.05775075987826917,0.3252279635253853,0.7954064672105838,0.5160256410245374,0.5314946258365743,-3.0,0.591020408163036,40,9,0.0,82.72500000000011,2.0,1.155908129344183,1.8875793291001812,0.9866325983064678,0.9577874818034711,0,PIVOT_SCALP,SELL,49196.05,49291.67,49004.81,2024-05-27 09:55:00+05:30
4,62.053079483329405,-0.5117511367063106,0.7908266502692769,1,3.2517635757033663,0.6166737362088457,8.683665882428276,0.5818836232746569,0.06238752249539222,0.35572885422875106,1.3633602056314729,0.6942482341055501,0.8720301697046395,-2.0,0.7947772898367654,220,12,0.0,61.13571428571439,2.0,1.7406122210538848,2.625306694703027,1.3025777869734567,1.417999319493948,1,PIVOT_SCALP,SELL,49558.0,49664.41,49345.17,2024-05-27 12:55:00+05:30
4,51.96960598871808,1.2449942814292774,0.8127509401520887,-1,-0.47959630066376513,1.0593993564376063,2.293838356460504,0.7720207253875295,0.05625462620266846,0.17172464840832158,1.7469289738614635,0.7928221859681068,0.8693273905996683,2.0,0.2465652082011777,210,12,0.0,38.6678571428586,2.0,2.368033619654608,2.650780456259785,-0.43224334127607095,1.7240939254675909,0,PIVOT_SCALP,BUY,48666.15,48574.58,48849.28,2024-05-29 12:45:00+05:30
4,62.24729468312616,0.2537527922652898,1.2621125695829298,1,2.776322990557345,0.7414656597990738,5.140823169859218,0.8188153310084956,0.16376306620176673,0.017421602787414798,0.6939950486499485,0.40863612427543955,1.5241644212579042,-2.0,0.8155266757864841,285,14,0.0,62.03214285714213,2.0,2.273872992112372,4.489607922152985,1.0083597773160144,0.5136005726551145,1,PIVOT_SCALP,SELL,48909.75,49050.8,48627.64,2024-05-30 14:00:00+05:30
4,54.98066971524161,-0.49319101244319796,0.34870891862596104,1,1.8473282639755755,0.5477969184562076,4.4597362806786895,0.7703206562255359,0.2296793437729727,0.0,1.0720036544281928,0.8188153310084956,0.6939950486499485,-3.0,0.7412448700409362,290,14,0.0,62.54642857142816,2.0,2.1760577856450762,3.5605550162679096,0.8418999310678129,0.8722518537779974,1,PIVOT_SCALP,SELL,48855.45,48991.55,48583.24,2024-05-30 14:05:00+05:30
4,57.92527542258077,-0.6614610102447072,0.3108701090856304,1,1.8440628328008364,0.4579330859304295,5.0279320302712,0.6267857142849854,0.02321428571422343,0.34999999999960063,0.9392971246006445,0.7301161751557016,1.2580606303955266,-2.0,0.7356104084247239,205,12,0.0,89.4285714285709,2.0,1.8639776357827678,2.0927316293906597,0.9723311193292503,1.087801087799683,0,PIVOT_SCALP,SELL,50752.75,50919.44,50419.36,2024-06-03 12:40:00+05:30
4,46.98850905798768,-1.359146445369096,-0.9543238521708151,1,1.043145334998667,-0.061579405592374396,2.5536965767808084,0.9681190223159989,0.0,0.03188097768329271,1.6845829248540367,0.43773234200651645,0.6893963662990653,-3.0,0.7118181311639047,260,13,0.0,83.7892857142854,2.0,2.3598354716337857,2.3553130727562275,0.4048225931977978,1.5721764312747135,0,PIVOT_SCALP,SELL,50731.4,50929.13,50335.94,2024-06-03 13:35:00+05:30
4,35.345769667028634,0.03640256767956988,-1.340324699834712,-1,-1.8361041280469614,0.2753102689703973,6.46010430576352,0.8472286911968612,0.10768514205867188,0.04508616674428054,1.439504233554271,0.40058195926274603,1.1959937441092137,2.0,0.28037138948241236,125,11,2.0,372.87142857142834,2.0,1.8646833454656986,3.186621202251927,-1.3767272675139128,1.0526573838005389,0,PIVOT_SCALP,BUY,48326.35,47631.06,49716.92,2024-06-04 11:20:00+05:30
4,60.931011300459055,1.4143677586808534,1.6427440911134703,1,-0.06129193420333881,0.9978114212954827,4.815432239678397,0.7181682002994434,0.13043013053709526,0.15140166916324743,1.1849557602267597,0.9287339801171564,1.0131315495228372,2.0,0.4238320404427697,275,13,2.0,394.36071428571347,2.0,2.486013530035066,2.8924027132512844,0.22837633243255903,1.3497978047367438,0,PIVOT_SCALP,BUY,48022.9,47042.51,49983.67,2024-06-04 13:50:00+05:30
4,64.17400716825321,-0.016798521203800036,1.2449122973370634,1,1.8378916016601108,0.644870413387646,9.296532399231188,0.4137931034474605,0.1477832512312359,0.43842364531933314,0.7327764026402651,0.3978494623647358,0.6242807825086288,-2.0,0.8602742281501966,105,11,0.0,69.25714285714275,2.0,0.8630981848184988,1.606332508248508,1.2617108185390418,1.0229792380547993,1,PIVOT_SCALP,SELL,50158.5,50218.28,50038.95,2024-06-12 11:00:00+05:30
4,61.2293279139624,-0.27042426065731295,0.9351068266853115,1,1.591954064860128,0.5933905172779571,9.141190369270491,0.4475201845432544,0.3737024221445799,0.17877739330985887,0.6779869295648591,0.4137931034474605,0.7327764026402651,-3.0,0.822124801790728,110,11,0.0,63.9392857142853,2.0,1.2362341507009325,1.6124671842682585,1.205531087340739,0.9573763250862173,1,PIVOT_SCALP,SELL,50138.05,50217.09,49979.96,2024-06-12 11:05:00+05:30
4,50.17642460931752,-0.2794414646585275,-0.01458786969207283,1,-0.9314769975786454,0.5566666378156649,3.393108122640996,0.5329249617143654,0.24655436447125836,0.22052067381284474,0.6324455205811388,0.7102017937211837,0.8689722357525254,-4.0,0.06483565961276481,25,9,1.0,103.25000000000053,2.0,1.430750605326855,2.1510895883756156,0.26485359496619815,0.9247981872243293,1,PIVOT_SCALP,SELL,49978.75,50126.48,49683.3,2024-06-13 09:40:00+05:30
4,51.26268766568439,-0.5415595728974798,-0.05865913838020603,1,-0.2698825911463382,0.5331218610891615,4.575590850931143,0.7631874298524581,0.22895622895567214,0.007856341189624994,0.4920127795526697,0.37113017530743614,1.4788810086682749,-3.0,0.5687689421271281,65,10,0.0,90.54642857142815,2.0,1.6428548889677157,1.7167988009290165,0.4829004345167404,0.6769487919758173,0,PIVOT_SCALP,SELL,50097.25,50246.0,49799.74,2024-06-18 10:20:00+05:30
4,44.03777909011517,0.04876916543350256,-0.4445769282865569,-1,-1.3928212074303465,0.3114534492342402,3.2314730010241552,0.42987606001243933,0.3763861709062966,0.1937377690799594,1.0382159442724523,0.49832589285657053,1.2605134904286401,2.0,0.21179870312937482,245,13,0.0,73.82857142857236,2.0,2.1351199690402636,3.1160023219772035,-0.49334609371939125,0.8636619718300008,1,PIVOT_SCALP,BUY,51375.2,51217.57,51690.47,2024-06-21 13:20:00+05:30
4,56.63502129817983,-0.6279130062819223,0.28246206020240544,1,4.149185108496808,0.4316816462612701,3.7326495456566793,0.4879081015714444,0.12636033857297244,0.38573155985437396,1.1539918269709517,0.8158347676405125,0.7802023883746365,-2.0,0.8406661964953185,305,14,0.0,71.66428571428592,2.0,2.0689026213496233,2.4140336888234954,0.9103750664830573,1.3001100455882442,0,PIVOT_SCALP,SELL,52522.45,52670.72,52225.92,2024-06-25 14:20:00+05:30
4,50.2811507829252,-0.42377489497423093,-0.07713776234623174,1,0.42221676422835064,0.49691365032551305,3.0638052893145766,0.4816849816843494,0.06593406593400203,0.4523809523804275,1.408080559990183,0.4962546816470648,0.9581544376801173,-2.0,0.5457314259343735,205,12,0.0,58.16428571428644,2.0,1.510659462114633,2.3657128822260143,0.3466371326274032,1.3886063072204509,1,PIVOT_SCALP,SELL,52934.65,53022.52,52758.92,2024-06-27 12:40:00+05:30
4,46.23656472128807,0.6521806492862644,-0.062018187092745515,-1,-2.617659596516214,0.5410750146390716,4.5498407838471,0.44995140913466725,0.3649173955292382,0.1851311953351227,1.3740938573064083,0.4897828863339482,1.0519144036081542,2.0,0.25881967749853224,265,13,0.0,74.88571428571335,2.0,1.5582220526517203,2.1359214040413934,-0.7141988363780561,1.4801495972361027,1,PIVOT_SCALP,BUY,52577.55,52460.86,52810.93,2024-06-28 13:40:00+05:30
4,59.43872266253683,1.4517102232506143,1.4372033008897946,-1,-0.7982390390251243,1.1524848423536544,3.245786563362042,0.6947904869753911,0.07191392978472416,0.2332955832387521,1.210833047651749,0.8200692041514568,1.4128504439787837,2.0,0.4607514119668586,290,14,0.0,72.92499999999927,2.0,2.3303736715804777,2.674665752481829,-0.014506922360799741,1.2747221019182302,0,PIVOT_SCALP,BUY,52700.9,52530.96,53040.79,2024-06-28 14:05:00+05:30
4,40.644805808522804,-0.1707029676198709,-0.9956752743054562,-1,-1.6834612727726121,0.2677443132805036,4.911206413096638,0.42970123022765366,0.4639718804912897,0.10632688927929917,0.830310610798423,0.6011904761894559,0.9910982354490879,2.0,0.18342734876480557,165,12,0.0,68.52857142857258,2.0,1.3629768605378128,4.159578903475139,-0.8249723066843815,0.6687823225191984,0,PIVOT_SCALP,BUY,52198.75,52105.35,52385.56,2024-07-02 12:00:00+05:30
4,47.675844578599346,0.808135661898337,0.05271399756941296,-1,-1.6929365706013817,0.5840319861309484,3.674836264017755,0.6041586445893967,0.21524836349620016,0.1805929919136331,2.050532964863883,0.392390011889714,0.7235742379546951,3.0,0.18177446501560435,235,13,0.0,63.32500000000021,2.0,2.4876825898143444,2.8290564547922297,-0.7554216643277311,1.8713071047675034,0,PIVOT_SCALP,BUY,52147.85,51990.32,52462.91,2024-07-02 13:10:00+05:30
4,59.68540518464077,-0.6541632151386213,0.6500158670118452,1,-0.11879764267052498,0.22341038232640864,3.00379596029495,0.49175412293774945,0.18440779610172423,0.32383808095902705,0.9112911095930081,0.5166444740332433,0.5073344914109617,-3.0,0.728958077643473,115,11,0.0,73.19285714285745,2.0,1.5222699326631934,1.9455450375692265,1.3041790821486847,1.0540455120083971,0,PIVOT_SCALP,SELL,53046.9,53158.32,52824.06,2024-07-03 11:10:00+05:30
4,57.71570935138428,-0.03832984939877083,0.6318673304618344,1,0.8848861533509707,0.6776692925846745,2.764138106467429,0.542997542996212,0.3169533169525966,0.14004914004873445,1.031498913830481,0.3902439024377553,0.7334525939177048,-2.0,0.8005942768553975,205,12,0.0,39.45714285714296,2.0,1.1530412744388663,1.8969949312046033,0.6701971798589067,0.9148123173725513,0,PIVOT_SCALP,SELL,53102.35,53147.85,53011.36,2024-07-03 12:40:00+05:30
4,35.74770815314706,0.34316046609746703,-1.2666644465769143,-1,0.27987729572522707,0.3873645696612485,13.781814656437557,0.7074829931966372,0.1841269841268435,0.10839002267561225,1.2298314808174802,0.35839843749929196,0.4162480764205174,2.0,0.31811292156112875,70,10,1.0,89.64642857142982,2.0,1.4246484203816419,1.5510935819272873,-1.6098249126725857,1.6717210007555785,1,PIVOT_SCALP,BUY,52457.95,52330.24,52713.38,2024-07-05 10:25:00+05:30
4,56.337731275247705,1.0956563291933836,1.3236722261086247,1,2.9863332287427564,0.8407711986546823,7.538607507991324,0.4983783783773637,0.2616216216210245,0.2399999999994496,0.927849824460846,0.44933469805423826,0.8976832709852107,5.0,0.6791398256914212,140,11,0.0,49.84642857142847,2.0,1.1953643333093662,2.423443433397649,0.22801589691478363,0.978835978833877,0,PIVOT_SCALP,BUY,52648.5,52588.92,52767.67,2024-07-05 11:35:00+05:30
4,42.82054529663106,-0.07548539436809486,-0.8950146802860761,-1,-1.5907059666167847,0.27717262871375553,5.865948665691113,0.6448598130834208,0.1635514018689706,0.19158878504644042,1.4927752864972288,0.5981735159802632,0.7880735124020514,2.0,0.2655773686135206,155,11,0.0,57.34285714285735,2.0,1.999103139013488,2.5504484304888164,-0.819529285916552,1.3179368745167797,0,PIVOT_SCALP,BUY,52409.65,52295.02,52638.92,2024-07-08 11:50:00+05:30
4,50.88451489225522,0.7174854029992191,0.35797770851648897,-1,-0.87120368624104,0.7122276430773977,2.97694978010749,0.6928406466496235,0.14434180138533823,0.16281755196272873,0.7621801722512488,0.5377128953758042,0.7230005654331472,6.0,0.35251023486310823,220,12,0.0,56.81071428571522,2.0,1.3207204375433599,1.7153454453984247,-0.3595076944820973,1.0895822848488423,0,PIVOT_SCALP,BUY,52410.3,52335.27,52560.36,2024-07-08 12:55:00+05:30
4,47.81503021407074,0.4495782286145291,0.0944260875260991,-1,-0.9163990083218735,0.7666866769606275,1.6317821911686599,0.5752773375575991,0.1917591125192766,0.23296354991995472,0.9206878582595811,0.6461916461901762,1.1835081524560267,2.0,0.1848525171878017,215,12,0.0,34.267857142857665,2.0,1.6612298071911715,1.7815528921261772,-0.35515214108739357,1.0044571792392023,0,PIVOT_SCALP,BUY,52161.25,52104.32,52275.1,2024-07-10 12:50:00+05:30
4,52.371736909098914,0.7093243725647511,0.4826249993372607,-1,-1.0056410392224517,0.7908238695630616,2.020331351973772,0.4567757009336268,0.2301401869153396,0.31308411214869714,1.382875605815728,0.4399092970511316,1.4763271162125693,2.0,0.14523599470662507,300,14,0.0,30.949999999999168,2.0,2.227625201938661,2.445880452334557,-0.22669937322675796,1.1729240887881343,1,PIVOT_SCALP,BUY,52141.25,52072.3,52279.14,2024-07-10 14:15:00+05:30
4,38.27627751054308,0.11820648186124298,-1.0364927765959597,-1,-2.228332824486618,0.3498665701277086,9.75551291857495,0.5608170844928844,0.06035283194046523,0.37883008356479336,0.7124362124361951,0.45566502462978276,0.7321911632101185,3.0,0.15771683183526888,125,11,0.0,75.58571428571408,2.0,1.4580608580608605,1.4010584010565705,-1.154699258455675,0.9374999999983521,1,PIVOT_SCALP,BUY,51852.1,51741.89,52072.52,2024-07-11 11:20:00+05:30
4,47.22558505672366,0.45650566119135655,-0.07107833875979366,-1,-1.6147292657610006,0.7373330152732085,2.8140966417956803,0.6519465427069866,0.2730970366063205,0.07495642068553075,1.4840776101015836,0.5968222442887153,0.8844971453666963,2.0,0.2049627410309284,175,12,0.0,57.98214285714182,2.0,2.0747459193101734,2.6318447797922184,-0.5275839999502403,1.1317900828604994,1,PIVOT_SCALP,BUY,51882.85,51762.55,52123.45,2024-07-11 12:10:00+05:30
4,63.43719270716088,0.6728183202136003,1.8244389218943928,1,2.3156885256287962,0.8063386022623658,7.109768610653457,0.4335620711161468,0.15034310667475329,0.4160948222078522,0.8531457897737453,0.3685714285708397,0.7353217032451658,-3.0,0.7082130253447676,120,11,1.0,93.94642857142857,2.0,2.0362098460368974,5.755939935367376,1.1516206016795667,0.695806927684035,1,PIVOT_SCALP,SELL,52612.65,52803.94,52230.06,2024-07-12 11:15:00+05:30
4,59.419572360019004,0.0907162533626643,1.1115986190830935,1,1.6240871834309785,0.7196624855398067,6.953059475899477,0.5405105438395541,0.24084350721399148,0.21864594894534453,0.9238656754678148,0.4335620711161468,0.8531457897737453,-4.0,0.624558870708911,125,11,1.0,97.52499999999989,2.0,1.4975903614458386,3.2976159958951694,1.0208823657193826,0.844898724680369,1,PIVOT_SCALP,SELL,52560.5,52706.55,52268.39,2024-07-12 11:20:00+05:30
4,40.71012883301817,0.0811030119043786,-0.7880811215631598,-1,-1.7796968964482058,0.32999404564127455,7.117653698393065,0.6138613861369642,0.0,0.3861386138605605,0.5859318346628228,0.7607802874727263,0.6691201727267932,2.0,0.2253324002798645,160,11,0.0,68.94999999999969,2.0,1.216751269035492,1.8723712835361734,-0.8691841334662778,0.8206378224643338,1,PIVOT_SCALP,BUY,52281.35,52197.46,52449.14,2024-07-18 11:55:00+05:30
4,58.38953070188695,1.5918623051311944,1.251894749491841,-1,0.42373774826497573,0.7576224306975964,5.232219485621983,0.7501921598764383,0.06533435818596128,0.18447348193683186,1.841844473657576,0.857657657656086,0.8391834971379186,5.0,0.5182445266418965,175,12,0.0,70.63571428571439,2.0,2.4295580948528452,3.2844574780012104,-0.33996755563887204,1.9856532356502359,1,PIVOT_SCALP,BUY,52427.85,52256.24,52771.08,2024-07-18 12:10:00+05:30
4,37.14988281011381,-0.4387413563806511,-1.3139747724308777,-1,-1.4288550099763604,0.19859016337273455,4.459706269891324,0.41659951651822197,0.20709105560007265,0.37630942788009375,0.8710518399679643,0.3697619845790589,2.0337976039738375,2.0,0.3579293903960936,110,11,0.0,71.23571428571346,2.0,2.313075303318917,3.759350245657996,-0.8752334160489978,0.688679245282298,0,PIVOT_SCALP,BUY,52303.95,52139.18,52633.5,2024-07-19 11:05:00+05:30
4,40.83473003357991,-0.44965956238570204,-1.1136453129114023,-1,-2.1003805231574475,0.1771981452163846,3.142338121889847,0.4167636786950101,0.27823050058149773,0.3050058207211639,0.8933957358295105,0.45211389128472657,1.1472002262444232,2.0,0.26200476785099047,205,12,0.0,48.07500000000073,2.0,1.3792511700468355,3.65886635464655,-0.6639857505243191,0.7126265140191186,0,PIVOT_SCALP,BUY,52261.7,52195.39,52394.32,2024-07-19 12:40:00+05:30
4,50.53279359039748,0.6985014257283171,0.36724092791671736,-1,-1.7252047419262735,0.6734963813720307,4.4398531883774845,0.4260471204183205,0.1210732984291586,0.452879581151212,0.5429166032181175,0.5719298245607516,0.5933673722302057,4.0,0.3648435554817508,285,14,1.0,140.7214285714295,2.0,1.3904928683822861,1.6632150652239435,-0.33126049781136435,0.7801490860811111,1,PIVOT_SCALP,BUY,51782.25,51586.58,52173.59,2024-07-23 14:00:00+05:30
4,55.02680616401909,1.1686191051223325,1.0121289647324072,-1,-1.0584233245748444,0.7981623886301353,4.84209753535076,0.6526986255442999,0.14146832048267832,0.20583305397235138,1.1116375638841622,0.4260471204183205,0.5429166032181175,5.0,0.44592912274873464,290,14,1.0,134.1714285714292,2.0,1.4941120102214236,2.5474872231667653,-0.1564901403898085,1.3146760687516086,0,PIVOT_SCALP,BUY,51879.95,51679.48,52280.88,2024-07-23 14:05:00+05:30
4,51.71601615700882,1.322675307690523,0.7111076848350014,-1,-1.9765990694144238,0.762422676405297,4.228995538887527,0.7366515837099541,0.10799396681743986,0.1553544494720028,1.668224299065403,0.6096794468879605,0.8629319696265532,4.0,0.27438814201997036,235,13,0.0,99.3571428571439,2.0,2.2306973400431276,2.5654924514711657,-0.6115676228549062,1.7721586656668415,1,PIVOT_SCALP,BUY,51102.65,50881.01,51545.92,2024-07-24 13:10:00+05:30
4,51.99839557259069,0.3131460890831287,0.3287470395956289,1,-0.7552137260858967,0.5787889155985343,4.802170326360592,0.6634699215338634,0.16521360069730645,0.17131647776795833,0.896043747558708,0.47483296213768755,0.891176137008052,3.0,0.3353584970699478,310,14,1.0,128.00714285714275,2.0,1.500703085765347,1.679984375870594,0.015600950512488068,1.2795626952238734,1,PIVOT_SCALP,BUY,51173.4,50981.3,51557.6,2024-07-24 14:25:00+05:30
4,41.0502248210865,0.3524173384709514,-0.9090664200002789,-1,-0.07495351830127993,0.42245767336253726,11.007635971093992,0.5775054073532228,0.09372746935819413,0.3287671232871411,0.7854860240281313,0.3866146848598111,0.8670771459615672,4.0,0.29773644105775354,85,10,2.0,88.28928571428644,2.0,1.4467092755147342,1.6746086323349527,-1.2614837584698015,0.9068915914725789,1,PIVOT_SCALP,BUY,50692.75,50565.02,50948.21,2024-07-25 10:40:00+05:30
4,46.613943071021566,0.7791623165580658,-0.03186872903213927,-1,0.6661015751923839,0.696997699005802,4.10677034861959,0.49773345421480675,0.3028105167719609,0.1994560290114191,0.7345987345987469,0.6590584878734971,0.9239749564562175,2.0,0.42626624831904014,105,11,0.0,75.07500000000073,2.0,1.4166833166832797,1.9147519147493457,-0.8110310455891248,0.8480701214811073,1,PIVOT_SCALP,BUY,50750.1,50643.74,50962.81,2024-07-25 11:00:00+05:30
4,50.84858914961902,-0.8668324810470435,-0.21492401649582493,1,-1.6554443704534092,0.474327756940161,7.6085922588496535,0.4632670700077784,0.3837510803797156,0.15298184961077735,0.7963226979991043,0.8143133462272544,1.0420385833572823,-2.0,0.03829511034182073,50,10,0.0,72.64642857142773,2.0,1.4689592448749047,2.322206381197321,0.6519084645503213,0.8894526445250832,0,PIVOT_SCALP,SELL,51654.9,51761.61,51441.47,2024-08-01 10:05:00+05:30
4,55.249445148372544,-0.13223820925922208,0.4508040319942057,1,-0.8469331543698632,0.4847748059214086,6.832535348791927,0.5557251908379088,0.26870229007560426,0.17557251908343335,0.5769472757015299,0.41002570693991686,0.5522766453706817,-2.0,0.2842925140630423,70,10,0.0,56.76428571428499,2.0,1.0662765823581486,2.1236944758990655,0.5830422412524007,0.6361693861681648,0,PIVOT_SCALP,SELL,51711.75,51772.28,51590.7,2024-08-01 10:25:00+05:30
4,58.42081647070145,0.7825406103100583,1.3473894037880703,1,2.712739176233757,0.7839752265122174,6.213389103031084,0.4345603271975271,0.3047034764819117,0.26073619631851624,0.821552862114391,0.8110137672080179,1.1591109268950057,2.0,0.9668778481714106,145,11,0.0,59.52142857142826,2.0,1.7372254890196976,1.887555502216903,0.564848793477063,0.8548951048935303,0,PIVOT_SCALP,BUY,51522.8,51419.4,51729.6,2024-08-02 11:40:00+05:30
4,36.25143298658948,0.21095692296278676,-0.9784992391634543,-1,-2.26348751045772,0.43363651942171405,5.339791608267476,0.6729559748418882,0.0321453528999659,0.2948986722567483,0.7183219792039719,0.4206204379554676,0.5500627352572409,2.0,0.23768778258542422,170,12,0.0,99.60714285714286,2.0,0.9267479383291961,1.2569379705975627,-1.1894561621250468,1.0256594036682047,1,PIVOT_SCALP,BUY,49963.55,49871.24,50148.17,2024-08-05 12:05:00+05:30
4,39.003852321031616,0.4172352065451316,-0.6401539653786532,-1,-1.967415207559326,0.5182662117508211,4.775929000288991,0.4768656716410358,0.1440298507460754,0.3791044776113962,0.6931461296877887,0.6729559748418882,0.7183219792039719,3.0,0.2662744907384615,175,12,0.0,96.66071428571429,2.0,1.2561056715314638,1.2559394051344999,-1.0573891719226909,1.0131559050339995,0,PIVOT_SCALP,BUY,49992.95,49871.53,50235.78,2024-08-05 12:10:00+05:30
4,63.82564580030779,0.8676951235987407,1.8311521739838204,1,-0.6805583761254067,0.856616318478647,6.041640420912392,0.5304093567245088,0.4695906432743216,0.0,0.6945371203109993,0.5982674607468196,1.5201646090535208,-2.0,0.16424790848553336,15,9,1.0,123.10357142857227,2.0,2.0881632771475767,5.346717340214403,0.963457050384297,0.6152849740928126,1,PIVOT_SCALP,SELL,50444.05,50701.11,49929.93,2024-08-06 09:30:00+05:30
4,45.4155038396154,-0.3647435421619533,-0.6454090626732943,-1,-0.8028173037019144,0.1952296829476483,3.323009747423332,0.4945848375445223,0.187123947051558,0.31829121540271627,0.762335364654994,0.7430061640581668,0.9977022369398997,2.0,0.39190897597965757,60,10,1.0,109.00714285714223,2.0,1.3797326518576942,3.0988794967536397,-0.28066552051108357,0.6622041596934634,1,PIVOT_SCALP,BUY,49969.1,49818.7,50269.9,2024-08-08 10:15:00+05:30
4,51.94333991684488,-0.8102738243378956,-0.026903583172915368,1,1.5114282498260199,0.4749616015982495,4.401523283618113,0.7625779625773648,0.19209979209962025,0.04532224532218343,1.602951678171864,0.5778597785969545,0.9667719906227645,-2.0,0.7307534975045805,210,12,0.0,75.01785714285714,2.0,1.9922161390146147,2.2661271125892193,0.783370241163936,1.686299256763888,1,PIVOT_SCALP,SELL,50276.2,50425.65,49977.3,2024-08-08 12:45:00+05:30
4,46.84985736676872,-0.862516475798855,-0.7228392893982784,1,-0.9592029150420799,0.1712656590616488,2.9109222243236705,0.6098310291838951,0.16282642089051164,0.227342549922521,0.9801053876761727,0.4707412223654835,1.1475165209975717,-2.0,0.37877373171480044,210,12,0.0,33.210714285714594,2.0,1.8027637380362838,1.9255833960581892,0.13967718640015606,1.083916083912561,0,PIVOT_SCALP,SELL,50508.15,50568.02,50388.41,2024-08-09 12:45:00+05:30
4,51.56055890735444,-0.2554916098287945,0.07798775921123187,1,0.10556600943585308,0.5686365840280722,3.498560831666644,0.6490952006284488,0.07081038552310351,0.28009441384687406,1.455780086721668,0.37303785780178245,1.2935756334784165,-2.0,0.4821039526920381,275,13,0.0,43.65357142857101,2.0,2.1845946167062626,2.6378139572876425,0.3334793690392624,1.1829858525665986,1,PIVOT_SCALP,SELL,50541.35,50636.72,50350.62,2024-08-09 13:50:00+05:30
4,64.38028507758622,0.301451481981478,1.5547984946720934,1,3.1417176178865747,0.7323377670267588,10.039848832550632,0.41119860017463405,0.027996500437396432,0.5608048993870945,1.4490627546861674,0.6244041944696822,0.6286276859858381,-2.0,0.8492969781712347,130,11,0.0,78.87857142857163,2.0,1.329738295752969,2.0423797880984464,1.2533470126890265,1.5837605653295748,0,PIVOT_SCALP,SELL,50695.9,50800.79,50486.12,2024-08-12 11:25:00+05:30
4,57.26011279913525,-0.35957456896788087,0.5779725071843616,1,2.24834637354202,0.5945911218878254,7.975015570113894,0.5198744769863771,0.3859832635974932,0.09414225941403759,0.6424422790764056,0.4800569800555908,0.4638036809815727,-5.0,0.7578652994638794,145,11,0.0,74.40357142857154,2.0,1.1886574185186745,2.165218643495363,0.9375470761509823,0.7722132471715414,0,PIVOT_SCALP,SELL,50637.05,50725.49,50460.17,2024-08-12 11:40:00+05:30
4,37.99443939711502,0.09231560901537691,-1.0140831167973023,-1,-0.8050866446215242,0.3464824725752727,5.056078511468877,0.6156351791517843,0.1802388707921476,0.2041259500538965,0.6989754431614301,0.5661820964031248,0.9288796385603152,2.0,0.23763715617008507,95,10,0.0,65.88214285714223,2.0,1.2998698975443892,1.432102780937808,-1.1063987258109997,0.8609085810415273,0,PIVOT_SCALP,BUY,50305.65,50220.01,50476.93,2024-08-13 10:50:00+05:30
4,51.49404346687248,-1.1562329968477967,-0.3430565566170023,1,3.7304472113133746,0.40134695476434623,5.294026215214919,0.8676108374372726,0.09667487684723806,0.035714285714257735,1.352850172557488,0.4005736137660256,0.9137651316610983,-5.0,0.8145105662506011,315,14,0.0,60.02142857142878,2.0,2.1667618707604652,2.512436034745348,0.8131764402294395,1.5191768007455198,0,PIVOT_SCALP,SELL,50455.5,50585.55,50195.4,2024-08-16 14:30:00+05:30
4,58.698789165407625,-0.4713407870036237,0.6052042586296275,1,3.214842674984052,0.5025577406853906,4.016938394151647,0.4799999999987305,0.15272727272697303,0.36727272727187216,1.0595358224016231,0.507172995779661,1.5689426896160694,-2.0,0.8807647157469625,205,12,0.0,38.932142857142544,2.0,1.9262544720667962,2.215393083197703,1.076545045630486,1.056879323594517,0,PIVOT_SCALP,SELL,50923.8,50998.79,50773.81,2024-08-20 12:40:00+05:30
4,56.23414571167151,-0.4137632102288909,0.3155303217329002,1,3.1119877049179605,0.48440845303546015,2.7485074896724537,0.5613608748466973,0.014580801944035613,0.424058323206837,0.9837773224043966,0.4371395617061427,1.0731146671381426,-2.0,0.8916267942582355,245,13,0.0,41.82857142857184,2.0,1.2284153005463376,2.0416666666618,0.7292935319600475,1.004148365053703,1,PIVOT_SCALP,SELL,50957.65,51009.03,50854.88,2024-08-20 13:20:00+05:30
4,52.2020745730159,-0.7572362935191903,-0.09274534896560843,1,1.0281129754209615,0.40964368482962105,3.295979502404241,0.6308840413311388,0.13719862227306048,0.23191733639465253,2.4471202087096646,0.5471478463317084,1.3521475151787337,-2.0,0.6947155220030564,225,13,0.0,35.59285714285579,2.0,2.4291190046157713,2.8966486052498075,0.664490944551715,1.9755046495759159,0,PIVOT_SCALP,SELL,50983.1,51069.56,50810.18,2024-08-22 13:00:00+05:30
4,53.09747599495083,-0.3503685826823906,0.10345804648485683,1,1.3521761077720378,0.4338320479863417,2.3894557013608724,0.6328903654465297,0.14285714285653012,0.224252491693618,0.8475462590506602,0.5086887835686236,0.886643321660897,-2.0,0.7610016571530958,250,13,0.0,35.51428571428499,2.0,1.284030571198882,2.452534191465348,0.4538266291659695,0.9741100323593059,0,PIVOT_SCALP,SELL,51001.1,51046.7,50909.9,2024-08-22 13:25:00+05:30
4,61.20478958623576,-0.5256985919980485,0.6793602536152653,1,-0.19646426786620874,0.5836257360800093,10.61343389597888,0.5907441016323901,0.0526315789473007,0.35662431941849426,1.101449275362269,0.6517857142838459,0.6360194699837362,-4.0,0.6268045259459003,75,10,0.0,50.02500000000094,2.0,1.6162418790606023,2.3048475762071563,1.2050588456109048,1.343902439021077,1,PIVOT_SCALP,SELL,51222.2,51303.05,51060.49,2024-08-26 10:30:00+05:30
4,47.58007862632809,-1.3401050227188884,-0.7349169314965488,1,-1.4608264420228805,0.12156047727270501,4.143278991310459,0.7927858787401538,0.013814274750576418,0.1933998465077348,1.4098462014066222,0.7555178268226366,0.6386801951823367,-3.0,0.38841201716722,95,10,0.0,46.210714285714594,2.0,2.1731122961589135,2.9506144215099095,0.6051880912210299,1.4031875942249143,0,PIVOT_SCALP,SELL,51161.1,51261.52,50960.26,2024-08-26 10:50:00+05:30
4,49.81573822197528,0.6979384436158346,0.17094165689241458,-1,0.8994406635842662,0.5239900027446361,3.6638376420590233,0.6560143626566624,0.34398563734261967,0.0,2.025559769338612,0.3889447236172794,0.795954516884727,3.0,0.5850995504172929,35,9,0.0,68.74642857143044,2.0,2.09719465946287,3.3470829653438683,-0.5269967867226535,1.8480424684779362,1,PIVOT_SCALP,BUY,51120.3,50976.13,51408.65,2024-08-27 09:50:00+05:30
4,60.61962830655464,0.24385070230819236,1.1252087002538642,1,2.072855767535903,0.762785688755542,5.934054562743854,0.5630413859468958,0.2550529355144058,0.18190567853677345,0.7337200504414343,0.6503378378366913,0.7875332573166774,-2.0,0.8073296185167699,150,11,0.0,70.8035714285704,2.0,1.369709962168887,2.1842118537169153,0.881357997944427,0.7523533671242293,1,PIVOT_SCALP,SELL,51314.8,51411.78,51120.84,2024-08-27 11:45:00+05:30
4,51.969808329568714,-0.2674306792373842,0.10019440873034627,1,0.08304469215100406,0.6172372800766845,4.3140596992380695,0.6661538461518411,0.09230769230740828,0.24153846153767355,0.5730839473518399,0.40364789849255434,1.066578057032415,-4.0,0.6624296350097381,65,10,0.0,56.71071428571512,2.0,1.354613010894922,1.7774419043989313,0.36762508796708215,0.714599824096929,0,PIVOT_SCALP,SELL,51211.1,51287.92,51057.46,2024-08-29 10:20:00+05:30
4,52.510581696853926,-0.2057424000926374,0.176792422755092,1,0.20734484789612365,0.607449518980313,5.177539197720296,0.5416204217524021,0.38401775804580224,0.07436182019957585,0.9174485417121683,0.7481481481445256,0.4090909090909048,-2.0,0.7069184674048544,80,10,0.0,49.10357142857226,2.0,1.0225398210779317,1.6088442795806661,0.38253482284695034,1.0153256704958349,1,PIVOT_SCALP,SELL,51223.35,51273.56,51122.93,2024-08-29 10:35:00+05:30
4,52.77324009743736,-0.3764834623347667,0.073189283912813,1,-0.6858947769005255,0.20244758669471957,1.5274436005827607,0.4918699186973078,0.0,0.5081300812986272,0.6028884026259556,0.3647375504701455,0.8653190250395439,-3.0,0.19400998336089703,110,11,0.0,40.80357142857195,2.0,1.0129102844638311,1.3810065645481628,0.44967274624647763,0.8333333333306747,0,PIVOT_SCALP,SELL,51333.45,51374.78,51250.79,2024-08-30 11:05:00+05:30
4,48.023530404058434,-0.19814239427228728,-0.140846322609722,1,-0.43414721982135085,0.5019551210159096,1.8760430004407007,0.44687045123593905,0.37117903930024515,0.1819505094609045,0.5195548833189152,0.3816942551112158,0.7430874980619078,-3.0,0.0856347180319739,45,10,0.0,66.11428571428458,2.0,0.9515557476232213,1.1041486603267845,0.05729607166247861,0.9082496033820546,1,PIVOT_SCALP,SELL,51382.5,51445.41,51256.68,2024-09-02 10:00:00+05:30
4,53.037649479163626,0.052120098696576515,0.33329829465053656,1,0.26511159897552095,0.6860568057706038,3.0040516751811905,0.4150612959705377,0.16987740805542204,0.4150612959705377,0.8774972557627917,0.8475409836037309,0.933435348125499,-2.0,0.271169149153138,135,11,0.0,32.53571428571325,2.0,1.2694840834246568,2.4403951701350985,0.28117819595309584,0.8282564548858212,1,PIVOT_SCALP,SELL,51400.9,51442.2,51318.29,2024-09-02 11:30:00+05:30
4,58.01947547190618,0.3436026555875978,0.8363656042759676,1,-0.6857137217747787,0.7891368337698124,3.7790120777011467,0.6236897274619477,0.27253668763043093,0.10377358490552484,0.7908574135481593,0.3899204244021016,0.6308115214532876,-3.0,0.14250764525986948,15,9,0.0,60.3142857142853,2.0,1.6974656560871184,4.372927522493964,0.4927629486875529,0.6268068331135449,1,PIVOT_SCALP,SELL,51496.55,51598.93,51291.79,2024-09-05 09:30:00+05:30
4,55.40732376451888,0.05387659542461661,0.513393337626463,1,-0.7783635168250866,0.6977521341917254,3.8681421081312055,0.5046728971943751,0.0130841121494294,0.48224299065245724,0.447671986133523,0.6236897274619477,0.7908574135481593,-4.0,0.07597173144872578,20,9,0.0,59.75357142857164,2.0,1.3568286414440303,4.413962106262396,0.4595167422010774,0.37798502190139555,1,PIVOT_SCALP,SELL,51479.85,51560.93,51317.7,2024-09-05 09:35:00+05:30
4,35.211594165699026,-0.013183990743064518,-1.1539042809507476,-1,-0.6970748581707059,0.2951745244183288,7.735407247291234,0.43203163618349516,0.057834898665276094,0.5101334651502402,1.0077210460772197,0.7194412107093122,0.7656458903673594,2.0,0.3831200547034586,70,10,0.0,100.37500000000053,2.0,2.05367372353677,2.148443337482296,-1.1407202902065467,0.9252652762523463,0,PIVOT_SCALP,BUY,51064.3,50858.16,51476.58,2024-09-06 10:25:00+05:30
4,44.18935967861344,0.662842427870896,-0.1560043458719718,-1,-1.7883347872444766,0.6605533604234289,3.025448082000541,0.4349845201223179,0.4164086687294586,0.14860681114512747,0.8327808471455742,0.6901408450685292,0.9850450450451443,2.0,0.17553390783060888,185,12,0.0,38.785714285713766,2.0,1.4213627992633227,2.21086556168862,-0.8188467737407565,1.0419354838676516,0,PIVOT_SCALP,BUY,50939.95,50884.82,51050.21,2024-09-06 12:20:00+05:30
4,44.84493912750879,-0.8295298476814582,-0.9515439061901374,-1,-1.6440511624165999,0.06498215932711338,3.4289303697980107,0.4422018348608694,0.007339449541150667,0.5504587155943103,0.9513715710723192,0.4022415940214357,1.395828159920597,-2.0,0.5171144644826869,150,11,0.0,28.642857142857142,2.0,1.4581047381546062,2.962344139640734,-0.12201405850825317,1.0677899686478658,1,PIVOT_SCALP,SELL,52061.95,52103.71,51978.42,2024-09-16 11:45:00+05:30
4,55.21158542610728,-0.40301558636281276,0.3785183781910772,1,-1.026666082296081,0.621294551124763,6.100900690150255,0.7478145695359969,0.13059602649000476,0.12158940397346865,1.3235993889153315,0.7530463038174077,0.9229862896315278,-2.0,0.31684782608688766,35,9,1.0,142.6035714285707,2.0,1.9281449572991831,1.9890806180957483,0.781533964553342,1.7664950865682805,0,PIVOT_SCALP,SELL,53039.05,53314.01,52489.13,2024-09-19 09:50:00+05:30
4,47.52732370720054,-1.263468850373253,-0.8458236767211769,1,-1.5711227730976083,0.14194621660575713,3.258314140702945,0.6759052302184348,0.14617791685278622,0.17791685292788487,2.0080789946140265,0.7442424242407258,0.7858746682996701,-2.0,0.3279347826086212,125,11,0.0,55.699999999998646,2.0,2.175403949730722,2.950628366242504,0.41764517365132614,2.004480286734785,1,PIVOT_SCALP,SELL,53044.15,53165.32,52801.81,2024-09-19 11:20:00+05:30
4,62.35303468970402,0.03102212272098954,0.9550638359941849,1,3.13939662104986,0.7099871517787762,4.515864691237906,0.6396797153013342,0.3549822064050289,0.005338078291857511,0.9532347952507448,0.45654565456440815,0.7737110894942364,-3.0,0.8693459884323222,225,13,0.0,58.95714285714244,2.0,1.4577659316693692,2.6171553186290186,0.9240417132716281,0.8734846129920575,1,PIVOT_SCALP,SELL,53623.8,53709.75,53451.91,2024-09-20 13:00:00+05:30
4,35.81697483766895,-0.4157213030910823,-1.490197060000817,-1,-2.3504945330525104,0.2079485739020694,6.52602840109136,0.42254273504224354,0.5464743589737991,0.03098290598288891,0.9858561540776275,0.45717732207424694,0.8921515873626098,3.0,0.18162202380949027,120,11,0.0,94.94285714285694,2.0,1.3855100812518695,2.1539271742378805,-1.074475756908603,0.9579367516109403,1,PIVOT_SCALP,BUY,51234.85,51103.31,51497.94,2024-10-07 11:15:00+05:30
4,42.69145012814534,0.11297292264787932,-0.5826600504865243,-1,-1.753163515083146,0.38557293852932695,4.152520944959822,0.44094955489554993,0.3270029673586968,0.23204747774456624,0.6682908864273787,0.4757019438440176,0.7284169124877005,3.0,0.18618695791837528,180,12,1.0,126.06785714285694,2.0,1.0364004646023528,1.5753420776779958,-0.6956329731338518,0.9889658410600033,0,PIVOT_SCALP,BUY,51151.45,51020.79,51412.76,2024-10-07 12:15:00+05:30
4,64.0595482719005,0.828222038281318,1.6337171589544188,1,1.7816280241935698,0.8807560082370194,5.326679760014565,0.4719334719329751,0.35862785862746954,0.16943866943851588,0.6788306451613236,0.8646426312455355,1.1358924355947806,-2.0,0.7239631665356959,65,10,1.0,141.71428571428518,2.0,1.4643649193548163,4.45826612902915,0.8054951206725324,0.4773719730049428,1,PIVOT_SCALP,SELL,51412.65,51620.17,50997.61,2024-10-09 10:20:00+05:30
4,59.66934625417499,0.23455768048445613,1.0631547948482776,1,1.5289640984493105,0.7286574737279199,5.932898004573249,0.5262923351153702,0.4737076648837385,0.0,0.6730221298656576,0.5221712538222414,0.7990400349078343,-2.0,0.7844935129739536,105,11,1.0,166.7107142857151,2.0,1.136226140234369,2.6330041346199984,0.8285971143633245,0.8935255236115848,1,PIVOT_SCALP,SELL,51534.4,51723.82,51155.56,2024-10-09 11:00:00+05:30
4,36.022608348101784,0.34976771078588226,-1.0360586325303052,-1,-0.9312105891331418,0.3725230455950213,9.815585079318927,0.6692486444605455,0.06893880712621643,0.2618125484116888,0.833248812871722,0.8061366806125155,0.8876508820797994,2.0,0.23574529667145858,85,10,0.0,77.46785714285839,2.0,1.7858604951361587,2.4145498132834984,-1.3858263433143987,0.8747797804569174,0,PIVOT_SCALP,BUY,51402.1,51263.75,51678.79,2024-10-17 10:40:00+05:30
4,40.8131428325687,0.494915442536873,-0.5826728247207194,-1,-1.9222838249122292,0.46958865559561486,5.361762203884727,0.5605590062095803,0.4394409937873141,0.0,0.5837109931373323,0.6485714285701101,0.9233668341708627,5.0,0.16930572472592662,160,11,0.0,55.164285714285406,2.0,1.2873624239285082,2.6502654408860034,-1.077588267255639,0.716670376139022,1,PIVOT_SCALP,BUY,51282.3,51211.28,51424.33,2024-10-17 11:55:00+05:30
4,63.620310857678106,-0.15406968893170195,1.113402663671702,1,4.310857321652113,0.6454906024416023,6.086854068212464,0.48030739673296,0.5052833813631299,0.014409221901988801,0.8504901960784904,0.48082010581945983,1.2405063291139256,-2.0,0.9057221558130159,230,13,0.0,61.19999999999917,2.0,1.4553921568627601,1.6642156862717892,1.267472352601333,0.9696348733216669,0,PIVOT_SCALP,SELL,51872.25,51961.32,51694.11,2024-10-18 13:05:00+05:30
4,57.521279958989005,1.449930357178019,1.3835436917140078,-1,-1.1399878274648159,1.2003664257531494,2.7371043128269967,0.8835059171591613,0.06767751479280776,0.04881656804729146,1.7875997544505227,0.5308385308378247,1.0043750621457779,2.0,0.3082968916203441,295,14,0.0,75.63214285714379,2.0,2.3404495443169715,2.8513009396948474,-0.06638666546392341,1.7266922094485877,0,PIVOT_SCALP,BUY,51672.05,51495.04,52026.08,2024-10-22 14:10:00+05:30
4,53.08823412614372,-0.8735159163495527,-0.006990577553895498,1,0.4375355929790913,0.5051445688614836,8.630204636706967,0.8056737588640435,0.0,0.19432624113453806,0.9033498077979144,0.5967859751634857,0.8265482145937243,-4.0,0.631878557874654,115,11,0.0,78.04285714285705,2.0,1.6702910488741995,2.4979864543259813,0.8665253387945469,1.0940409683409564,0,PIVOT_SCALP,SELL,51568.15,51698.5,51307.44,2024-10-24 11:10:00+05:30
4,51.8948251940483,-0.4664394709203517,-0.08986719952725555,1,0.7920437535981042,0.25272737815065366,3.0686973359582357,0.7027707808547411,0.2732997481101262,0.02392947103261376,0.7679447322969921,0.4879649890579487,0.8493296163546321,-2.0,0.7012247714333738,175,12,0.0,51.696428571429614,2.0,1.2731951640760357,1.4662521588918362,0.3765722713923677,0.8354377104358707,1,PIVOT_SCALP,SELL,51608.35,51674.17,51476.71,2024-10-24 12:10:00+05:30
4,46.4424136818441,0.43752890298471997,0.031204667583972688,-1,-1.268332909999166,0.7165714062756733,2.83418018176646,0.4938169826867974,0.016488046166501683,0.48969497114505206,0.8626873253746652,0.6824385805264563,0.7754649463233235,2.0,0.17756612758733026,195,12,0.0,70.30357142857194,2.0,1.2813055626111898,1.3818643637267725,-0.4063242354001693,0.9973688538052901,0,PIVOT_SCALP,BUY,50628.9,50538.82,50809.06,2024-10-25 12:30:00+05:30
4,52.08527665099593,0.9611710337384822,0.7592065487716675,-1,-0.6264189768503925,0.9506391418419704,2.47461552538028,0.946388682053714,0.05361131794479681,0.0,1.0747070591597654,0.7447523089828577,0.9458815520762714,2.0,0.21236267622234165,220,12,0.0,62.4821428571439,2.0,2.0813661046012832,2.0389825664442824,-0.2019644849664915,1.1195398466136637,0,PIVOT_SCALP,BUY,50665.8,50535.75,50925.9,2024-10-25 12:55:00+05:30
4,51.26353072900159,-0.7625448136766049,-0.2088340430587559,1,0.3910491329936908,0.48533934336779405,4.27451347576249,0.7118573797672941,0.22636815920375894,0.06177446102811776,1.6071581552519982,0.612244897958113,0.796064581231059,-2.0,0.7169614984389933,205,12,0.0,75.0392857142854,2.0,1.9283756127743485,2.2741421160314563,0.553710770617111,1.5370889625267166,1,PIVOT_SCALP,SELL,51425.95,51570.65,51136.54,2024-10-28 12:40:00+05:30
4,55.521208112213,-0.5391374386158191,0.327385425879007,1,2.8748616878563222,0.5283071332018926,3.9221440851282603,0.6512585812351152,0.1684210526314381,0.1803203661325314,1.3838498077358063,0.6664486592535301,1.0058265200638667,-2.0,0.7839258340023665,260,13,0.0,78.94642857142857,2.0,1.9746889843926794,2.2534268265070034,0.8665228644937285,1.125940430793436,0,PIVOT_SCALP,SELL,51815.85,51971.74,51504.06,2024-10-29 13:35:00+05:30
4,46.48995288416402,1.0680099849497422,0.03520651936557842,-1,-3.866717095738798,0.566985152685753,7.619531360567057,0.6693100713708656,0.03489294210933787,0.2957969865182104,1.3504168897727027,0.9707317073155657,1.321058688147281,2.0,0.2195635816403002,265,13,0.0,46.689285714286335,2.0,2.4956245697238466,2.442744588076949,-1.0328034655819516,1.410199060609614,0,PIVOT_SCALP,BUY,51487.0,51370.48,51720.04,2024-10-31 13:40:00+05:30
4,39.2682457169911,0.18393181444410675,-0.87693819729899,-1,-2.990966576332469,0.4405435715166862,5.1538884098724385,0.5726495726479234,0.12250712250686148,0.30484330484236605,0.8878048780487553,0.5578124999982114,0.7847258714310817,2.0,0.06600257990538802,195,12,0.0,39.535714285713766,2.0,1.1408310749775314,2.6495031616916167,-1.0608700117404133,0.9669421487576267,1,PIVOT_SCALP,BUY,51112.85,51067.75,51203.06,2024-11-04 12:30:00+05:30
4,46.67815063603447,0.5733506503197545,0.06742950449165307,-1,-2.0993337473812512,0.876425042449148,1.8357020510901965,0.5296052631567821,0.11842105263119537,0.3519736842098295,1.1720212961262926,0.6591337099786128,0.7016517225107047,3.0,0.09208829009601699,230,13,0.0,38.90714285714213,2.0,1.468643289884343,1.5562695061460914,-0.5059211458268011,1.4148309028811263,1,PIVOT_SCALP,BUY,51131.05,51073.91,51245.33,2024-11-04 13:05:00+05:30
4,50.674207162224405,0.515816558967292,0.19601073354539095,-1,-0.17655086985850443,0.5440689393177508,3.124242951895073,0.49407114624458526,0.18626482213419426,0.31966403162023227,0.940177179070287,0.38258484744574855,1.3600426283012579,5.0,0.4564634673583376,170,12,0.0,107.63928571428498,2.0,1.8484322638442077,2.627293539929254,-0.3198058254216039,0.942535158795782,0,PIVOT_SCALP,BUY,51129.4,50930.44,51527.33,2024-11-05 12:05:00+05:30
4,47.85457717584673,0.1536864188033966,-0.13331128226644284,-1,-0.6188961238609366,0.44152568411689574,2.8037817848685247,0.4270270270266554,0.2896396396393918,0.28333333333305183,0.9196898857785462,0.38120950323898484,0.3925867603415572,3.0,0.3279723303069064,200,12,0.0,120.69285714285641,2.0,1.1965851926377422,1.763981771910735,-0.28699770106960165,1.0839843749989568,1,PIVOT_SCALP,BUY,51055.1,50910.68,51343.94,2024-11-05 12:35:00+05:30
4,47.92552988413104,1.1203883717841616,0.17744533399051518,-1,0.3002184323280046,0.5540551998511315,6.675587303785813,0.9263290079523777,0.01004604436999677,0.06362494767678833,1.4049399311097839,0.5140291806946926,0.5412887828162679,4.0,0.3740799999999448,95,10,0.0,85.02142857142773,2.0,1.9971687809796257,2.764009073339631,-0.9429430377925374,1.668762224082561,0,PIVOT_SCALP,BUY,51986.05,51816.25,52325.65,2024-11-07 10:50:00+05:30
4,52.621421364953704,1.4196921622724517,0.774286351525763,-1,0.9280013887175269,0.6929214936671577,5.903359881328087,0.5408114558466836,0.43723150357956264,0.021957040572799184,1.2058545409694585,0.9263290079523777,1.4049399311097839,5.0,0.46831999999992036,100,10,0.0,86.86785714285672,2.0,2.4478189368087646,3.8967232660400177,-0.6454058107459457,1.3129857107027867,0,PIVOT_SCALP,BUY,52044.95,51832.31,52470.22,2024-11-07 10:55:00+05:30
4,38.922657460143,-0.5910331429114835,-1.3512398915304484,-1,-1.4567107195299693,0.16985430625224873,4.4177398796282334,0.5585798816556204,0.11479289940797788,0.32662721893403485,0.5211453744493459,0.386894075403277,0.6088382261087353,2.0,0.19276704989392945,100,10,0.0,81.07142857142753,2.0,1.1651101321587027,2.8857268722432274,-0.7602067486180272,0.5948190905242904,0,PIVOT_SCALP,BUY,51645.55,51551.09,51834.46,2024-11-08 10:55:00+05:30
4,42.395089803172915,0.1448623804687136,-0.7966724969662007,-1,-2.0881808391360357,0.3615394543401694,3.7544392200690906,0.49999999999935146,0.4085603112834859,0.09143968871586555,1.4729803493450688,0.5097312326218816,1.0674109666477682,2.0,0.18258152704546377,180,12,0.0,52.34285714285787,2.0,1.8862991266375466,2.7157478165885487,-0.9415348774331155,1.1879815100136675,1,PIVOT_SCALP,BUY,51588.55,51489.82,51786.02,2024-11-08 12:15:00+05:30
4,52.06202444816361,-1.1455539747727803,-0.28411567193876613,1,2.618365206815798,0.2849030172651682,5.472572956210691,0.5169616519166623,0.0036873156342126924,0.47935103244765,1.1190756896958785,0.7554179566554112,1.2456613960663383,-2.0,0.7943406904356802,185,12,0.0,60.585714285714076,2.0,1.973378920066003,2.838127800042436,0.8614383028325923,1.0816847479242888,1,PIVOT_SCALP,SELL,51996.0,52115.56,51756.88,2024-11-11 12:20:00+05:30
4,35.866334614387426,-1.5321113374386346,-1.9779337871006397,-1,-0.37462340398328964,-0.18533526207923093,3.39197460063277,0.8264654672073504,0.06326175275679567,0.11027278003469312,1.3576091850518102,0.8467650397256701,0.7178442556163974,-2.0,0.6443689869835183,265,13,0.0,63.45714285714244,2.0,2.307001350742982,3.5393966681619147,-0.4458224496613025,1.2188737973950086,1,PIVOT_SCALP,SELL,51863.5,52009.9,51570.71,2024-11-11 13:40:00+05:30
4,45.79253277870779,0.5983738550773826,-0.14875669997110869,-1,-2.024190979699349,0.5677031006884719,4.102439760952953,0.4932432432427535,0.2920997920994601,0.2146569646567469,1.3932654011276773,0.5282669138081317,0.7888250652741209,2.0,0.16599576993925783,185,12,0.0,69.04642857142815,2.0,1.8089949826721645,2.1159675166782494,-0.7471305550474091,1.5154379332049839,1,PIVOT_SCALP,BUY,50742.3,50617.4,50992.11,2024-11-13 12:20:00+05:30
4,62.9338329433829,-0.061047812574804676,1.212575545043532,1,0.8827729654300213,0.6438292245268847,7.580066715537833,0.48582677165286986,0.23858267716488693,0.27559055118066833,0.8894447223611741,0.436657681939957,0.7125154328044373,-2.0,0.7341568206228284,90,10,0.0,71.39285714285766,2.0,1.100100050025022,2.1080540270105383,1.2736233576165528,0.9160415464499039,0,PIVOT_SCALP,SELL,50791.2,50869.74,50634.12,2024-11-19 10:45:00+05:30
4,59.10375132841287,-0.5088182449168241,0.735059827092343,1,2.0387849789764263,0.5271982235098424,4.562903557557766,0.9069462647419798,0.0,0.09305373525539894,0.91267942583736,0.6983050847433463,0.6764392760625714,-2.0,0.8503845030661279,160,11,0.0,41.79999999999979,2.0,1.516267942583677,1.9234449760719978,1.2438780720061913,1.0079260237754468,0,PIVOT_SCALP,SELL,50886.25,50949.63,50759.49,2024-11-19 11:55:00+05:30
4,41.075661320548846,0.4841494979015053,-0.43568231653214784,-1,0.6518120742962031,0.45323630223055184,7.585177074464046,0.5459162082094339,0.16631400761730497,0.2877697841724148,0.7690447962433504,0.6599307159346007,0.5581438173280421,2.0,0.4172013178428513,65,10,1.0,153.6321428571438,2.0,1.0835181439895858,1.807238998534285,-0.9198318144330545,0.9672533769947174,1,PIVOT_SCALP,BUY,50148.0,49981.54,50480.93,2024-11-21 10:20:00+05:30
4,56.73136118710755,1.3169993892158678,1.4260965338304128,1,2.531963470319602,1.0140807036684347,4.387292419912571,0.929419525064752,0.06530343007903489,0.005277044854893807,1.0095129375950669,0.661696178936307,0.686845594623029,2.0,0.5732616611755881,135,11,0.0,75.0857142857146,2.0,1.6495624048706348,1.9870624048679304,0.10909714461439952,1.281921190594773,1,PIVOT_SCALP,BUY,50283.0,50159.14,50530.72,2024-11-21 11:30:00+05:30
4,61.165178207466234,-0.003409464465709851,0.9211719562433905,1,-0.6051420511213033,0.6996687691420957,7.288236631346254,0.4251162790693449,0.028372093023256495,0.5465116279064683,0.8577209130025888,0.5238726790446364,0.9256942414498527,-2.0,0.45387737194243005,35,9,1.0,125.33214285714348,2.0,1.4623799618157458,2.4550765109831025,0.9245814207083627,0.7857612747600393,0,PIVOT_SCALP,SELL,50715.15,50898.43,50348.58,2024-11-22 09:50:00+05:30
4,46.759892451549696,-1.143597855594955,-0.7549073350119415,1,-1.512667968216524,0.18498736613767106,4.322649557445712,0.5512943432402843,0.14285714285703827,0.3058485139020384,1.535867049996515,0.5026362038660162,1.089516515079,-2.0,0.31277022039432917,90,10,1.0,101.86428571428716,2.0,1.628995161629566,2.862632353969578,0.3886905205826319,1.598712446350309,0,PIVOT_SCALP,SELL,50656.55,50822.49,50324.68,2024-11-22 10:45:00+05:30
4,49.78366151917147,-0.9437986530333986,-0.7802318112305416,1,-1.0685327581894295,0.002324918884348902,3.35386103876097,0.740816326527351,0.020408163265222826,0.23877551020334464,0.6915322580645161,0.5817535545011002,1.1323430761858346,-2.0,0.7266800881985054,210,12,0.0,35.42857142857143,2.0,1.5098790322579647,2.0604838709619258,0.16356684180239522,0.8896151052981685,1,PIVOT_SCALP,SELL,52153.05,52206.54,52046.06,2024-11-25 12:45:00+05:30
4,64.55937018880532,-0.022516685579168035,1.1606856883529708,1,0.6073792557402737,0.697986975878534,8.555446517912785,0.4363295880142068,0.15074906367004381,0.4129213483138767,0.7103087885985991,0.8073770491793365,0.996693250340371,-3.0,0.6717605455921541,65,10,0.0,75.1785714285709,2.0,1.828551068883557,2.0218527315887735,1.183202373930565,0.8178894164484446,1,PIVOT_SCALP,SELL,52630.25,52767.72,52355.31,2024-11-28 10:20:00+05:30
4,54.397734970019464,-0.8719336454310685,0.15167266396169243,1,-0.4152386719143096,0.5639518911448973,8.718251847208828,0.7555077915090584,0.12842557764633153,0.11606663084353537,1.3146634372792803,0.4363295880142068,0.7103087885985991,-4.0,0.48118211669602096,70,10,0.0,70.77857142857154,2.0,2.408608335856247,3.054596831159227,1.0236063093913148,1.3538483922576332,1,PIVOT_SCALP,SELL,52554.8,52725.28,52213.84,2024-11-28 10:25:00+05:30
4,50.1228831370019,0.4404384584578084,0.20831619783989638,-1,0.032337800656787506,0.706629048900042,2.2751380536401444,0.5507246376797887,0.214756258234008,0.2345191040835681,0.8959527824619996,0.4898989898973664,0.6971830985916586,2.0,0.3244324197152525,185,12,0.0,42.357142857142335,2.0,1.1978077571669674,1.6514333895407407,-0.23212226061736396,1.0483425414334455,1,PIVOT_SCALP,BUY,51831.85,51781.11,51933.32,2024-12-02 12:20:00+05:30
4,50.7269255985725,0.20179247850692908,0.1355205049958705,-1,0.20924719401567707,0.5163466366160119,2.6203093819620356,0.5383304940356369,0.052810902895990525,0.4088586030649654,0.723542877267229,0.5936920222611518,0.6558317399618371,2.0,0.3530172920832057,265,13,0.0,40.5642857142879,2.0,1.266050360979038,1.3940834653953977,-0.0662719735108952,0.853942391618219,1,PIVOT_SCALP,BUY,51844.0,51792.64,51946.71,2024-12-02 13:40:00+05:30
4,47.697031221487414,-0.36009420311530793,-0.38264389774862506,-1,-0.04297601995573989,0.2983540534159489,3.900679298314777,0.6078561917435626,0.20372836218342952,0.18841544607167626,0.9220380601595928,0.7847295864247316,0.6073515204489298,-2.0,0.6632363030479884,205,12,0.0,81.44999999999969,2.0,1.154020871700377,1.7145488029445124,-0.022549694633289433,1.1195587358361585,0,PIVOT_SCALP,SELL,53023.5,53117.5,52835.51,2024-12-04 12:40:00+05:30
4,64.35291715651081,0.027480337494546453,1.404059366888225,1,4.284952470736146,0.6243098143500004,10.45660471311746,0.7573011077528496,0.029204431017001542,0.21349446122813462,0.6552910676408439,0.5152116402110264,0.9129647200897009,-2.0,0.8622484168285266,245,13,0.0,75.76785714285663,2.0,1.477893000235709,2.17440490218899,1.3765790293918618,0.8277759253070963,0,PIVOT_SCALP,SELL,53537.95,53649.93,53314.0,2024-12-05 13:20:00+05:30
4,58.610684914824844,-0.5606955568607018,0.7283350151040671,1,3.8639952749430644,0.5356163383346817,9.921464883418594,0.5667244367411275,0.13460427498541425,0.2986712882723028,1.2464125906496404,0.7573011077528496,0.6552910676408439,-3.0,0.7986080632013483,250,13,0.0,69.4392857142853,2.0,2.3343259785012465,2.606593632666117,1.2890305719629125,1.2514459224968024,0,PIVOT_SCALP,SELL,53487.2,53649.29,53163.01,2024-12-05 13:25:00+05:30
4,50.48503391700278,0.45813842243089437,0.13843504711165022,-1,0.316949229787609,0.4409414730675901,4.715779200656778,0.5729993891257787,0.3738546120948284,0.05314599877817114,1.1750410172272268,0.9138858988149487,1.1792012330568316,2.0,0.6046052631576232,70,10,0.0,69.65714285714213,2.0,2.078978671041887,2.4182731747298996,-0.3197033753187852,1.0776826859761994,1,PIVOT_SCALP,BUY,53440.0,53295.18,53729.63,2024-12-11 10:25:00+05:30
4,37.7514942349144,-0.47253902779081136,-1.4126133694572272,-1,-2.525468484286254,0.17246375363425062,5.350168265198267,0.6475409836046057,0.17349726775922025,0.17896174863344186,0.8275193798450676,0.5206812652040635,0.4599152745584463,2.0,0.18487145192444387,190,12,0.0,44.22857142857278,2.0,1.167183462532125,3.12015503875254,-0.9400743416642904,0.7396928051724042,0,PIVOT_SCALP,BUY,53263.2,53211.58,53366.45,2024-12-12 12:25:00+05:30
4,45.9988964609873,0.511512477821659,-0.18381960353943125,-1,-1.5852356749358463,0.44050292450975664,4.930120968882498,0.50555555555473,0.25238095238057484,0.24206349206310782,1.3359588003635172,0.6221198156668527,0.9719267375828362,2.0,0.24841234677292806,220,12,0.0,47.15714285714317,2.0,1.8833989700091172,2.1205695243820384,-0.6953320813596157,1.4928909952571772,0,PIVOT_SCALP,BUY,53283.0,53194.18,53460.63,2024-12-12 12:55:00+05:30
4,38.023607860714655,0.1442747127205905,-1.1109869392390024,-1,-1.090589929784574,0.32856930989548794,7.033170394060295,0.5134529147975985,0.053251121076175224,0.43329596412510524,1.0171037628277926,0.5261181290539558,1.697197963660417,3.0,0.3264060841881232,90,10,0.0,87.69999999999969,2.0,2.2043329532496365,3.186431014819606,-1.2552616519581616,0.9862892525420219,0,PIVOT_SCALP,BUY,53134.85,52941.53,53521.49,2024-12-17 10:45:00+05:30
4,44.842083669121934,0.7505391702299372,-0.30823527810052453,-1,-1.8878709647940302,0.42049195490101854,7.120935566550911,0.8688922610009989,0.07951441578143001,0.05159332321696414,1.957231957231974,0.43396226415001665,0.577881619937739,2.0,0.2501849485506432,190,12,0.0,84.17499999999927,2.0,2.3096822096822676,2.3653103653075584,-1.0587744483292039,1.958977407845471,0,PIVOT_SCALP,BUY,52958.25,52763.83,53347.09,2024-12-17 12:25:00+05:30
4,43.24175315819691,0.3419995080399561,-0.5444397067511093,-1,-0.45366299580375785,0.37613030934009994,6.1817689048648115,0.538804638714972,0.2497769848347492,0.21141837644938674,1.0407851979574099,0.6115635179148443,1.15564816993247,2.0,0.33180996917837463,80,10,0.0,107.70714285714295,2.0,1.5493003514821457,1.7092645400872633,-0.8864392147902423,1.220999891078069,0,PIVOT_SCALP,BUY,52513.25,52346.38,52846.99,2024-12-18 10:35:00+05:30
4,38.04555017654714,-0.03394223003851102,-1.4089567085769352,-1,0.43007525248626016,0.39382331925522696,13.414934634602869,0.4697706740785807,0.10423905489908437,0.42599027102094505,0.7778979071743455,0.7756911841410756,0.6199154597740897,2.0,0.659330873934445,70,10,2.0,92.49285714285725,2.0,1.3871264190285304,2.1412464282933352,-1.3750144785369376,0.8543101401082487,1,PIVOT_SCALP,BUY,51522.9,51394.6,51779.5,2024-12-19 10:25:00+05:30
4,46.91614130416284,0.9167869951990831,0.12945551675185607,-1,1.1639903306570771,0.7068047704149035,3.98357130334816,0.5248756218891484,0.38184079601905396,0.09328358208931005,0.6767676767677455,0.7994768962498175,0.868375513735642,7.0,0.7376924055461677,125,11,0.0,59.40000000000042,2.0,1.5907407407406953,2.622895622891238,-0.7873314784459016,0.8714502492936692,1,PIVOT_SCALP,BUY,51553.7,51459.21,51742.68,2024-12-19 11:20:00+05:30
4,47.39805628846935,0.45141243860485863,-0.13173235929538907,-1,0.1746622789109864,0.4128841432636939,4.656698556633228,0.7886532072574644,0.07027855865061523,0.1410682340914093,1.3399701587456836,0.7539804827932938,0.723215707084088,2.0,0.45681642137868916,60,10,1.0,146.01071428571595,2.0,1.7156348604554477,1.7098060318457975,-0.5831447978998484,1.772031518882558,0,PIVOT_SCALP,BUY,51348.5,51098.0,51849.5,2024-12-20 10:15:00+05:30
4,48.290358643026096,0.37962322976538354,-0.034722077726838815,-1,0.14774998550537938,0.4762693308784968,4.511798970343008,0.42885473475416697,0.32027764005921017,0.25086762518563127,0.7324272449032403,0.36211699164305056,0.6486667871247482,3.0,0.4257358636714859,80,10,1.0,137.69285714285746,2.0,1.1897442548113784,1.8312496757781027,-0.41434530749192144,0.7608449641638897,1,PIVOT_SCALP,BUY,51332.45,51168.63,51660.09,2024-12-20 10:35:00+05:30
4,63.98890950078943,0.30425433384607653,1.4389829212674592,1,-0.873152485285386,0.7566885546755683,7.748266884021919,0.4455741626788618,0.29605263157857264,0.25837320574136935,0.8914277009787711,0.590045248867684,0.6132318547587909,-3.0,0.42200982344341315,25,9,1.0,93.78214285714317,2.0,1.8050154232833984,4.01622300924969,1.1347285874201727,0.9029052813469569,1,PIVOT_SCALP,SELL,51522.3,51691.58,51183.74,2024-12-26 09:40:00+05:30
4,61.92203166815325,0.07683741709033284,1.1102386455318105,1,-0.9232027994914427,0.70812900430191,7.697573411692114,0.4087719298238953,0.17456140350841462,0.41666666666593566,0.602696272799361,0.4455741626788618,0.8914277009787711,-4.0,0.3703703703702706,30,9,1.0,94.57500000000073,2.0,1.2699709225482139,2.723235527356369,1.0334012284403848,0.7404520654705864,1,PIVOT_SCALP,SELL,51502.85,51622.96,51262.64,2024-12-26 09:45:00+05:30
4,57.12613721478472,-0.48186740057821476,0.4576144515512797,1,2.0722098334629213,0.5944829416075321,7.0991993385321095,0.6051756007389671,0.10536044362284262,0.2894639556374509,1.2380672159016597,0.5126903553295098,1.052416137648719,-2.0,0.7088584250321827,185,12,0.0,109.24285714285725,2.0,1.7559435072577898,2.52602327709979,0.9394818521286344,1.1687694434832505,1,PIVOT_SCALP,SELL,51742.95,51934.77,51359.3,2024-12-30 12:20:00+05:30
4,35.800964967790605,-0.39996370085326516,-1.3110501668918413,-1,-0.5410039192255687,0.18422063822786638,5.410678985116204,0.6668165467619772,0.16456834532361272,0.1686151079135108,1.1959285577108074,0.358603066438811,0.6658294510836996,2.0,0.26006383197770233,40,9,0.0,92.9821428571439,2.0,1.458325331284748,3.215671211826734,-0.9110864660375962,1.199697917789207,1,PIVOT_SCALP,BUY,50611.35,50475.75,50882.55,2025-01-01 09:55:00+05:30
4,54.01264564145165,1.013920851620373,0.5868610746302301,-1,1.1191418639466135,0.5897400430224911,4.541294536856285,0.6334496985080148,0.32211996191664144,0.04443033957470916,1.4391413564740994,0.7543234994906339,0.9735427277871627,5.0,0.628436116544709,55,10,0.0,109.47500000000062,2.0,2.027380680520674,3.2514272664961856,-0.427059776989753,1.5403793508002168,1,PIVOT_SCALP,BUY,50790.25,50568.3,51234.14,2025-01-01 10:10:00+05:30
4,60.4844643060918,-0.16056173182276282,0.9200379658313345,1,2.9742886447202883,0.6793396481032092,6.43867515678176,0.7628781684369056,0.10793131643491202,0.12919051512654697,0.8765229855636562,0.630276564773533,0.9904232313870462,-3.0,0.7858032378579018,280,13,0.0,69.7642857142855,2.0,1.9490836490221919,2.686904883788581,1.0805996976525483,0.9505673869097795,0,PIVOT_SCALP,SELL,51466.05,51602.03,51194.1,2025-01-02 13:55:00+05:30
4,43.571368674515,0.4770596499462532,-0.4774738997024358,-1,-1.0399714150754493,0.42977331015861947,5.433165491905426,0.4329958308511418,0.16200119118509723,0.40500297796256973,1.0301967831003682,0.7426124196995532,1.4117291414752082,2.0,0.22359035326082335,115,11,0.0,81.48928571428613,2.0,1.7155498093525756,1.7824429153679224,-0.9545335496475177,1.0816905037997109,1,PIVOT_SCALP,BUY,51214.45,51074.65,51494.05,2025-01-03 11:10:00+05:30
4,47.56466074520868,0.8133606799881121,0.025882960804584604,-1,-0.5220720843353978,0.5492157618847339,5.0815634533838825,0.5490331491705014,0.10635359116013225,0.3446132596679852,0.9198239484550264,0.4329958308511418,1.0301967831003682,3.0,0.2934782608695101,120,11,0.0,78.7107142857146,2.0,2.167698171423357,2.293207495799972,-0.7874777191825271,0.9572920798612382,0,PIVOT_SCALP,BUY,51255.6,51084.98,51596.84,2025-01-03 11:15:00+05:30
4,41.86380316117246,0.33003251997790944,-0.7219918787538182,-1,-4.6423366080716315,0.3664402616125074,6.20726348794281,0.6753681392227415,0.08165997322611267,0.2429718875498071,0.9881419190248669,0.39617486338741326,0.9573096683793256,3.0,0.11730479716807575,290,14,0.0,75.59642857142795,2.0,1.9995606368403818,2.2362167524891854,-1.052024398730336,0.9402139710497383,0,PIVOT_SCALP,BUY,49941.4,49790.24,50243.72,2025-01-06 14:05:00+05:30
4,38.98791364581126,0.4236008317585864,-0.8797979088097949,-1,-2.1148382867132733,0.39202131347017677,9.459220736933279,0.689542483659444,0.13834422657934486,0.17211328976012172,1.1234265734265128,0.8465829846570255,0.8179929104021905,2.0,0.27457120489641046,135,11,0.0,81.71428571428623,2.0,2.4606643356643074,2.5160839160808033,-1.3033987405667864,1.0395198731728126,0,PIVOT_SCALP,BUY,49737.25,49536.18,50139.39,2025-01-08 11:30:00+05:30
4,36.995805116549974,-0.03876145611457669,-1.1943578686887997,-1,-3.412949968529268,0.29465088278346013,3.406158633529863,0.5921409214076633,0.10975609756057716,0.2981029810290494,0.5395582014725742,0.9390519187343291,0.9537136706136142,2.0,0.11848631021128064,185,12,0.0,68.38928571428603,2.0,1.3750535275994202,2.055146482842085,-1.1555964125725333,0.6082083401999777,0,PIVOT_SCALP,BUY,49598.15,49504.11,49786.23,2025-01-08 12:20:00+05:30
4,46.85774959893977,0.2922209595912767,-0.1926374929150177,-1,-1.6569218700331116,0.4796092563010316,3.0471681201928886,0.787784679087258,0.08695652173903554,0.12525879917163601,0.6610293758248574,0.9222222222210478,1.1202766115090146,2.0,0.21780086275196045,230,13,0.0,73.06785714285745,2.0,1.7929468693484467,2.2287501832903365,-0.4848584525056308,0.775032092424976,1,PIVOT_SCALP,BUY,49353.85,49222.84,49615.86,2025-01-09 13:05:00+05:30
4,59.24658416822691,1.1372100402232543,1.4266657706841035,1,0.07366809661424299,0.9829373312864129,3.833462327930106,0.4939849624052503,0.498496240600776,0.0075187969924698965,1.268910999045924,0.5327029156807551,1.228885660925437,3.0,0.40373272295088725,290,14,0.0,52.40714285714317,2.0,2.1035436827040437,2.6360910453813795,0.28945573046029693,1.3281406031528986,1,PIVOT_SCALP,BUY,49459.45,49349.21,49679.93,2025-01-09 14:05:00+05:30
4,38.20658862486193,-0.04482141011257689,-1.0592259915804167,-1,-0.5376353301412047,0.29033022390371116,7.535427180089515,0.4988452655883554,0.1991916859119968,0.3019630484984931,0.7109391034098995,0.5840867992759027,0.691867739052759,3.0,0.3352193458378034,60,10,1.0,121.81071428571522,2.0,1.8752953939074224,1.976427126394703,-1.014404581467007,0.7872011635299005,1,PIVOT_SCALP,BUY,49054.3,48825.87,49511.16,2025-01-10 10:15:00+05:30
4,42.38958910404661,0.2896944825005058,-0.5581764550669867,-1,-0.08745003996800278,0.3632238707580378,7.142612712228151,0.5638350720312657,0.060606060605989436,0.37555886736175126,0.7950909860346524,0.4988452655883554,0.7109391034098995,4.0,0.4147419004804755,65,10,1.0,126.58928571428623,2.0,1.450035265904932,2.161715333613698,-0.8478709375668226,1.0114561350607072,1,PIVOT_SCALP,BUY,49105.6,48922.04,49472.72,2025-01-10 10:20:00+05:30
4,46.04300227432554,0.7230524271315133,-0.19066872276664207,-1,0.9781947804330681,0.43727763900620253,5.659248898656405,0.8559461235214267,0.037122207621524766,0.10693166885672,1.926974294047141,0.7392550143256138,0.49357274540997714,2.0,0.9456769055742514,45,10,1.0,157.9678571428558,2.0,2.1545318893988807,2.1763921231701446,-0.913721149897577,2.0080480242746717,0,PIVOT_SCALP,BUY,48448.9,48108.55,49129.59,2025-01-13 10:00:00+05:30
4,51.55812040393477,0.8720670910078775,0.5458104362471099,-1,1.5437960276724172,0.6232102295332603,6.166466998761893,0.48983149331726955,0.08425334108066623,0.4259151656009021,0.6721155991966355,0.5875968992241838,0.58692261027819,2.0,0.9834851936216439,70,10,1.0,128.0285714285705,2.0,1.134534702075483,3.121178308410874,-0.3262566547605128,0.8796769576764867,0,PIVOT_SCALP,BUY,48548.15,48402.9,48838.66,2025-01-13 10:25:00+05:30
4,57.02391983978731,-0.5563036295141828,0.5846265783936689,1,0.8117145899893754,0.566382546774335,6.146723251764271,0.8485845951272508,0.1514154048714325,0.0,1.1323748668796334,0.48568702289976745,0.7678057459835975,-2.0,0.7722737615962276,135,11,0.0,67.07142857142753,2.0,1.6461128860489798,1.939723109688277,1.1409302079061505,1.0876414148630675,1,PIVOT_SCALP,SELL,48676.4,48786.81,48455.59,2025-01-14 11:30:00+05:30
4,54.69361591612785,-0.7759475571048401,0.2116340745660403,1,0.45379039360481377,0.49783434470894383,6.3865386681014265,0.4568421052621348,0.1663157894733647,0.37684210526239514,0.7465618860510927,0.8485845951272508,1.1323748668796334,-3.0,0.7295641519340588,140,11,0.0,63.62499999999896,2.0,2.1133595284872873,2.7096267190527827,0.9875816316693281,0.6696743268001246,1,PIVOT_SCALP,SELL,48652.0,48786.46,48383.08,2025-01-14 11:35:00+05:30
4,53.42908898074461,-1.1567726560402933,-0.08492396131449337,1,-1.4520121751527593,-0.02584496068783892,2.7645501930977407,0.6846267918925412,0.1176470588234258,0.19772614928304438,1.6368259839334565,0.8086319218227691,1.0175189393938482,-3.0,0.39137687668410187,95,10,1.0,61.79642857142816,2.0,2.4512685661446114,3.008264462805093,1.0718486947240655,1.504536665177045,0,PIVOT_SCALP,SELL,49190.95,49342.43,48887.99,2025-01-16 10:50:00+05:30
4,57.10864754698396,0.10461536927578918,0.6819234306167677,1,0.1803068842494152,0.5704883964388991,3.037081671984587,0.4343434343419571,0.2037037037030859,0.3619528619515901,0.5494186046512362,0.795600366634506,0.9735483459749333,-2.0,0.6255614012573759,155,11,0.0,54.05714285714358,2.0,1.4957452431289964,3.00237843551243,0.5773080613399105,0.6246056782321976,0,PIVOT_SCALP,SELL,49282.2,49363.06,49120.49,2025-01-16 11:50:00+05:30
4,42.40403326346554,0.28574652354669045,-0.5259244807579747,-1,-1.1978422913836217,0.5476661934499757,5.4140326207131695,0.5034129692816334,0.17918088737142882,0.3174061433435249,0.46035576005829554,0.515401953417676,0.9533408369998393,2.0,0.23986715466988448,160,11,0.0,63.64642857142774,2.0,1.0757028225127852,1.8563492508809192,-0.8116710043033898,0.6173619890420424,1,PIVOT_SCALP,BUY,48486.45,48417.99,48623.38,2025-01-17 11:55:00+05:30
4,53.17375005156288,0.8181150590875539,0.8049195080707464,-1,0.42960265815011467,0.9257602889514345,3.356796842547246,0.6906377204875767,0.06037991858875478,0.24898236092231169,1.0041360517736009,0.9999999999984973,0.9377956718671843,2.0,0.37671140029817657,200,12,0.0,73.39642857142826,2.0,2.119171816456693,2.328451170256212,-0.013195551016789426,0.8306097148643364,0,PIVOT_SCALP,BUY,48587.4,48431.86,48898.48,2025-01-17 12:35:00+05:30
4,63.58239371775146,-0.09533246844167075,1.3949564626243802,1,4.14030148263089,0.621820144127451,8.922026846313141,0.7978620019420727,0.10009718172966002,0.10204081632632363,0.9313421256789155,0.584918032786099,1.2383272431993777,-2.0,0.8722635204254402,195,12,0.0,55.24285714285621,2.0,1.7952417895009949,2.6238686320097235,1.4902889310633531,0.8201817312278353,0,PIVOT_SCALP,SELL,49323.1,49422.27,49124.75,2025-01-20 12:30:00+05:30
4,63.915883910981286,0.1768627175410184,1.5155223970096081,1,4.646998722860618,0.7361010856871302,3.785819977463906,0.5225102319221949,0.3792633014996719,0.09822646657540461,0.6318965517241574,0.5347355003179258,1.301457518663419,-2.0,0.8852570439939522,220,12,0.0,58.00000000000052,2.0,1.7008620689656526,3.016379310339675,1.3386596794662817,0.575082378784606,0,PIVOT_SCALP,SELL,49399.95,49498.6,49202.65,2025-01-20 12:55:00+05:30
4,50.68793147181998,0.8225961062077477,0.3382370479137828,-1,-0.6773134968223478,0.5323346509884979,6.284968853827493,0.7055243445689493,0.2387640449437101,0.0557116104868725,1.8710464570623908,0.3604309500482735,0.394360757049074,4.0,0.25253074997275893,220,12,1.0,114.1607142857148,2.0,1.8273893320819017,2.4789613639896833,-0.4843590582935407,2.1514907332773934,0,PIVOT_SCALP,BUY,48856.45,48647.83,49273.68,2025-01-21 12:55:00+05:30
4,54.30292468359264,1.1086324737795434,0.803938085728785,-1,-0.16073508185175991,0.6028505292842059,6.495176965180546,0.4714658709432941,0.3465124953373272,0.18202163371863278,1.2156761133603389,0.7055243445689493,1.8710464570623908,5.0,0.31664308261670665,225,13,1.0,110.26785714285818,2.0,2.3273036437246333,3.0593684210498813,-0.30469438805048216,1.1947415329757727,0,PIVOT_SCALP,BUY,48915.35,48658.72,49428.6,2025-01-21 13:00:00+05:30
4,41.411246527964934,-0.03698506228944407,-0.7525976176283777,-1,-0.5535775028540063,0.29270688905742426,4.4069840289279325,0.40494590417173704,0.3137557959804715,0.28129829984470023,0.3798699937094437,0.5705378020255754,0.7538506736056008,4.0,0.275053879310269,55,10,0.0,85.16071428571377,2.0,1.0669951771860116,2.3126860977116697,-0.7156125553380933,0.6062593703138088,0,PIVOT_SCALP,BUY,48451.15,48360.28,48632.88,2025-01-24 10:10:00+05:30
4,50.740202098460166,0.7213630393468993,0.29881896082729364,-1,0.46041475730949644,0.5509060083727879,4.29616220202865,0.4420654911834985,0.5579345088156619,0.0,1.3483745754488707,0.5969155275144823,1.4961231599056244,2.0,0.4961063372716157,70,10,0.0,88.32857142857185,2.0,2.1916221898754573,2.8439268963254594,-0.4225440785191273,1.4116392082477298,1,PIVOT_SCALP,BUY,48532.6,48339.02,48919.77,2025-01-24 10:25:00+05:30
4,53.634257053997466,0.5488018895695317,0.6726751141640189,1,1.221471245721378,0.8215372115161105,3.7735810190430237,0.613733905578489,0.3862660944200804,0.0,0.9356087767101054,0.4614512471644687,0.5951130174948052,2.0,0.7978250123576792,150,11,0.0,74.71071428571304,2.0,1.2236674793249565,1.6958745637914,0.12387322459432136,1.236949212526515,1,PIVOT_SCALP,BUY,48166.95,48075.53,48349.79,2025-01-27 11:45:00+05:30
4,62.47925123795197,-0.17974190651502708,1.3018208155017548,1,0.5336540586848417,0.6052186714540616,8.559808363553657,0.5270413573690118,0.4178154825017548,0.055143160127112435,0.5735511338951482,0.5350241545887422,0.9713830812419174,-2.0,0.6575771640750444,90,10,1.0,82.20714285714192,2.0,1.1023459900947483,1.8264836215113263,1.4815627220149796,0.5587154876162986,0,PIVOT_SCALP,SELL,48732.4,48823.02,48551.16,2025-01-28 10:45:00+05:30
4,58.74399522400383,-0.525134616472992,0.5624032856298714,1,3.934701487422132,0.5128256696026364,3.8008976543380797,0.7228490832147625,0.08603667136798047,0.19111424541584654,1.360751250942538,0.5368852459001268,0.7161425576521201,-2.0,0.8873852431144622,245,13,0.0,52.1035714285707,2.0,1.6891425046269024,1.8492014531462215,1.087537902100776,1.6187214611834984,0,PIVOT_SCALP,SELL,49101.5,49189.51,48925.48,2025-01-28 13:20:00+05:30
4,42.75516431059873,-0.9211908317896311,-0.8347869894319544,1,0.28276022539872886,-0.192241216002588,1.548438464296105,0.9926918392181501,0.007308160779413776,0.0,1.0465264499680462,0.585526315787376,0.7708050348637697,-2.0,0.6676132329971196,310,14,0.0,39.22499999999906,2.0,1.866730401529585,2.109623964303149,0.08640384235745645,1.1678520625855064,0,PIVOT_SCALP,SELL,49266.9,49340.12,49120.46,2025-01-30 14:25:00+05:30
4,36.08863156959057,-1.3701142988525172,-1.482870865137538,-1,-0.5713683882877377,-0.3190451553572675,2.1806659534122317,0.6098360655727231,0.09672131147527513,0.29344262295036244,1.4665979735531989,0.9926918392181501,1.0465264499680462,-3.0,0.5679397983812197,315,14,0.0,41.59285714285579,2.0,2.3624076936286733,3.26378155589128,-0.11275656628474964,1.6201859229705269,0,PIVOT_SCALP,SELL,49231.8,49330.06,49035.28,2025-01-30 14:30:00+05:30
4,47.31331603323591,0.306716815731735,-0.20534042781661493,-1,0.8057664420371211,0.4178180684263143,4.289360005564983,0.47728813559263233,0.04745762711857972,0.475254237287432,0.8807472489977055,0.8417835311033615,1.6869150779895696,2.0,0.6108079563455081,30,9,0.0,83.73571428571346,2.0,2.1719952230657986,2.113793397591969,-0.5120572435477384,0.9323640960797316,1,PIVOT_SCALP,BUY,49205.3,49023.43,49569.05,2025-01-31 09:45:00+05:30
4,48.148918469554495,0.32629892607777233,-0.07014069979523989,-1,0.41965351323512856,0.44582229541612783,4.254547903768303,0.9173126614975056,0.0,0.0826873385012024,0.8167941808314364,0.3502183406106657,0.6152133865520438,2.0,0.5090653054038017,60,10,0.0,94.76071428571387,2.0,1.2676779859043834,1.5861003278919303,-0.39643962587259385,1.1653116531148038,1,PIVOT_SCALP,BUY,49176.4,49056.27,49416.65,2025-01-31 10:15:00+05:30
4,62.24872681623194,-0.5412451166286585,0.9279394778962992,1,-0.3993801682197357,0.5786403749580677,13.471798156847775,0.8237885462542931,0.1762114537442384,0.0,0.81136972894769,0.4445266272182223,0.7914366950995009,-2.0,0.5908880022268594,75,10,1.0,83.93214285714255,2.0,1.5529594485340923,1.8455384877217518,1.4691845945232072,0.9816923742237373,1,PIVOT_SCALP,SELL,49800.9,49931.24,49540.21,2025-02-04 10:30:00+05:30
4,54.784943312245545,-0.3736408160729118,0.29936648622824125,1,1.773898624543563,0.5555473159111889,4.088169433446295,0.792334494772496,0.14773519163740448,0.059930313588705805,1.024425067564119,0.6341647770210133,0.9293061060659452,-2.0,0.8116577625387346,265,13,0.0,70.03928571428592,2.0,1.7861965223600003,1.8261179950002124,0.6730073023001921,0.988564342792812,0,PIVOT_SCALP,SELL,49991.45,50116.55,49741.24,2025-02-04 13:40:00+05:30
4,57.76769854288922,-0.06642489521218439,0.8161211199728607,1,-1.1215464164448137,0.6817946854440541,6.381908043017803,0.8577110030924314,0.06893504197963692,0.07335395492704788,1.3391098524874543,0.4569471624256397,0.5922675718189295,-7.0,0.04397350993376696,15,9,1.0,84.49642857142784,2.0,1.9154613466334611,3.8723530157610866,0.8825460151840007,1.338894805346903,0,PIVOT_SCALP,SELL,50230.4,50392.25,49906.7,2025-02-05 09:30:00+05:30
4,54.87810068161611,-0.49060260732919053,0.2741477266764336,1,-0.10431283792271666,0.44034603730692207,3.7449731676094427,0.5456221198146356,0.20921658986133868,0.24516129032218237,0.9004149377593361,0.6558632881548241,1.3966257127740584,-2.0,0.6348092152625648,105,11,0.0,60.25,2.0,1.783817427385868,2.031535269706196,0.7647503340043548,0.9208962824632044,0,PIVOT_SCALP,SELL,50391.8,50499.28,50176.85,2025-02-05 11:00:00+05:30
4,49.85585709228106,0.4337719295283308,0.060861765368131066,-1,-0.26616926340424796,0.4421115604667533,4.24238855696683,0.9886889460144225,0.002056555269890838,0.009254498714658404,0.7170506912442369,0.805668016193444,0.6489022330643399,2.0,0.42956043039445874,100,10,1.0,135.6250000000005,2.0,1.4485714285714337,1.5262672811048599,-0.37291016415992484,1.018217987644216,0,PIVOT_SCALP,BUY,50299.8,50103.34,50692.73,2025-02-07 10:55:00+05:30
4,45.106692522268666,0.19978100478824867,-0.5452160484554804,-1,-1.8690913605142325,0.3600751246684509,6.949305129762958,0.5777142857136587,0.19142857142835265,0.23085714285684575,1.279640656011686,0.4791666666656684,0.7244892458627488,2.0,0.20226874635078881,225,13,0.0,68.37857142857216,2.0,1.3160242348270905,1.913611198158762,-0.7449970532426397,1.3612321095187225,0,PIVOT_SCALP,BUY,50163.55,50073.56,50343.53,2025-02-07 13:00:00+05:30
4,53.878894736490665,0.8801467532483083,0.7520276586766667,-1,0.30081453870011177,0.9162031646380968,2.127989933655412,0.6343873517775357,0.12154150197593284,0.2440711462445552,0.9456681350954225,0.878266850067595,1.3792262348398336,2.0,0.3987404706661437,190,12,0.0,53.50714285714275,2.0,2.052075824322572,2.417434254434119,-0.12811909457140214,1.0085708590770681,1,PIVOT_SCALP,BUY,49883.55,49773.75,50103.15,2025-02-10 12:25:00+05:30
4,51.73845810512632,0.165858129242185,0.21172012329031242,1,0.08602253732901662,0.6053895464565311,2.8904975899890197,0.6918918918899826,0.1567567567562151,0.15135135135109962,0.7456992730151704,0.36835278858519277,0.7722134783231197,3.0,0.3602916804772198,310,14,0.0,49.617857142858284,2.0,1.2951342402649473,2.5273159144841886,0.04586199404803499,0.9296482412036603,1,PIVOT_SCALP,BUY,49866.15,49801.89,49994.67,2025-02-10 14:25:00+05:30
4,38.98076801147961,0.12575753062530562,-1.1737943229322645,-1,-0.9353654449625353,0.37458461287379474,5.342706321198185,0.89060092449641,0.10939907550050824,0.0,0.6228406909789818,0.3774560496372865,0.7947634143477674,3.0,0.19944049423004143,100,10,0.0,52.09999999999906,2.0,1.7420345489442686,3.0249520153493066,-1.2995518535550756,0.68735437407196,0,PIVOT_SCALP,BUY,49563.35,49472.59,49744.87,2025-02-11 10:55:00+05:30
4,45.68454810219539,0.725050415018661,-0.14347123130466424,-1,-0.006596386274603395,0.6335929844226139,4.174787576343496,0.5211864406765957,0.44774011299302596,0.03107344632755345,0.7231341650252086,0.5705329153593006,0.9530516431926219,2.0,0.3042312623848245,115,11,0.0,48.953571428570804,2.0,1.3695702925513036,2.989567374328183,-0.8685216463215509,0.9095580678291222,0,PIVOT_SCALP,BUY,49608.3,49541.25,49742.39,2025-02-11 11:10:00+05:30
4,46.46705113105005,0.8376738464982125,-0.013530263093199995,-1,0.371152965875933,0.4846711974779787,8.176802457226788,0.5818278427198558,0.2656748140273314,0.15249734325175007,0.9018963510645978,0.8274314214456022,0.9679644125659331,5.0,0.36146971201585,80,10,0.0,104.33571428571615,2.0,1.7734442390634717,3.030601766273526,-0.8512041095905967,0.9162609542347763,1,PIVOT_SCALP,BUY,49025.55,48840.52,49395.62,2025-02-12 10:35:00+05:30
4,45.57302930669424,0.5880158467057975,-0.2833420833097608,-1,-1.9476054136802419,0.4905301351211619,8.17392657521221,0.5028328611890999,0.15226628895162883,0.3449008498578549,0.9642456465538246,0.47931034482668455,0.7517126458063443,2.0,0.2248464463293046,160,11,0.0,73.21785714285579,2.0,1.0451246280670354,2.2467196722080844,-0.8713579300143682,1.0052684038145976,0,PIVOT_SCALP,BUY,49062.9,48986.38,49215.94,2025-02-14 11:55:00+05:30
4,39.18839633511978,-0.22631411149321293,-1.3333887179865873,-1,-3.55730580181211,0.2616939230057332,3.892807506011257,0.5452471482881219,0.36882129277510445,0.08593155893525266,0.883312541982555,0.6715116279055815,0.6908951798010671,2.0,0.10921328338305847,190,12,0.0,74.43571428571262,2.0,1.2553593705019055,3.5453411380818918,-1.107074606491887,0.9153557009593419,0,PIVOT_SCALP,BUY,48891.5,48798.06,49078.39,2025-02-14 12:25:00+05:30
4,39.29263292007312,-0.10716462859606549,-0.9293340847955959,-1,-0.6209297638025907,0.27215544651866685,6.224424883852645,0.4428571428568209,0.45112781954853304,0.10601503759389432,1.0235830905392744,0.5361702127650448,0.46796768320436805,2.0,0.27520204168433166,65,10,0.0,129.9357142857147,2.0,1.043543510527195,1.4576438898345179,-0.8221694561988977,1.4538696982931154,1,PIVOT_SCALP,BUY,48655.0,48519.41,48926.19,2025-02-17 10:20:00+05:30
4,46.02830903404851,0.5154119014112499,-0.26645222573675287,-1,0.08356157228957482,0.397504894153558,6.833232732220337,0.579436152570087,0.007628524046439087,0.4129353233828107,1.3227413744476801,0.4428571428568209,1.0235830905392744,3.0,0.4609740535941129,70,10,1.0,113.96785714285735,2.0,1.8632164457396803,1.911942590327685,-0.7818641271473168,1.538108356288596,1,PIVOT_SCALP,BUY,48742.35,48530.0,49167.04,2025-02-17 10:25:00+05:30
4,56.75053757549417,-0.8079143802710318,0.4087056132491014,1,0.7786819231704156,0.5621309843587908,10.372327615961803,0.697971014491995,0.011014492753576674,0.2910144927532689,1.1009299781181519,0.9550499445050112,1.1411770027592825,-2.0,0.7736730360933208,95,10,0.0,78.34285714285787,2.0,2.4154631655725645,2.6358497447085,1.2166199935185802,1.374501992029714,1,PIVOT_SCALP,SELL,49441.7,49630.93,49063.23,2025-02-19 10:50:00+05:30
4,58.59200561370352,0.27906989927216735,0.9216980707524062,1,1.8240429505134774,0.659134126905958,3.8941335496743643,0.4685099846375356,0.5038402457741814,0.027649769585210742,0.531862745098085,0.47916666666552277,0.6969051907647885,-2.0,0.8871701546859706,170,12,0.0,61.20000000000021,2.0,0.9366013071895345,2.3537581699307153,0.6426281714791887,0.7273743016744172,1,PIVOT_SCALP,SELL,49535.25,49592.57,49420.61,2025-02-19 12:05:00+05:30
4,45.30734106056015,0.6180760092750173,-0.12826807072898264,-1,-0.6243933496707393,0.812694895439647,3.1626693285251988,0.6252019386088892,0.03392568659102878,0.34087237479685106,0.6246215943490862,0.5116279069751577,0.6239635157545618,3.0,0.3000645101833417,135,11,0.0,49.54999999999979,2.0,0.9829465186680515,2.0847628657878423,-0.7463440800024935,0.7253339582827706,1,PIVOT_SCALP,BUY,48926.8,48878.1,49024.21,2025-02-21 11:30:00+05:30
4,52.17825167068549,1.3304312740819872,0.8611704874859125,-1,0.4632929957913183,1.0568662297368945,3.498269266183112,0.7328042328032263,0.26058201058170355,0.006613756613747356,1.4631920923482036,0.6252019386088892,0.6246215943490862,4.0,0.4019905999446266,140,11,0.0,51.66785714285756,2.0,2.017052602474566,3.430566115981444,-0.4692607865951665,1.9354838709629067,0,PIVOT_SCALP,BUY,48982.1,48877.88,49190.53,2025-02-21 11:35:00+05:30
4,38.54634415948844,0.3328447166381401,-0.9823407669005961,-1,0.3440898519391754,0.4195153361971915,11.629744998949471,0.6982035928127337,0.257485029939503,0.04431137724536799,0.5743907232704493,0.764934057407624,0.8632797550707693,2.0,0.4379915957331281,75,10,1.0,72.68571428571315,2.0,1.3891116352201738,1.4370086477968478,-1.3151854835369268,0.7800822122556468,0,PIVOT_SCALP,BUY,48485.15,48384.18,48687.09,2025-02-24 10:30:00+05:30
4,40.48304646327114,0.15766473154282057,-0.9643564866339449,-1,-0.3783726170898991,0.49021708492309374,2.215150118916609,0.4747706421996854,0.1582568807331172,0.3669724770626103,0.48329374505137357,0.6915544675625912,0.8584509156409219,2.0,0.31537549832985323,125,11,0.0,45.107142857142335,2.0,1.0743467933491535,1.3756136183659935,-1.122021218174278,0.6749226006170006,1,PIVOT_SCALP,BUY,48428.25,48379.79,48525.17,2025-02-24 11:20:00+05:30
4,58.591357183418246,0.07831506652600127,0.7406786380146522,1,0.1258742208862018,0.7250651141806312,3.506375880289214,0.4890929965546759,0.14580941446577728,0.3650975889772506,0.6212870025984092,0.46740220661899395,0.7111631935598776,-3.0,0.5714620431112424,45,10,0.0,70.09642857142742,2.0,1.1000509502217144,1.9116523156848773,0.662363571487706,0.7294807370171482,1,PIVOT_SCALP,SELL,48770.7,48847.81,48616.48,2025-02-25 10:00:00+05:30
4,38.17476879861992,0.44902992821232207,-0.7804601120405821,-1,0.9630492489304614,0.38855314223943216,9.69836173610462,0.8213751868448584,0.17862481315364673,0.0,0.6434902095500032,0.9999999999986903,0.7220345852472231,2.0,0.6500982869978543,50,10,1.0,103.96428571428467,2.0,1.5716592236345377,2.341669529369093,-1.2294900402517215,0.7863187588143229,1,PIVOT_SCALP,BUY,48392.65,48229.25,48719.44,2025-02-28 10:05:00+05:30
4,42.26618107320317,0.6711066410399678,-0.36650074016649253,-1,1.25303843543719,0.4466296240868569,9.203335073489894,0.7519999999986123,0.20099999999951068,0.0469999999998769,0.4858411993337074,0.8213751868448584,0.6434902095500032,3.0,0.7614434147709251,55,10,1.0,102.91428571428489,2.0,1.7183370349806097,2.3820794003308667,-1.037607381205452,0.6823144104794155,0,PIVOT_SCALP,BUY,48432.3,48255.46,48785.98,2025-02-28 10:10:00+05:30
4,50.86144667251665,0.9116650350592163,0.5075508218890883,-1,-0.18559160104987416,0.758692757607152,3.0214177809466194,0.7046496398157626,0.0995415848066632,0.19580877537626448,1.3466456692913007,0.7318224740307638,0.9677545691905381,2.0,0.19355058631030658,170,12,0.0,56.69642857142909,2.0,1.9466771653542982,1.9807244094452303,-0.40411421316941526,1.3884342607721127,1,PIVOT_SCALP,BUY,47983.25,47872.88,48203.99,2025-03-03 12:05:00+05:30
4,51.800679916539195,-0.8379638619517206,-0.09140044198737714,1,-0.7823419388131383,0.5327986722969699,6.729853274809628,0.9282511210751738,0.01289237668161663,0.0588565022420884,0.9933975021875376,0.8336262448731026,0.9993727261322051,-2.0,0.5462130937097721,60,10,0.0,89.79285714285756,2.0,1.8273088855302038,2.3871609259379714,0.7465634199635119,1.236656037707931,0,PIVOT_SCALP,SELL,48445.55,48609.63,48117.39,2025-03-05 10:15:00+05:30
4,51.61068147855385,-0.5163757722131889,-0.08085753880294705,1,-0.6151239403131754,0.40103120862385505,5.188238740753864,0.7639484978524305,0.060085836909806636,0.17596566523561694,0.6886214903947369,0.7903743315492049,0.6717988196048141,-2.0,0.5896448438167281,90,10,0.0,67.67142857142919,2.0,1.43586658222502,2.1729997888927377,0.4355182334095982,0.9229550406002532,0,PIVOT_SCALP,SELL,48465.85,48563.02,48271.52,2025-03-05 10:45:00+05:30
4,39.09884369238836,0.4168898967584514,-0.5630352520613953,-1,0.650852338040665,0.5155813414904012,6.06885509122092,0.6130790190724233,0.3823796548585569,0.004541326067203136,0.7842678335199438,0.3875395987319437,0.6147639803395054,2.0,0.5842361438214443,85,10,0.0,70.19285714285641,2.0,1.3551134629082668,1.6561514195560174,-0.9799251488184506,0.9550659264383513,1,PIVOT_SCALP,BUY,47888.95,47793.83,48079.19,2025-03-11 10:40:00+05:30
4,55.27301164571756,0.8800515606497915,0.8326376120593819,-1,0.9484503099379611,0.9208312484666327,2.451228831077815,0.6120603015062489,0.20201005025090873,0.1859296482408323,1.1937612477504411,0.46214788732310635,1.4063135555752668,3.0,0.6258439315432089,245,13,0.0,41.67500000000031,2.0,2.135992801439738,2.3347330533837725,-0.04741394859029582,1.1805885144727724,1,PIVOT_SCALP,BUY,47902.2,47813.18,48080.24,2025-03-11 13:20:00+05:30
4,52.5682791329824,-0.5480499205073586,0.033032825710902894,1,-0.32811623001966284,0.34953001763942554,2.7677056671497464,0.42143906020492744,0.15638766519803296,0.4221732745955712,0.9971238822360206,0.7715012722638754,1.4622089933028415,-2.0,0.6448925909686863,95,10,0.0,68.29642857142919,2.0,1.8790095696281544,2.1999686241666065,0.5810827462174106,1.0265299969836899,1,PIVOT_SCALP,SELL,48100.65,48228.98,47843.99,2025-03-12 10:50:00+05:30
4,47.31098630528117,-0.7311858276126161,-0.6165590065374055,1,-1.029596509685087,0.14914336730638414,3.277042386301482,0.45208333333233086,0.2906249999994855,0.2572916666661003,0.9010458567980745,0.8200836820059515,0.6653410220719568,-3.0,0.5304690925031308,125,11,0.0,53.27142857142826,2.0,1.3436310002682372,1.4773397693723482,0.11462682107499533,1.1334120425002752,1,PIVOT_SCALP,SELL,48061.5,48133.08,47918.35,2025-03-12 11:20:00+05:30
4,53.354137687556054,-0.7795929779875981,0.07581801498144608,1,0.14989405123544444,0.47559564185624853,5.932926739469376,0.40674603174521295,0.29662698412647365,0.29662698412632926,1.120088895944186,0.7836787564746832,0.8286437169362824,-4.0,0.648939867917741,105,11,0.0,44.99642857142732,2.0,1.629010238907883,2.3412969283224743,0.8554109929671431,1.2182741116722258,1,PIVOT_SCALP,SELL,48251.45,48324.75,48104.85,2025-03-13 11:00:00+05:30
4,49.795973529904856,-0.8167309279923681,-0.42124295772989295,1,-0.33319106843187396,0.2817080096204524,4.693728703621525,0.6156405989995556,0.026622296173050605,0.35773710482406607,0.7294321629823078,0.7046123650622305,1.2274995697815878,-2.0,0.5828988529716389,125,11,0.0,41.19642857142805,2.0,1.4484178586910095,2.0729952318979334,0.39548797026151516,0.8015470792190464,1,PIVOT_SCALP,SELL,48232.45,48292.12,48113.11,2025-03-13 11:20:00+05:30
4,55.51352407048063,-0.6348329603317066,0.36516872830761943,1,-0.6234179935107885,0.5479198239231965,9.29874071811374,0.9190243902420808,0.01658536585359778,0.06439024390237016,0.9250306194804427,0.38062622309118554,0.9087329310892173,-3.0,0.5588733587460792,75,10,0.0,55.40357142857101,2.0,1.7470057371236625,1.7895958228550575,1.0000016886375211,1.100257621294325,0,PIVOT_SCALP,SELL,48328.05,48424.84,48134.47,2025-03-17 10:30:00+05:30
4,56.07924058919875,-0.4499113106544025,0.42957072713139016,1,0.685861937071744,0.5681784190441548,4.527106556536784,0.7903030303010791,0.14060606060579028,0.06909090909070632,1.1524645779285272,0.5408805031423153,0.6583850931678418,-3.0,0.7288343558279705,155,11,0.0,35.792857142858075,2.0,2.261045699461145,2.2406705248389405,0.8794820377833354,1.0999999999970238,1,PIVOT_SCALP,SELL,48404.0,48484.93,48242.14,2025-03-17 11:50:00+05:30
4,38.82244167136347,-1.6112380333105505,-1.7187207005088976,-1,-1.3132579392424004,-0.1613539665899155,3.3925016453695047,0.6307572209201646,0.30757220921101386,0.06167056986726025,1.2416228191637155,0.5260700389096191,1.2891436761017556,-5.0,0.5750610252236442,210,12,0.0,51.585714285714594,2.0,2.0811686513429906,4.126142342833408,-0.10748266719813883,0.9787591687026921,0,PIVOT_SCALP,SELL,48912.15,49019.51,48697.43,2025-03-18 12:45:00+05:30
4,57.96023245955613,-0.5026652363834413,0.37850160874089156,1,1.6280419122461947,0.31220988951881723,2.256678609213346,0.5079545454533579,0.1340909090906374,0.3579545454537319,1.210216110019629,0.6403326403301546,0.66938369781299,-2.0,0.8367986990356971,170,12,0.0,36.35714285714338,2.0,1.3322200392928374,1.6791748526476966,0.8811668451219091,1.3592832869899434,0,PIVOT_SCALP,SELL,49685.0,49733.44,49588.13,2025-03-19 12:05:00+05:30
4,54.32418117659427,-0.5627044168868085,0.07212052622378111,1,1.846334577944041,0.47658026380783786,2.9439239769774646,0.6354978354966847,0.25454545454508937,0.10995670995649436,1.5313950184676874,0.351501668519827,1.2763411418721564,-2.0,0.8305541170376262,230,13,0.0,37.71071428571356,2.0,2.269144805379415,2.337531963247981,0.6348249431089061,1.3361869504828034,0,PIVOT_SCALP,SELL,49725.75,49811.32,49554.61,2025-03-19 13:05:00+05:30
4,56.44421556231091,-0.08833773929355067,0.5987660671633686,1,-1.1833646571249237,0.6609172185680257,5.433438228842352,0.7872913301014643,0.14754981152377544,0.06515885837368324,1.2528552840826805,0.46209150326735077,1.1004932182490785,-3.0,0.03424851401075254,20,9,0.0,74.11071428571397,2.0,1.9978362488554955,4.749650619240876,0.6871038064559921,0.9451343648198616,0,PIVOT_SCALP,SELL,49865.15,50013.21,49569.03,2025-03-20 09:35:00+05:30
4,60.71690581244047,-0.2400241913218387,0.840335154600697,1,2.7903840621404026,0.6594528661564988,6.600489168762841,0.714864864862854,0.21486486486440212,0.07027027027004101,0.7451093210586912,0.6966911764691819,1.098197548666227,-3.0,0.7731526749543929,295,14,0.0,49.65714285714265,2.0,1.7150747986191195,1.7862485615613688,1.08035934592036,0.7734113712358509,0,PIVOT_SCALP,SELL,50048.4,50133.57,49878.07,2025-03-20 14:10:00+05:30
4,58.42641774378916,-0.7478865142922897,0.4796811470781773,1,2.0611722195653024,0.5346471491695423,7.3363785119711435,0.6766040181455404,0.07712248865841272,0.24627349319475067,1.4758488761358657,0.5813953488351897,0.5552323518977897,-2.0,0.8034961760573108,145,11,0.0,52.27499999999937,2.0,1.9660927785749405,2.771879483495476,1.2275676613681186,1.5523138832966592,0,PIVOT_SCALP,SELL,50406.75,50509.53,50201.19,2025-03-21 11:40:00+05:30
4,55.283594045570716,-0.9179795028756684,0.09536950707366364,1,1.6641506860301625,0.45839449772447394,6.816893284173867,0.4161849710969123,0.0,0.5838150289001974,0.6752631212099889,0.6766040181455404,1.4758488761358657,-3.0,0.7727485562664665,150,11,0.0,51.23928571428509,2.0,1.9384331219069257,3.2357984247515703,1.0133490099473543,0.7912188428977635,0,PIVOT_SCALP,SELL,50387.05,50486.37,50188.4,2025-03-21 11:45:00+05:30
4,62.36710848415515,-0.6540225395082928,0.9160891666386672,1,1.8159216858390885,0.4876537965291593,6.208303975178011,0.6445565969709238,0.14996395097313162,0.20547945205450252,0.9717745971374047,0.7727930535433627,0.47451807524396544,-2.0,0.782421193140898,140,11,0.0,71.36428571428561,2.0,1.412981683515143,2.1187068361495305,1.5701117061447598,1.222672778559179,0,PIVOT_SCALP,SELL,51557.9,51658.74,51356.23,2025-03-24 11:35:00+05:30
4,53.15814641863188,-0.6144123924131785,-0.10895995187386741,1,2.055041445468788,0.3780524107864344,2.830390207714854,0.40348964012993027,0.4601962922564258,0.13631406761146292,0.8967588711931809,0.6498172959797138,1.6256276076656344,-3.0,0.8451073005441112,245,13,0.0,51.12857142857164,2.0,1.8563565241687936,2.215982117905744,0.5054524405383225,0.8844521604922432,0,PIVOT_SCALP,SELL,51618.95,51713.86,51429.12,2025-03-24 13:20:00+05:30
4,58.537866888101284,-0.13754697412765832,0.7296800582746001,1,0.9830574756378656,0.5560064779949992,2.956465208206317,0.597385620913623,0.013071895424802426,0.3895424836589601,0.6306677658697509,0.57708508845734,0.9610224381216609,-2.0,0.8688237169268574,125,11,0.0,60.64999999999937,2.0,1.3893652102227134,1.8845836768312552,0.8672270324008285,0.7234726688089448,0,PIVOT_SCALP,SELL,51595.95,51680.22,51427.42,2025-03-27 11:20:00+05:30
4,36.5495023081166,-0.7782900001630222,-1.898492832014178,-1,-2.1782265775699927,0.15985601768270336,6.722970893804877,0.5747409965460618,0.08288110508133485,0.3423778983716167,0.8469780629756595,0.6238354037261984,1.0620177866776792,2.0,0.22535523978682323,85,10,1.0,119.6607142857148,2.0,1.3723474108341944,4.0192807043690815,-1.1202028318502197,0.6498044495732173,0,PIVOT_SCALP,BUY,51160.5,50996.28,51488.93,2025-04-01 10:40:00+05:30
4,39.007231154140534,0.16479255502072807,-1.1985426121547098,-1,-3.738298096139651,0.38779196309607544,5.707740904232136,0.627436823103745,0.2404332129960637,0.13212996389874718,0.8740927737456599,0.8413333333311673,0.4763200870985283,2.0,0.12475447258054648,175,12,0.0,79.22500000000011,2.0,1.390627958346487,1.5007888923931993,-1.363335167173717,1.0666974738122625,1,PIVOT_SCALP,BUY,50859.5,50749.33,51079.84,2025-04-01 12:10:00+05:30
4,62.458248547148585,0.6265711381060015,1.5501985404477323,1,3.1566470272621796,0.8484890895278088,5.72465498564052,0.5698113207533201,0.304402515722468,0.12578616352169614,0.8027986151182953,0.48585485854737287,0.816206525636458,-2.0,0.917014371812579,280,13,0.0,49.514285714285506,2.0,1.3652914021928375,3.924120023073365,0.9236274023398654,0.7040382571719839,1,PIVOT_SCALP,SELL,51598.95,51666.55,51463.75,2025-04-03 13:55:00+05:30
4,54.38224667391786,-0.37132151967560645,0.373368767970916,1,2.0769827247743535,0.6247381155352185,5.794798873471625,0.6011754827865347,0.22418136020112686,0.17464315701065916,1.1330524599075296,0.8121645796050978,1.11831951986272,-2.0,0.865156632889486,295,14,0.0,52.55714285714151,2.0,1.777222071214882,2.134819244355818,0.7446902876451056,1.2230437461465562,0,PIVOT_SCALP,SELL,51559.8,51653.21,51372.99,2025-04-03 14:10:00+05:30
4,55.592609375844525,0.10160642170812925,0.6184113341681892,1,0.046302207587087314,0.7177427218464785,3.6656814876054677,0.4246713852371781,0.5131445904949236,0.06218402426688722,0.9304794865764083,0.7758892036507621,1.5421260661535214,-2.0,0.5588059701491203,30,9,1.0,106.2892857142854,2.0,1.8381808406975775,3.9397197674772366,0.5168049124595737,0.6317066939188736,1,PIVOT_SCALP,SELL,51708.85,51904.23,51318.09,2025-04-04 09:45:00+05:30
4,36.475162813932215,0.5729052348197836,-1.5079862445401595,-1,0.3746876193753449,0.4792815057033575,12.183375063630649,0.4916142557649013,0.09329140461208492,0.415094339622315,1.1099783921546689,0.6471130221126041,1.2494586519749038,2.0,0.5595861486486038,90,10,2.0,128.92142857142971,2.0,1.9123441741924572,2.2971355753763465,-2.0808914793583293,1.0119510642804381,0,PIVOT_SCALP,BUY,49904.8,49658.26,50397.88,2025-04-07 10:45:00+05:30
4,37.03138747683037,0.14710814255652233,-1.27047135855106,-1,-0.8175369630936801,0.43388477556108174,3.061211272247225,0.7455947136555106,0.2544052863433881,0.0,0.7869501965518532,0.7848710100561667,0.983142444806076,2.0,0.4007179054053691,135,11,1.0,115.38214285714328,2.0,1.558631256384006,1.8196056582148767,-1.417579501106354,0.9450457951697205,0,PIVOT_SCALP,BUY,49716.7,49536.86,50076.38,2025-04-07 11:30:00+05:30
4,62.768177813859054,-0.27420249754642345,1.0554958541287565,1,-1.0963412271397324,0.6450820073760467,10.117381008214334,0.6480446927369475,0.0,0.3519553072623077,0.7651285391520315,0.4575163398687294,0.4626440731214128,-6.0,0.10002116850125017,40,9,2.0,175.46071428571355,2.0,1.5265301553054096,2.692340572776233,1.329698351674422,1.0785731501558002,1,PIVOT_SCALP,SELL,50368.55,50636.4,49832.86,2025-04-08 09:55:00+05:30
4,40.14677667902164,-0.05879804541556032,-1.1810016903403528,-1,-1.8523727171185271,0.2885778128971357,5.865644739468206,0.4496124031003105,0.3059431524544491,0.24444444444420682,1.0856410050895797,0.7128851540607047,0.7306750484265392,2.0,0.22907601740461805,125,11,1.0,89.11785714285621,2.0,1.6064320923335917,2.5370897286871004,-1.122203644923533,1.1128364389221228,1,PIVOT_SCALP,BUY,50045.1,49901.94,50331.42,2025-04-09 11:20:00+05:30
4,43.53800339698273,0.3885220709703989,-0.6903583728061964,-1,-1.4392149177915805,0.38981152238392497,6.342865338579405,0.6302460202594636,0.06078147612153305,0.30897250361755607,0.8602552131964655,0.4496124031003105,1.0856410050895797,3.0,0.30458152034803965,130,11,0.0,80.32499999999969,2.0,2.0178338001867093,2.389044506688619,-1.0788804437752522,0.8865794200656452,1,PIVOT_SCALP,BUY,50089.35,49927.27,50413.51,2025-04-09 11:25:00+05:30
4,59.682445838830205,-0.4203008213506347,0.5927575564630304,1,-0.7267202007084851,0.5778050178357915,9.616301874222536,0.61589698046122,0.07859680284189613,0.3055062166959958,0.8355550844089058,0.5480480480472372,0.50927164978014,-2.0,0.4329980344547458,65,10,1.0,134.76071428571595,2.0,1.0924999337449963,1.8236026820011155,1.0130583778129134,1.6058185966891523,0,PIVOT_SCALP,SELL,50821.35,50968.58,50526.9,2025-04-11 10:20:00+05:30
4,64.31021486222464,-0.11163868650928752,1.4268300639170695,1,3.313461587030592,0.6593959092854338,7.485592559311553,0.8382513661183545,0.0,0.16174863387945967,0.904405535159591,0.7137989778509966,0.579589533817609,-2.0,0.8711306075151699,200,12,0.0,50.58571428571252,2.0,1.385936176221481,2.3504659700602737,1.5384687504233157,1.2411828540389844,0,PIVOT_SCALP,SELL,51160.35,51230.46,51020.13,2025-04-11 12:35:00+05:30
4,58.08861382634479,-0.7719739511503207,0.13270679414967382,1,1.1283647740296878,0.28331640691467774,3.6895318434194895,0.6761603375512032,0.1972573839659453,0.12658227848074172,1.233342626150034,0.4728260869546754,0.7399463806970263,-2.0,0.8009491903962812,205,12,0.0,38.432142857142544,2.0,1.5688226001299965,1.6249419198916297,0.9046807452976406,1.484962406010377,0,PIVOT_SCALP,SELL,52293.65,52353.94,52173.06,2025-04-15 12:40:00+05:30
4,64.45194333267452,-0.22330611233817713,0.9129307734271291,1,-0.05485198670251636,0.6522292857176951,8.163722454976968,0.6725092250915677,0.1609778597784874,0.1665129151290223,1.2012031027386565,0.4999999999989035,0.5348077406384176,-2.0,0.6961681441233392,60,10,0.0,90.24285714285725,2.0,1.2773785024537152,1.3773943327513933,1.1362368857640472,1.841345337180531,1,PIVOT_SCALP,SELL,52714.8,52830.07,52484.25,2025-04-16 10:15:00+05:30
4,55.577873959131175,-0.7836608192254194,0.14356486035715732,1,-0.7720153195984456,0.543602788311603,7.854002728805602,0.9360501567386564,0.015047021943518306,0.048902821316571345,0.8847068145800318,0.6725092250915677,1.2012031027386565,-3.0,0.5012868172718061,65,10,0.0,90.14285714285714,2.0,2.0347068145800455,1.9779714738488683,0.9272256795815481,1.2112697448341103,0,PIVOT_SCALP,SELL,52646.65,52830.06,52279.82,2025-04-16 10:20:00+05:30
4,61.113204271895704,-0.14412733982885256,0.8372764821728691,1,0.35535058823525906,0.6131260621191795,6.677435648766719,0.9126344085997075,0.0,0.08736559139760436,0.47616000000005587,0.36956521739029846,0.48002806156003314,-3.0,0.6963089153888155,80,10,0.0,78.125,2.0,1.3102400000000372,1.714559999997768,0.9814038220004655,0.6558533145264276,0,PIVOT_SCALP,SELL,53391.45,53493.81,53186.72,2025-04-17 10:35:00+05:30
4,60.441608676973935,-0.774482925400607,0.6430331640619706,1,1.6124292831206635,0.5237428246925427,7.141978502502547,0.8965135583830119,0.045379081350315646,0.05810736026556559,1.4615517938645504,0.38562091503188234,0.9146029035012097,-2.0,0.793074618546533,125,11,0.0,61.817857142857456,2.0,1.8163325437634934,2.487145415675668,1.4175160894602845,1.4168104124174767,1,PIVOT_SCALP,SELL,55812.7,55924.98,55588.14,2025-04-22 11:20:00+05:30
4,45.95745214539163,-0.8628792529047433,-0.7237824102672193,1,-0.23041721635882412,0.3971090736456316,3.677652743867698,0.4889478337745559,0.32714412024697315,0.18390804597670254,1.3055738786280324,0.6758849557507162,1.0436216706523669,-2.0,0.6538005991777823,275,13,0.0,43.314285714285816,2.0,2.0439313984168375,2.6757915567220816,0.1390968426372029,1.2952359138770644,1,PIVOT_SCALP,SELL,55712.75,55801.28,55535.69,2025-04-22 13:50:00+05:30
4,41.71844261379451,0.10628519839393209,-0.7663519694078725,-1,-1.9584467541037935,0.41575477095403385,5.096274325380767,0.4922644163137249,0.17299578059008816,0.3347398030933739,0.41054194506305425,0.5182427401332886,0.7623256568277835,2.0,0.11434522537918372,135,11,0.0,86.59285714285683,2.0,0.7201435288295113,1.456817619399478,-0.8726371678007968,0.45553562275692394,1,PIVOT_SCALP,BUY,55269.55,55207.19,55394.27,2025-04-23 11:30:00+05:30
4,63.31584607078311,0.8813809003595617,2.017147566822983,1,3.329112198278667,0.8301497156275544,6.728530091820567,0.675048355898833,0.26740812379080264,0.057543520309397196,1.2717209874373399,0.4972541188213288,1.2420054920718546,2.0,0.5677540243590373,300,14,0.0,81.30714285714255,2.0,2.120117719406103,2.8558376526363642,1.1357666664620245,0.946279857233482,0,PIVOT_SCALP,BUY,54843.05,54670.67,55187.81,2025-04-25 14:15:00+05:30
4,60.932670454614914,-0.039434470147880825,1.1671826640418976,1,0.364910052910061,0.6546421540709794,9.863324288569482,0.4289632473939912,0.36588041689480444,0.20515633571010725,0.8680952380952434,0.8267813267802426,0.6435509374294156,-2.0,0.8305641163069986,70,10,1.0,105.00000000000104,2.0,1.304285714285743,1.774761904760183,1.2066171341886291,1.2114566719813595,0,PIVOT_SCALP,SELL,55202.2,55339.15,54928.3,2025-04-28 10:25:00+05:30
4,49.80504956364816,-1.2000729568444952,-0.5732073986134673,1,-0.8791975371291789,0.05798698985477257,3.1056076118461626,0.4999999999993192,0.2958883994121148,0.2041116005870975,0.9676240738860954,0.8419792497997873,1.7690601048810182,-2.0,0.7411898700253586,120,11,0.0,70.37857142857216,2.0,2.253354308332534,2.5895666294492523,0.6268655582301371,1.0444785276057145,0,PIVOT_SCALP,SELL,55135.5,55294.09,54818.32,2025-04-28 11:15:00+05:30
4,40.2428609319941,-0.31674322757864404,-1.0956765733557268,-1,-1.1382942076930924,0.2364740582279035,4.62198318040105,0.4105075690108862,0.031166518254618664,0.5583259127327141,0.6088842415088672,0.5215801024133147,0.6837197670679738,2.0,0.2641837800208212,90,10,0.0,92.21785714285683,2.0,1.334576507493852,2.466984237633366,-0.778933345776238,0.7289367778778322,1,PIVOT_SCALP,BUY,55161.15,55038.08,55407.29,2025-04-30 10:45:00+05:30
4,42.80218340226659,0.06159712417231358,-0.7656348975689439,-1,-1.9453515074523067,0.3255655906415061,3.86416608950075,0.8497164461232165,0.060491493383571876,0.08979206049132117,0.9184597259254852,0.40803571428495966,0.9353934259977233,2.0,0.14293502953200754,190,12,0.0,57.59642857142899,2.0,1.4655360575432406,2.0079370000585324,-0.8272320217398211,0.9758347168401535,0,PIVOT_SCALP,BUY,54873.9,54789.49,55042.72,2025-05-05 12:25:00+05:30
4,46.23875872332216,0.43069025200676386,-0.20919829930265407,-1,-1.7831367422785542,0.49541500853604914,3.5817177542692833,0.48275862068818504,0.1619190404793253,0.3553223388294911,0.646228373702381,0.759505703420575,0.9870652101065108,2.0,0.1560822898031921,220,12,0.0,51.6071428571439,2.0,1.790657439446391,1.800138408301002,-0.639888551308178,0.7889756328346045,1,PIVOT_SCALP,BUY,54873.75,54781.34,55058.57,2025-05-05 12:55:00+05:30
4,52.54779424435505,0.5590914453552843,0.5050367679184863,-1,-0.610401574473449,0.7836096742896601,2.3265278400343594,0.4641943734004018,0.0,0.5358056265970406,0.8513881328252115,0.5426677713329995,1.3330703692015873,2.0,0.2020114716743663,255,13,0.0,45.92500000000083,2.0,1.4935764833967904,1.393576483393783,-0.05405467743668031,0.7651663405072804,0,PIVOT_SCALP,BUY,54529.15,54460.56,54666.34,2025-05-06 13:30:00+05:30
4,38.25450268411343,0.16644599725760814,-0.9979626859562719,-1,-0.2754641889109396,0.4897566442604873,2.9113563147157913,0.7617753623174216,0.17934782608666744,0.05887681159409934,0.6125312091308706,0.5878442545097331,0.564416708143514,2.0,0.35273002078209104,105,11,0.0,90.11785714285672,2.0,1.099247017794087,1.8847540918617303,-1.164408683212588,0.7971119133562076,1,PIVOT_SCALP,BUY,53712.2,53613.14,53910.32,2025-05-09 11:00:00+05:30
4,43.56380618184507,-0.153875675112896,-0.6608522999954547,-1,-0.4798613490255616,0.42656188545878504,3.4987392167632136,0.6700942587821729,0.11739502999120781,0.21251071122490553,0.7243626690312388,0.5299334811521771,0.8351115421920602,2.0,0.3198564141318156,160,11,0.0,80.55357142857143,2.0,1.2197517180226216,3.9259587674524528,-0.5069766248819293,0.7347015865011999,0,PIVOT_SCALP,BUY,53694.8,53596.54,53891.31,2025-05-09 11:55:00+05:30
4,59.81740164670786,-1.0292999511599679,0.46067962303511206,1,0.02829432899589548,0.2602822800157324,4.5675849688798875,0.43274853801055246,0.19298245613976048,0.37426900584676304,0.6199261992619469,0.8382066276786304,0.8646761377318183,-2.0,0.7515274949082577,155,11,0.0,55.16785714285652,2.0,1.3008804298569834,3.9914546513813765,1.489979574192379,0.5938530994953646,0,PIVOT_SCALP,SELL,55185.35,55257.12,55041.82,2025-05-12 11:50:00+05:30
4,58.956552986755995,0.1724819831010992,0.9039053672727398,1,1.0643604598514906,0.5371495470170061,5.664089644957006,0.5345291479810257,0.06188340807171618,0.4035874439454644,1.0601738657973419,0.7246790299562268,1.2318313041295132,-2.0,0.8219719659757023,210,12,0.0,52.585714285714076,2.0,1.8609345286607228,4.0562347188187635,0.7314233841702498,0.7329739679191078,0,PIVOT_SCALP,SELL,55244.15,55342.01,55048.43,2025-05-12 12:45:00+05:30
4,43.2088195690876,0.3285242154356127,-0.45289636411120926,-1,-3.9598553331663555,0.5574449874329072,2.8526506885723024,0.5331807780307521,0.08352402745980196,0.38329519450715754,0.8358494432679304,0.9999999999978609,0.8033632011783507,2.0,0.2284698996655164,295,14,0.0,52.28214285714265,2.0,1.4819249948767146,1.4832980394807955,-0.7814205795453274,1.055045871557023,1,PIVOT_SCALP,BUY,54654.95,54577.47,54809.91,2025-05-14 14:10:00+05:30
4,51.46129772283276,-0.5396195672443713,-0.10807509221857123,1,0.7009487841452322,0.266592833115304,2.3833545515450054,0.555555555554572,0.04410517387606347,0.40033927056766816,1.144422103584635,0.5845360824729916,0.9014869888475872,-2.0,0.718095746099294,165,12,0.0,51.51071428571439,2.0,1.6288081536434293,1.9869652638109918,0.4315444750249623,1.1556557537715766,0,PIVOT_SCALP,SELL,55565.8,55649.7,55398.0,2025-05-19 12:00:00+05:30
4,53.85837139050477,-0.26428788100895867,0.22927181319073792,1,1.3649589482983426,0.5111906250648084,2.5278289487518752,0.6610878661070911,0.3193863319376741,0.01952580195244534,0.7322197096797458,0.677806341044196,1.168251698248106,-2.0,0.7977443609020448,205,12,0.0,48.960714285714076,2.0,1.7482602669779919,2.8767962652214782,0.4935596941986885,0.8059802158255144,1,PIVOT_SCALP,SELL,55614.85,55700.45,55443.66,2025-05-19 12:40:00+05:30
4,39.024582344270335,-0.003808376936767298,-0.8564328348215311,-1,-0.4457385562357484,0.33156607014939465,6.023629831104708,0.5879396984910861,0.1809045226125575,0.23115577889384378,0.554676223184452,0.4369085173487737,0.38319734058624416,2.0,0.16026785714282787,70,10,0.0,71.75357142857112,2.0,0.8226121148772787,1.0459409685913883,-0.8526244578835755,0.8468085106364295,1,PIVOT_SCALP,BUY,55192.15,55133.12,55310.2,2025-05-20 10:25:00+05:30
4,41.17254666855908,-0.2988233881580484,-1.1404154335888406,-1,0.5318615104893286,0.23902664958119346,6.461249362589755,0.5172764227636352,0.2550813008128043,0.2276422764225443,1.1895859418850725,0.3945025164534599,1.6286988244831837,2.0,0.5050691244237238,25,9,0.0,82.71785714285787,2.0,1.4249859677906465,2.623375501918139,-0.8415920454297748,1.0289658057084259,0,PIVOT_SCALP,BUY,54829.45,54711.58,55065.19,2025-05-22 09:40:00+05:30
4,53.085978916908594,0.643980879341191,0.5760188933353129,-1,-0.8689641208551612,0.905627324760957,2.272010955697731,0.8181818181797524,0.15420023014932732,0.027617951668618714,1.055709822978204,0.5628742514951655,0.8114533622559802,2.0,0.2921582234558523,285,14,0.0,41.15714285714421,2.0,1.501943769524292,1.7566817077361128,-0.06796198600571296,1.0090571295843336,0,PIVOT_SCALP,BUY,54681.85,54620.03,54805.48,2025-05-22 14:00:00+05:30
4,54.6115517185777,-0.7390863366288368,0.09920939369872411,1,-0.5238076504451828,0.47951473657938265,4.375714911113282,0.9283854166654605,0.0,0.07161458333323736,0.8459813525315807,0.7547169811311076,0.8664036076662572,-3.0,0.5257553956832935,65,10,0.0,90.78214285714525,2.0,1.8613596128879537,1.8219442149552765,0.8382957303266375,1.189959714903697,0,PIVOT_SCALP,SELL,55037.2,55206.18,54699.24,2025-05-23 10:20:00+05:30
4,59.08326075852481,0.14629889813074676,0.9580384813531755,1,2.606199903701818,0.6880126706375769,4.312518152681714,0.6043656207350652,0.2878581173251413,0.10777626193706497,0.6539638032118549,0.46153846153731604,0.694188916311379,-2.0,0.8778382111713932,220,12,0.0,56.04285714285704,2.0,1.0644404792250708,1.6781799643100863,0.8117395832209803,0.6660003634369372,0,PIVOT_SCALP,SELL,55362.9,55422.55,55243.59,2025-05-23 12:55:00+05:30
4,61.82955280568706,-0.335666735168237,0.8686223848246867,1,-0.8950882834339937,0.6266179795798668,10.37462490393311,0.7638146167544255,0.0,0.23618538324379187,0.6825707208968701,0.7364806866940395,0.7157903976125718,-3.0,0.5484050703439067,50,10,1.0,82.1892857142853,2.0,1.2230174249336627,2.058662495108929,1.2042891199914583,0.9393837910232125,1,PIVOT_SCALP,SELL,55713.65,55814.17,55512.61,2025-05-26 10:05:00+05:30
4,36.420473903871624,-0.20777724563320957,-1.1813580570110016,-1,-2.7597130128470453,0.26476405420185256,4.372140464463513,0.7169042769829753,0.2830957230129514,0.0,0.4747893355436292,0.39178082191681457,0.6795212765957381,2.0,0.06900726392250908,155,11,0.0,51.707142857144,2.0,0.8716535433070545,1.8208316065719603,-0.9735808113759091,0.5621708266531995,1,PIVOT_SCALP,BUY,55187.05,55141.98,55277.19,2025-05-29 11:50:00+05:30
4,44.632994445568855,0.3990372719845504,-0.2795028700977548,-1,-2.4006790433803578,0.5710667177232877,2.8478511874247694,0.49519230769135536,0.47499999999903053,0.029807692307690953,1.321713870733454,0.5535117056838379,0.7592962089606614,2.0,0.10999654098925607,190,12,0.0,39.34285714285787,2.0,1.3327523602032663,1.8605664487969051,-0.6785401420805806,1.4903983949513278,0,PIVOT_SCALP,BUY,55210.75,55158.32,55315.62,2025-05-29 12:25:00+05:30
4,50.85842192976652,0.439024391920529,0.09607802189821864,-1,1.1980348002242767,0.42893657928582685,4.651779758689019,0.556803995005539,0.44319600499321254,0.0,0.9127462152042766,0.6102669404512082,1.4263001548052348,5.0,0.6397619971541443,25,9,0.0,87.75714285714328,2.0,2.343692007162642,4.404769656514525,-0.3429463700219196,0.7509844365265713,0,PIVOT_SCALP,BUY,55647.85,55442.17,56059.2,2025-06-02 09:40:00+05:30
4,45.74093089898388,0.5406338027833059,-0.18895605760155146,-1,-2.1052836256366794,0.45783213394766065,4.846687661585148,0.6672297297286355,0.16131756756722926,0.17145270270244609,0.8683989941323952,0.5642857142848647,0.9311163895486865,3.0,0.1945153061224218,255,13,0.0,68.17142857142868,2.0,1.6593042749371911,2.1533948030143764,-0.729589860383787,0.9036788276584874,1,PIVOT_SCALP,BUY,55593.05,55479.93,55819.28,2025-06-03 13:30:00+05:30
4,48.247373529749986,0.7047723451513574,0.10395077579994315,-1,-1.861939887702228,0.5369865830537813,4.834065149233176,0.5271122320289527,0.30895334173943645,0.16393442622908871,0.6111416932731681,0.6672297297286355,0.8683989941323952,4.0,0.22328514739225286,260,13,0.0,64.87857142857163,2.0,1.9611692172189603,2.433777386322367,-0.6008215693504881,0.6453450520823127,0,PIVOT_SCALP,BUY,55613.35,55486.11,55867.83,2025-06-03 13:35:00+05:30
4,53.89660211375804,-0.3099787068528163,0.17144192904638986,1,-0.2511706450874899,0.5880926084318977,3.7292891845911216,0.5823293172675399,0.13386880856725053,0.28380187416253216,0.5560991173029693,0.580970384372291,1.2041623760229634,-2.0,0.5934944237916063,50,10,0.0,67.1642857142854,2.0,1.6424864404977448,1.7859193874268497,0.4814206358984894,0.6664882226968818,0,PIVOT_SCALP,SELL,55740.1,55850.42,55519.47,2025-06-05 10:05:00+05:30
4,61.83063293163414,0.5275561568173894,1.454822260222902,1,2.1375151911751247,0.8245153909851722,5.898671202193235,0.7020872865262208,0.2030360531305005,0.09487666034138119,0.9360568383658401,0.5326659641722746,1.7535801491454073,-2.0,0.6960670235046152,185,12,0.0,56.30000000000031,2.0,2.4197158081704293,5.213143872104388,0.9272661034038655,0.6618108752973844,1,PIVOT_SCALP,SELL,55879.55,56015.78,55607.09,2025-06-05 12:20:00+05:30
4,60.82226002285091,-0.702156323827977,1.1879650071293884,1,5.593680438963073,0.4637572524417031,4.653768123596584,0.67229178007549,0.20577027762636013,0.12193794229706122,1.5015179822512708,0.6447368421042011,0.983250548688855,-2.0,0.8911201757137599,180,12,0.0,61.17142857142816,2.0,2.0854040168144876,2.168496029888948,1.8901213309542755,1.5706224350178404,0,PIVOT_SCALP,SELL,56528.75,56656.32,56273.62,2025-06-06 12:15:00+05:30
4,58.0319998747747,-0.34072024900433456,0.48958585415645706,1,4.993904538093798,0.30994318505273644,2.169230908662311,0.6594871794858566,0.3107692307684739,0.02974358974361828,0.8450965824665463,0.40118870727962247,0.593287576349109,-2.0,0.915460128199303,230,13,0.0,57.68571428571574,2.0,1.3134720158493547,2.1773155027203925,0.8303061031593523,1.1858428606149112,0,PIVOT_SCALP,SELL,56555.9,56631.67,56404.36,2025-06-06 13:05:00+05:30
4,52.09944598806159,0.6095128922550617,0.35679055527311637,-1,0.8801819193140902,0.6167600780132656,3.4494712087167545,0.46307692307536386,0.009230769230830379,0.5276923076907287,0.38706933219906425,0.5600384245905978,0.6149886066334189,4.0,0.5131431139068605,60,10,0.0,83.96428571428571,2.0,1.0063377286261388,1.7894512973181582,-0.2527223369816443,0.6115920210752409,0,PIVOT_SCALP,BUY,56798.7,56714.2,56967.69,2025-06-10 10:15:00+05:30
4,39.32690643154602,-0.2714334246764973,-1.2366236616019481,-1,-1.7658830620855623,0.2522459647724393,6.320799639847304,0.8161350844246604,0.0,0.1838649155715873,0.6425557564798486,0.46210995542217015,0.799151823579349,2.0,0.11952370253872234,145,11,0.0,41.47499999999958,2.0,1.0355033152502102,2.218203737185753,-0.9651902369231236,0.7222222222203044,0,PIVOT_SCALP,BUY,56623.5,56580.55,56709.4,2025-06-10 11:40:00+05:30
4,35.3743238042163,-0.1974225141200716,-1.6499468502336052,-1,-3.4776059953986205,0.279967458203867,9.64882136047997,0.5771324863862818,0.2377495462787094,0.1851179673313791,0.5867498288583449,0.6881578947350694,0.8045368620037718,3.0,0.17058209344813818,305,14,0.0,46.95357142857237,2.0,1.4918004107400993,2.2341218528894244,-1.45252433611044,0.6960586154606645,0,PIVOT_SCALP,BUY,56464.75,56394.7,56604.84,2025-06-11 14:20:00+05:30
4,48.797308718334726,0.8013611645692416,0.23430500685480213,-1,-1.2921843334216163,0.7249993451417327,2.7906602598870736,0.812400635927401,0.0,0.18759936406941943,0.7759273944840177,0.5260869565200454,0.8294693456980792,2.0,0.25897280966759706,185,12,0.0,40.53214285714317,2.0,1.5408317913470402,2.64358093223404,-0.5670561577130403,0.8467959073751454,0,PIVOT_SCALP,BUY,56304.45,56242.0,56429.36,2025-06-12 12:20:00+05:30
4,40.30374267542521,0.197318496694141,-0.9336755763709023,-1,-3.5339803616663583,0.31611468447971147,7.064901968647757,0.6704730831966977,0.21261555193012496,0.11691136487208971,1.5311329170383101,0.57281553397984,1.2955974842767057,2.0,0.1683137499027066,300,14,0.0,60.05357142857143,2.0,1.900892060660163,2.456140350873103,-1.13099407306316,1.3565948657400566,1,PIVOT_SCALP,BUY,56076.65,55962.49,56304.96,2025-06-12 14:15:00+05:30
4,38.21245611097086,0.3635383049130487,-1.241807522351575,-1,0.8884278179467955,0.416827637548257,13.852977281982024,0.5106990014251815,0.17831669044173884,0.3109843081302265,0.4407419050612443,0.8602811950783209,0.8268631928586425,2.0,0.9737633233121179,70,10,1.0,79.52500000000042,2.0,1.6686890914806505,1.706381640991207,-1.6053458272626049,0.5593680178732744,1,PIVOT_SCALP,BUY,55505.6,55372.9,55771.0,2025-06-13 10:25:00+05:30
4,42.43663789578828,0.7992044091108228,-0.5546345876129191,-1,1.443930527421399,0.48682377778894725,12.41161140726814,0.5893054024248686,0.2034178610802992,0.20727673649372963,1.1431915372496462,0.5106990014251815,0.4407419050612443,3.0,0.9565984474239001,75,10,1.0,79.33928571428676,2.0,2.236394328156645,2.4395228449215303,-1.3538389967220354,1.2316675719701267,0,PIVOT_SCALP,BUY,55555.95,55378.52,55910.82,2025-06-13 10:30:00+05:30
4,61.58035766699091,0.4024023000175368,1.401383195222014,1,3.559119554355807,0.7948137607852618,4.431063070741088,0.45027322404285886,0.4808743169388396,0.06885245901611571,0.8835092075315574,0.6905055487036735,0.7670585056072693,-2.0,0.8830364058867358,210,12,0.0,51.78214285714265,2.0,1.2664252707083112,3.057038416436537,0.998980895202548,0.7280394653075856,0,PIVOT_SCALP,SELL,55837.45,55903.03,55706.29,2025-06-16 12:45:00+05:30
4,52.632212880822465,-0.680922522659791,-0.03407607745096284,1,3.692637027955615,0.41953611747631925,3.275189461979311,0.730598669621399,0.26940133037638375,0.0,1.1058761712934564,0.8250688705213625,0.9049951028402742,-4.0,0.8646557719052773,310,14,0.0,40.78214285714161,2.0,1.9831771608721607,2.0903756896350116,0.6468464452072421,1.1994680851032005,0,PIVOT_SCALP,SELL,55878.8,55959.68,55717.04,2025-06-16 14:25:00+05:30
4,46.97440862333195,-1.493225023305011,-1.0449739767781112,1,0.9762480632371061,0.0033264352985416844,3.7354637050783603,0.6351684469996974,0.3648315529986592,0.0,1.3423146616244668,0.7919010123716581,1.0415062761505467,-4.0,0.7291321171917041,195,12,0.0,45.33214285714348,2.0,2.423958087134593,3.1203025289459756,0.4482510465259111,1.2530889621061059,0,PIVOT_SCALP,SELL,56028.05,56137.93,55808.28,2025-06-20 12:30:00+05:30
4,49.97233441616467,-0.7892604473022004,-0.3764153695348784,1,2.405146156907218,0.4279550240147201,4.916313078020962,0.5716019417461955,0.37014563106702353,0.05825242718435378,0.9670550758656449,0.7512054001915205,1.2304432579031988,-2.0,0.8533284023667355,285,14,0.0,42.60357142857122,2.0,1.7219297510268414,1.8859921200391394,0.4128450777663529,1.036217303820426,1,PIVOT_SCALP,SELL,56143.25,56216.61,55996.53,2025-06-20 14:00:00+05:30
4,60.85195111263978,-0.29207841825740105,1.0039893006677663,1,2.0980379097680015,0.641128712205613,6.82730549210926,0.8464163822514041,0.12354948805437924,0.03003412969285136,1.444061113849243,0.39426877470287575,0.9856685682482415,-2.0,0.7689143711826657,180,12,0.0,50.724999999998026,2.0,1.927501232134114,1.9635288319330915,1.2960677189226122,1.5854978354944536,1,PIVOT_SCALP,SELL,56769.3,56867.07,56573.76,2025-06-24 12:15:00+05:30
4,51.63035550019647,-0.6454172094751691,-0.0632470672379038,1,0.9881153542862323,0.5200819110079887,7.072953058169723,0.6244665718340995,0.1842105263155819,0.19132290184889617,0.871127633209457,0.4373783257618699,0.9797901812071854,-2.0,0.500578480524391,215,12,0.0,80.69999999999969,2.0,1.3571251548947274,2.097893432463368,0.5821701422365438,0.9735493698920311,0,PIVOT_SCALP,SELL,56817.95,56927.47,56598.91,2025-06-26 12:50:00+05:30
4,53.28657745480048,-0.21236815273888968,0.23159242764834648,1,1.6631820151615457,0.4317522936721371,4.502297307525715,0.4818368745708553,0.43454420836132984,0.08361891706644406,1.091307367633752,0.5270903010026587,1.1346018322762437,-2.0,0.6010412649439744,250,13,0.0,66.84642857142951,2.0,1.6580488326119758,2.267884810596543,0.443960580386572,0.9757891920800724,0,PIVOT_SCALP,SELL,56870.05,56980.88,56648.38,2025-06-26 13:25:00+05:30
4,35.71881519004059,-0.21874354759981762,-1.072803943605331,-1,-0.681376018584121,0.24598243199590686,5.715929166095193,0.4510978043903012,0.28143712574792035,0.26746506985978236,0.7637610932650559,0.526548672565305,0.6867437191382563,2.0,0.14801230477988891,55,10,0.0,65.59642857143002,2.0,1.0535580116512642,1.4711166766460613,-0.8540603960042112,0.9440361786301944,0,PIVOT_SCALP,BUY,57268.35,57199.24,57406.57,2025-07-02 10:10:00+05:30
4,41.94297285582945,0.05322858748615384,-0.7196397020355209,-1,-0.6119703557700542,0.3765437145428456,5.4449718194943975,0.48906789413009244,0.07479861910224943,0.4361334867653566,0.8021362167863998,0.6560439560424822,0.8371665133394729,2.0,0.17071829281703,90,10,0.0,54.16785714285652,2.0,1.3147425331310063,1.7187314564483265,-0.7728682895202479,0.9646980461790094,0,PIVOT_SCALP,BUY,57251.45,57180.23,57393.88,2025-07-02 10:45:00+05:30
4,59.312644476449634,-0.11219310282553716,0.9784173504363268,1,-0.4365792710891239,0.6990610926254148,8.075028063336584,0.8971898560645645,0.008910212474305552,0.09389993145975913,1.1819233884966664,0.3970276008483031,0.7663431925156415,-2.0,0.5975227577971645,40,9,0.0,61.72142857142795,2.0,2.2848165721559535,2.2957990973229547,1.0906104532600969,1.2000329001460115,0,PIVOT_SCALP,SELL,57123.25,57264.27,56841.21,2025-07-08 09:55:00+05:30
4,46.588377586952824,-1.1379038593133366,-0.8787688024924899,1,-1.480503768391335,-0.01313222140140045,3.1474465367979882,0.7044410413455944,0.23430321592563896,0.06125574272570385,0.7240614604782539,0.7322654462231066,1.366438356164447,-2.0,0.49171765408134005,110,11,0.0,45.09285714285683,2.0,2.103643275780172,2.9871693331154607,0.25913505682027194,0.5749251628796799,0,PIVOT_SCALP,SELL,57087.8,57182.66,56898.08,2025-07-08 11:05:00+05:30
4,55.95043185569405,1.1415350652867138,0.9438446299019644,-1,-0.2799684553290565,0.74396281447285,3.4138734392673578,0.4914255091098389,0.45069667738431435,0.05787781350477491,2.0920957796108652,0.6294117647047623,1.2382934443288272,3.0,0.36947411112603773,290,14,0.0,44.59642857142847,2.0,2.4925682710018484,4.007047329213513,-0.1976904353843061,1.6988346686058091,0,PIVOT_SCALP,BUY,57130.5,57019.34,57352.82,2025-07-10 14:05:00+05:30
4,39.24722178807333,0.3491090959251775,-0.6817751214570701,-1,-1.8877273373701922,0.4473640609135365,4.811748487122335,0.5308270676676202,0.13834586466119428,0.33082706766817793,0.6364071365096687,0.41749323714988135,1.02164900967291,3.0,0.1715279335875846,140,11,0.0,52.246428571428886,2.0,1.357502221614722,2.3293458199422923,-1.0308842173802744,0.9676949941764865,0,PIVOT_SCALP,BUY,56721.8,56650.88,56863.65,2025-07-11 11:35:00+05:30
4,47.06133443727461,-0.805581496908989,-0.6761179271159823,1,0.33877455733906175,0.1897002130262239,2.589610708947051,0.8718592964778941,0.1281407035170809,0.0,0.6003663398340909,0.663265306120459,1.0020868113523145,-2.0,0.7656560927073008,235,13,0.0,33.146428571429816,2.0,1.6899148798621182,2.481413640763889,0.12946356979261614,0.6291495415724768,1,PIVOT_SCALP,SELL,57034.85,57090.86,56922.82,2025-07-15 13:10:00+05:30
4,44.241491943713385,-0.9841017933436369,-1.0016839078739652,-1,-0.09995577178244519,0.08315764441237065,2.7881229799101783,0.6504504504479492,0.34954954954844725,0.0,0.829507846695811,0.8718592964778941,0.6003663398340909,-3.0,0.7318272269692839,240,13,0.0,33.453571428572886,2.0,1.987690829507724,2.890573289197936,-0.01758211453027579,1.0112973760895232,1,PIVOT_SCALP,SELL,57020.4,57086.9,56887.41,2025-07-15 13:15:00+05:30
4,54.480546450068516,-0.617942474032208,0.2185208934020091,1,2.230184268259556,0.5156079170651566,4.709751453827226,0.7467911318534649,0.21470245040797306,0.038506417736228246,0.9487585007117901,0.6258823529396695,0.9422757146250519,-2.0,0.7665270714924353,255,13,0.0,45.16428571428696,2.0,1.7517475881700624,1.6882808793256474,0.836463367432365,1.1332980692909767,0,PIVOT_SCALP,SELL,57193.85,57272.97,57035.62,2025-07-16 13:30:00+05:30
4,45.35859260213791,-1.0657018452043259,-0.8399087640223799,1,1.2949037427930448,-0.09374251979743613,2.083403555915698,0.8216666666652245,0.05583333333321602,0.12249999999989285,1.3852242744063126,0.54262672810923,1.0690595583707472,-2.0,0.6916949402564749,310,14,0.0,43.314285714286335,2.0,1.9608179419524678,2.58228891819994,0.22579308118142466,1.213101496156045,1,PIVOT_SCALP,SELL,57172.05,57256.98,57002.19,2025-07-16 14:25:00+05:30
4,35.89026459642636,-0.02588959814700643,-0.987399861660577,-1,-0.9018492176386925,0.3016437905878868,4.739403383825887,0.5580246913566109,0.34074074073997124,0.10123456790094867,0.8108108108108243,0.36749999999919036,0.8068001728857699,2.0,0.17473774967661637,90,10,0.0,49.94999999999917,2.0,1.317217217217204,1.493493493490499,-0.9615102635116456,0.9747292418749104,1,PIVOT_SCALP,BUY,56975.7,56909.9,57107.29,2025-07-17 10:45:00+05:30
4,43.53075693032258,0.5087948887618521,-0.31021625444654505,-1,-0.2270256522053854,0.45779450779150577,4.531760196956172,0.721006564549712,0.03063457330411943,0.2483588621439803,0.9298742823923627,0.5580246913566109,0.8108108108108243,3.0,0.2682856732288332,95,10,0.0,49.14642857142826,2.0,1.9078628006684861,1.9279122156780892,-0.8190111432067305,1.0720150128992927,0,PIVOT_SCALP,BUY,57008.25,56914.49,57195.78,2025-07-17 10:50:00+05:30
4,42.35009319338404,0.36792916211564336,-0.37537489180344225,-1,-0.967761857707508,0.7085355649394773,2.945204296801498,0.7301980198001464,0.23886138613805002,0.03094059405932824,0.798418972332043,0.581837381202652,0.9242889012827323,2.0,0.25614631221262263,155,11,0.0,50.6000000000001,2.0,1.323320158102747,2.0820158102725324,-0.7433040539176166,0.9300184162041666,0,PIVOT_SCALP,BUY,56333.0,56266.04,56466.92,2025-07-18 11:50:00+05:30
4,49.073090579358876,0.47108555174095457,0.22183408257602616,-1,-1.190397493326228,0.8680912251241655,1.3382034170563923,0.5364647713212609,0.26946847960383913,0.19406674907242774,1.018525179856082,0.5529225908356376,0.7988101676580823,2.0,0.17759344393360038,260,13,0.0,39.71428571428415,2.0,1.133633093525125,1.4931654676220882,-0.2492514691643008,1.1124862486218383,1,PIVOT_SCALP,BUY,56293.7,56248.68,56383.74,2025-07-18 13:35:00+05:30
4,62.805185491400884,0.03405493125292335,1.0101589561066475,1,0.7174629499691488,0.7156713628765967,6.733070586167942,0.9370860927139906,0.022516556291322355,0.04039735099336252,0.6742361421190197,0.3756558237136635,0.43288666818079413,-3.0,0.751977066033864,65,10,0.0,111.97857142857278,2.0,1.2203036295208975,1.1475409836055188,0.9761040248528524,1.186733731529078,0,PIVOT_SCALP,SELL,56636.05,56772.7,56362.75,2025-07-21 10:20:00+05:30
4,49.741598742489735,-1.0115013547411682,-0.48687930778097527,1,2.138465699089521,0.39812694949337735,6.355314937092724,0.6688311688264791,0.03896103896116026,0.2922077922058671,0.38871360317320797,0.8491859468709378,1.4195846728646684,-4.0,0.8333828333827142,275,13,0.0,39.61785714285725,2.0,2.0953123591453373,2.657892364547397,0.5246220469588687,0.42541436463976606,1,PIVOT_SCALP,SELL,56816.9,56899.91,56650.88,2025-07-21 13:50:00+05:30
4,63.68304095161551,-0.01260424026487966,1.2744785543791475,1,5.741422778710891,0.7056588641310645,5.970732362629792,0.7883683360234222,0.07431340872337382,0.13731825524997313,0.793953275309133,0.5231416549776209,0.9172946149603379,-2.0,0.8753987240827598,310,14,0.0,38.982142857142854,2.0,1.703298213467673,2.1176362803427873,1.2870827946407253,0.8883467278963852,0,PIVOT_SCALP,SELL,57154.9,57221.3,57022.1,2025-07-23 14:25:00+05:30
4,39.82742725736454,-0.004980758203799678,-0.92793957179834,-1,-1.948570938744032,0.29097678678054917,6.09004386150095,0.7753743760373749,0.093178036605435,0.1314475873538623,0.6562158789581134,0.4354148845159079,1.2713431212615034,3.0,0.16716770453077587,180,12,0.0,45.79285714285652,2.0,1.8000467945718688,2.454531274366878,-0.9229588135925247,0.5924684542575848,1,PIVOT_SCALP,BUY,56928.75,56846.32,57093.61,2025-07-24 12:15:00+05:30
4,47.855279233427154,0.3674211302517148,0.004145967308536891,-1,-2.410842024334863,0.7072950764471947,2.221186909012439,0.5179352580917934,0.08486439195083001,0.3972003499556267,0.9026398916967651,0.9113607990001272,1.3101997896950317,2.0,0.1589634896758988,265,13,0.0,63.314285714286335,2.0,1.9360785198555925,2.3944043321261357,-0.36327516294260415,0.8262252421558346,0,PIVOT_SCALP,BUY,56555.65,56433.07,56800.81,2025-07-25 13:40:00+05:30
4,47.70690630686904,0.07706377425635831,-0.10448924785356656,-1,-2.59910818670268,0.5409579301853272,2.643100370537642,0.5122615803801955,0.0,0.4877384196170797,0.6722491168388945,0.6610608020681977,0.7056138749429831,2.0,0.145767810747962,305,14,0.0,54.59285714285631,2.0,1.1340180557372308,2.2228182650750927,-0.18155302210959232,0.7850267379661974,0,PIVOT_SCALP,BUY,56546.0,56484.09,56669.82,2025-07-25 14:20:00+05:30
4,37.93098947945575,0.5690044376051611,-0.9479910721281327,-1,-0.3586914720420805,0.42719388884029064,8.567004393007874,0.5715756951590492,0.24201853758986766,0.18640576725005328,1.4643184143910815,0.7133655394501786,0.4875504710632956,3.0,0.3492294624437945,90,10,0.0,66.31071428571522,2.0,1.7460386707599547,2.524478914198797,-1.516995509731006,1.681967781046767,1,PIVOT_SCALP,BUY,55691.25,55575.47,55922.81,2025-07-31 10:45:00+05:30
4,51.82779983549277,-0.7402241169295505,-0.17405008961448054,1,3.877136794451239,0.17648471301269478,2.522055679276615,0.9151823579288928,0.08481764206941077,0.0,0.9063254996705035,0.7038657913921617,1.0690653893282103,-2.0,0.8219130232286435,300,14,0.0,65.04285714285705,2.0,2.060245991653823,1.9602459916508437,0.5661740273141994,0.8934525613808545,1,PIVOT_SCALP,SELL,56253.25,56387.25,55985.24,2025-07-31 14:15:00+05:30
4,48.803380141929836,0.4117761005172333,0.07908714632757878,-1,-0.1144710042201493,0.615653835732332,2.5367608876890144,0.8915834522085091,0.09272467902968495,0.015691868758952798,0.7196069804957167,0.5404040404027324,0.7710173145121644,2.0,0.3367512142470613,145,11,0.0,48.707142857144,2.0,1.224065112186555,1.3745417216571534,-0.33268895418897143,0.9099169262697523,0,PIVOT_SCALP,BUY,55463.8,55404.18,55583.04,2025-08-05 11:40:00+05:30
4,47.31905179222127,0.6021495530145421,0.013740030000568637,-1,-1.342709810673785,0.4606934419850526,4.9947698790228365,0.8558786346374327,0.14412136536003878,0.0,0.8403399605403544,0.355648535564142,1.0422052639774808,5.0,0.26562699731552897,285,14,0.0,47.064285714285816,2.0,1.6978145393837771,2.3287297010118624,-0.5884095230127233,0.8529221479387075,1,PIVOT_SCALP,BUY,55077.45,54997.54,55237.26,2025-08-07 14:00:00+05:30
4,49.26372718740838,0.8319633269049506,0.2292956670734474,-1,-1.459298104074225,0.6375371511950175,3.4844522045430364,0.5551211884276169,0.16028146989811476,0.28459734167270456,1.4446147640177174,0.6956066945591718,1.156684815487087,2.0,0.16158536585363037,190,12,0.0,44.2678571428561,2.0,1.985114965711924,2.3267446550976625,-0.6026676598301417,1.49976547842045,1,PIVOT_SCALP,BUY,55171.35,55083.47,55347.1,2025-08-08 12:25:00+05:30
4,61.85716580056523,1.3775934817673983,1.5029704280207743,1,0.3020801809222071,1.0811036465923027,3.5370624030665825,0.6942551119752286,0.0,0.30574488802282396,1.1131067585353673,0.6388115134620957,1.181754055960618,3.0,0.2895470383274833,215,12,0.0,46.13214285714379,2.0,2.0585042966634512,2.7562127428909586,0.12537694625310428,1.032368315237207,0,PIVOT_SCALP,BUY,55244.8,55149.84,55434.73,2025-08-08 12:50:00+05:30
4,50.016935250456335,-0.9702675399976479,-0.3371784954362966,1,-0.4131696205067176,0.41431603869618255,5.509972274194202,0.9100684261958397,0.08895405669574304,0.0009775171064622162,1.0755482126763407,0.3880266075379548,0.9075751042115315,-4.0,0.6281053952319519,95,10,0.0,47.55714285714358,2.0,2.1207269450284114,3.117302493234611,0.6330890445600201,1.4165051232305685,1,PIVOT_SCALP,SELL,55324.6,55425.46,55122.89,2025-08-14 10:50:00+05:30
4,45.65809552087655,-0.9511218877822523,-0.7883548601913368,1,-0.9103130206579183,0.05012883472949072,3.169063103311803,0.5433070866124621,0.2094488188967948,0.2472440944875936,0.6907000233082092,0.9165775401049601,0.9930207859201855,-2.0,0.5677540777915765,115,11,0.0,45.96785714285735,2.0,1.6467329655814267,2.336415196949332,0.16276702759056144,0.7131626235383848,1,PIVOT_SCALP,SELL,55300.55,55376.25,55149.16,2025-08-14 11:10:00+05:30
4,59.980744538386176,-0.9239755841710535,0.7933669546996288,1,-1.80822607722427,0.03264820993951514,3.904771757208621,0.7287104622852866,0.014598540145914992,0.2566909975663653,0.919977616116368,0.7595744680834283,1.0058855002675207,-3.0,0.44394484412457685,95,10,1.0,44.67499999999979,2.0,2.1290990486848003,2.2652490206999674,1.7173425388668382,1.0173267326707498,1,PIVOT_SCALP,SELL,55970.8,56065.92,55780.57,2025-08-18 10:50:00+05:30
4,54.42716333066776,-1.1789938498316401,-0.18397644565565643,1,-2.598963255720853,0.024987652891083668,5.456376859106529,0.42210144927379667,0.16123188405751102,0.4166666666650692,0.6639745682620132,0.4009508716317496,1.5109894808859805,-6.0,0.32374100719414195,110,11,0.0,41.567857142857456,2.0,1.7960219950167775,3.4221153019936317,0.9950174041735899,0.6887946094318976,0,PIVOT_SCALP,SELL,55930.7,56005.36,55781.39,2025-08-18 11:05:00+05:30
4,43.70154063981735,0.2008685068300204,-0.523976830066363,-1,0.5625622176276267,0.36995930902805896,6.6031479597185125,0.415954415953642,0.26020892687503683,0.3238366571694217,0.8466574776016647,0.6083650190097973,0.6580483736447688,3.0,0.5215727948988405,50,10,0.0,62.18571428571522,2.0,2.0731219848381124,2.193429818512429,-0.7248453368952178,0.9415236051485129,0,PIVOT_SCALP,BUY,55700.05,55571.13,55957.89,2025-08-20 10:05:00+05:30
4,47.063431839354394,0.48334217013651115,-0.12093694589618934,-1,0.9048254153686216,0.44457054860096584,6.513499782412288,0.8056013179544548,0.0,0.19439868204225036,0.49637850467286493,0.415954415953642,0.8466574776016647,4.0,0.6255047821463928,55,10,0.0,61.14285714285818,2.0,1.3969626168224265,2.4066588785007195,-0.6042791160317121,0.5595501474915429,0,PIVOT_SCALP,BUY,55724.5,55639.09,55895.33,2025-08-20 10:10:00+05:30
4,56.900564901334846,-0.4459873181771788,0.48469485507803717,1,0.45926866568375846,0.5765294799969168,6.978876531316199,0.7616279069736954,0.12209302325541779,0.11627906976701086,0.5918400786497343,0.49037227214242274,0.8676213206046913,-4.0,0.5805270863834013,95,10,0.0,43.59285714285787,2.0,1.4694904145501517,2.056529575613663,0.930682173253081,0.6863527533899281,1,PIVOT_SCALP,SELL,55879.05,55943.11,55750.93,2025-08-21 10:50:00+05:30
4,49.52615047799895,-0.9324111807307636,-0.4727055302635323,1,-0.2687854710556429,0.035884035616939855,2.966669222283745,0.5268630849203622,0.0,0.4731369150761717,0.9169125993189247,0.7496962332909474,1.3455564638561912,-3.0,0.5151903367494371,135,11,0.0,31.464285714285193,2.0,1.9942111237233657,2.560045402942959,0.4597056504657703,1.0772964899138189,1,PIVOT_SCALP,SELL,55861.2,55923.95,55735.71,2025-08-21 11:30:00+05:30
4,45.43591489478377,0.7994145206164329,0.12832549951290892,-1,-0.15947385298562247,0.975239400098712,2.795197684980756,0.47831632652933875,0.21938775510141958,0.30229591836669056,1.0358625896566265,0.4648829431427588,1.207732256203141,2.0,0.2420013291559476,150,11,0.0,37.84285714285579,2.0,1.639260098150214,1.9620611551477731,-0.6710890211017506,1.1925768177635285,0,PIVOT_SCALP,BUY,55345.8,55283.77,55469.87,2025-08-22 11:45:00+05:30
4,47.27956438565385,0.35272442705690304,0.08327423054899209,-1,-0.25890394912995746,0.6879004131142851,2.6694799507190665,0.5546492659036791,0.0032626427405623992,0.44208809135249594,0.8616465863452305,0.6492637215511651,1.049789198955995,2.0,0.22548181904486303,195,12,0.0,35.57142857142805,2.0,1.6560240963855022,2.5062248995914254,-0.2694501965071534,0.8799885156447662,0,PIVOT_SCALP,BUY,55337.1,55278.19,55454.91,2025-08-22 12:30:00+05:30
4,38.34544102733974,0.6774796858988811,-0.9574864362285562,-1,0.46677393403045986,0.7561901436133308,3.467419048758471,0.45989974937222766,0.33333333333255866,0.20676691729270733,0.9415929203539936,0.8708938120688939,1.53754509606516,3.0,0.2321761219305255,105,11,0.0,42.37500000000104,2.0,2.1424778761062795,2.3563421828853746,-1.634966122123579,0.9979989994972465,1,PIVOT_SCALP,BUY,54615.5,54524.71,54797.08,2025-08-26 11:00:00+05:30
4,44.41472326386897,0.9235265245877269,0.008334594386373911,-1,1.1621141615714914,0.9947389782633161,2.918821195807468,0.6105121293782754,0.3894878706190292,0.0,0.9393254362961726,0.5457317073155263,0.8289556819206232,2.0,0.2837425910245,125,11,0.0,39.496428571429405,2.0,1.3912559905958886,3.153449678986507,-0.9151919301990358,0.9111001964613875,1,PIVOT_SCALP,BUY,54645.95,54591.0,54755.85,2025-08-26 11:20:00+05:30
4,44.31127724905017,0.4143630241377765,-0.29566571007561715,-1,0.8062878886868833,0.4919337709701739,7.162471423424166,0.8678304239390808,0.05673316708226187,0.07543640897741036,0.800256583870818,0.4561518324601516,0.6065383197708535,2.0,0.4952268583073009,70,10,1.0,100.21785714285787,2.0,1.520904458144682,2.0455436370743136,-0.7100287342126852,0.9428638608030053,1,PIVOT_SCALP,BUY,54146.95,53994.53,54451.79,2025-08-28 10:25:00+05:30
4,47.2610913145256,0.6346672898665836,0.043514883130400965,-1,1.1388608273780714,0.5634204599862693,6.929222593528973,0.5114436619709556,0.12323943661949502,0.36531690140778883,0.5950536910240828,0.8678304239390808,0.800256583870818,3.0,0.5685938002787627,75,10,1.0,95.45357142857236,2.0,1.9501141168106992,2.147640962320474,-0.5911524067355634,0.7474667719427373,1,PIVOT_SCALP,BUY,54181.15,53995.0,54553.44,2025-08-28 10:30:00+05:30
4,58.889795879420866,0.08820563241472337,0.8837780078669776,1,-0.09846231409133355,0.7045093983391131,7.70795816409917,0.6633554083870782,0.04194260485644898,0.2947019867542653,0.6394756743131146,0.47112970711220653,0.8401546728267891,-2.0,0.7999091184487028,45,10,0.0,70.83928571428676,2.0,1.032392235946632,1.1208469876465186,0.795572375451131,0.9061812362455054,1,PIVOT_SCALP,SELL,53922.2,53995.33,53775.93,2025-09-01 10:00:00+05:30
4,63.932492195018966,0.20106226655657752,1.0197374409358178,1,0.725579587220781,0.7683967743991031,4.1798342735647145,0.6353790613707084,0.14620938628131364,0.21841155234617282,0.8970622253064073,0.49439461883289043,0.7528333735229962,-2.0,0.7425125628137894,55,10,0.0,61.75714285714275,2.0,1.1371269951422347,1.7601202868349497,0.8186751743779145,1.0983346550334374,1,PIVOT_SCALP,SELL,54096.9,54167.13,53956.45,2025-09-02 10:10:00+05:30
4,55.454804458669415,-0.8831289298774038,0.15007676279533474,1,-1.2186212139399109,0.509819564105273,6.634331244086165,0.7804752066107705,0.17820247933865352,0.04132231404954285,1.084463649821975,0.8118633912512315,0.9772071431559184,-2.0,0.1000588581518125,55,10,0.0,89.26071428571491,2.0,2.050466130516581,2.2747969431415487,1.033205692671581,1.47989604035857,1,PIVOT_SCALP,SELL,54221.2,54404.23,53855.15,2025-09-04 10:10:00+05:30
4,45.82646533952677,-0.6921783196822839,-0.5464039707424164,1,-0.8849424862954626,0.3847296508150504,3.289168975338586,0.7262914417876172,0.08943716268291166,0.18427139552792918,1.302302230509942,0.35081967213044435,0.9237092587251496,-2.0,0.26090763169407555,265,13,0.0,49.796428571427114,2.0,1.6191852542493697,1.759162303661411,0.14577434893957475,1.391630901284623,1,PIVOT_SCALP,SELL,54197.3,54277.93,54036.04,2025-09-04 13:40:00+05:30
4,41.4518740058809,0.038032657977816416,-0.8466085723357358,-1,-1.4421762629398274,0.3399975109485223,6.441324634719115,0.4819532908694181,0.057324840764303955,0.46072186836415474,0.6821849782743334,0.5599369085164541,0.9162322580645235,2.0,0.22915368870690708,105,11,0.0,69.04285714285808,2.0,1.090689013035271,1.2057728119163005,-0.8846412303122709,0.9665503796408824,0,PIVOT_SCALP,BUY,53874.95,53799.65,54025.56,2025-09-05 11:00:00+05:30
4,49.046391688280906,0.9185705593773774,0.29309475342519953,-1,-2.018836935698776,0.5842507569081106,4.719482110553413,0.7411095305811585,0.09815078236094257,0.16073968705505398,0.9222263868066122,0.9164926931068104,0.6453040800614911,5.0,0.15632965165672788,235,13,0.0,38.11428571428665,2.0,1.6309220389805417,2.4347826086892805,-0.6254758059505368,1.1001564945192939,1,PIVOT_SCALP,BUY,53811.55,53749.39,53935.87,2025-09-05 13:10:00+05:30
4,57.31309103296992,-0.241462162346258,0.6026198634022178,1,2.6163295726497386,0.6162383049996342,3.8905926702518387,0.4288164665509302,0.18524871354980216,0.38593481989583717,0.837128205128063,0.5686274509791936,1.295172830796989,-3.0,0.8297164581020665,245,13,0.0,34.82142857142753,2.0,1.6435897435898523,1.8666666666613616,0.8440820257460518,0.8803986710935339,0,PIVOT_SCALP,SELL,54329.05,54386.28,54214.59,2025-09-08 13:20:00+05:30
4,58.05517103807539,-0.42499638765576925,0.5970771975236008,1,0.6312609671041509,0.5532902264944268,4.652215889160567,0.7599067599056187,0.12198912198891255,0.11810411810391462,1.2006397014726213,0.7046263345178079,0.832122964111992,-2.0,0.5853538663169876,120,11,0.0,53.59642857142847,2.0,1.7530952222295488,2.0141267408504597,1.022073585177463,1.4084044648688667,1,PIVOT_SCALP,SELL,54578.65,54672.61,54390.73,2025-09-10 11:15:00+05:30
4,49.336469131470665,-0.628926772641158,-0.4177569820269324,1,0.17100764795202444,0.25392397944196066,2.1135928552767895,0.5181674565542372,0.32701421800861435,0.15481832543398888,0.9080848447587179,0.7403508771903338,0.8022519352568637,-2.0,0.5547182175620874,215,12,0.0,34.85357142857174,2.0,1.3279946715849733,1.7673942002203045,0.21116979061361968,1.0761645698705082,1,PIVOT_SCALP,SELL,54569.3,54615.59,54476.73,2025-09-10 12:50:00+05:30
4,44.12940817857185,-0.8660929462440219,-0.6741362493567269,1,0.6845491324657988,0.044081007206017014,1.7938885652822079,0.44417117560212876,0.014756517461864268,0.5410723069350232,2.0350350350350346,0.8262295081939169,0.6815098555582045,-2.0,0.7591888466411013,315,14,0.0,49.95000000000073,2.0,1.8117117117117378,2.8128128128071404,0.19195669688691072,2.039935781653619,1,PIVOT_SCALP,SELL,54671.95,54762.44,54490.96,2025-09-11 14:30:00+05:30
4,58.097433047874304,-0.17821103922385384,0.7047260763904021,1,1.7789577710885307,0.6708479206187009,5.991862928594115,0.48053892215431604,0.2544910179632988,0.2649700598793911,0.9707286692962905,0.37637969094827595,1.3581753935111993,-4.0,0.6987863184991876,155,11,0.0,34.40714285714265,2.0,1.5081378451320175,2.6375337346819907,0.8829371156116897,0.9358363687281327,0,PIVOT_SCALP,SELL,54770.35,54822.24,54666.57,2025-09-12 11:50:00+05:30
4,43.69785170884596,-1.0036931548252503,-0.9001723745341451,1,0.8287660137578151,-0.006883113702605773,2.372930387826404,0.5369532428338207,0.3680241327290204,0.09502262443414222,1.164763458401301,0.7279102384272234,1.2913324708926304,-2.0,0.7044869437290601,270,13,0.0,28.460714285715635,2.0,1.846266783786879,2.0642489647310103,0.10352078029074159,1.330790847043985,0,PIVOT_SCALP,SELL,54771.9,54824.45,54666.81,2025-09-12 13:45:00+05:30
4,57.082557898938774,-0.13713340120848178,0.5077232235830978,1,1.6724780179123513,0.6246188349939912,3.8407233198984416,0.48464912280463857,0.10745614035058366,0.40789473684039185,0.7128978224456521,0.6601307189515192,0.703140387350829,-2.0,0.8062678062674429,200,12,0.0,31.982142857142858,2.0,0.9864321608040266,1.4054718034572677,0.6448566247895633,0.8738980452248383,1,PIVOT_SCALP,SELL,54977.9,55009.45,54914.8,2025-09-15 12:35:00+05:30
4,48.998481071186866,-0.8498752848026511,-0.40918136834113067,1,0.6329280934879595,0.35800652704132374,3.552051358829557,0.6906318082772771,0.1427015250542142,0.16666666666632998,1.3625954198473547,0.48464912280463857,0.7128978224456521,-3.0,0.6571699905030233,205,12,0.0,33.6857142857147,2.0,1.8737489397795508,2.0008481764147743,0.44069391646021217,1.5118577075049933,1,PIVOT_SCALP,SELL,54946.5,55009.62,54820.26,2025-09-15 12:40:00+05:30
4,58.607892426780865,-0.30629456113208553,0.734936231311408,1,0.8559795904104134,0.6195699310040248,8.447939322442647,0.7302405498257059,0.22508591065200872,0.04467353951884907,0.8115537848605172,0.6790757381240948,1.0712110794618563,-2.0,0.810168997668777,90,10,0.0,35.857142857142854,2.0,1.8095617529878913,1.9284860557715549,1.0412307924405897,0.8596750369250391,0,PIVOT_SCALP,SELL,55055.8,55120.69,54926.03,2025-09-16 10:45:00+05:30
4,61.01591144455513,-0.21809120485653,0.7133844988737128,1,-0.19766514221634837,0.6454546557029911,6.7464582404071205,0.8149532710250997,0.1158878504668021,0.06915887850435996,0.5324518376341805,0.49713467048593124,0.6769657083476529,-2.0,0.6211952899352865,55,10,0.0,50.23928571428561,2.0,1.1091703988057724,1.2480272979287892,0.9314757037283886,0.7872277810453853,0,PIVOT_SCALP,SELL,55286.35,55342.07,55174.9,2025-09-17 10:10:00+05:30
4,52.573937156361986,-0.8100853772200894,-0.0667757150713151,1,-0.9304979710657459,0.5126724516823553,6.512786337728647,0.7357075913763355,0.03373945641986102,0.23055295220192903,1.070670871559606,0.8149532710250997,0.5324518376341805,-3.0,0.4456787380580005,60,10,0.0,49.82857142857132,2.0,1.8580275229357888,2.2607511467843415,0.7433096621472826,1.4356835306742795,0,PIVOT_SCALP,SELL,55246.85,55339.43,55061.68,2025-09-17 10:15:00+05:30
4,55.32410865842688,-0.526496678450452,0.11465945343337705,1,-0.051150901880173794,0.17098362232879988,2.1681722035900384,0.6916666666640273,0.3083333333318061,0.0,0.7968694414799252,0.36762688614426575,1.1890947221250723,-2.0,0.6779168529277084,145,11,0.0,30.117857142856206,2.0,1.6821178702715687,1.646863512386329,0.6411561318817003,0.7918178818845764,1,PIVOT_SCALP,SELL,55763.2,55813.86,55661.88,2025-09-18 11:40:00+05:30
4,50.193123541530944,-0.9658757734048186,-0.5294705196060729,1,-0.731669972509406,-0.05606582273325959,2.297840933256674,0.5797579757963093,0.2882288228816405,0.13201320131985,1.4708737864077273,0.6916666666640273,0.7968694414799252,-3.0,0.5820295037994662,150,11,0.0,30.899999999998858,2.0,2.3362459546924828,2.4304207119662875,0.43640525379733336,1.337551500878896,1,PIVOT_SCALP,SELL,55741.75,55813.94,55597.37,2025-09-18 11:45:00+05:30
4,49.68922672202442,0.6161292050689721,0.14627110076690406,-1,0.5849064680450313,0.4578764432210186,6.647538814265467,0.466371681415078,0.19823008849517285,0.3353982300879792,1.0157955566970724,0.8043940467742462,1.134765624999947,2.0,0.5042961004624285,70,10,0.0,55.62142857142784,2.0,1.7639270579170547,2.259021445995607,-0.46985810430122327,1.1654290429019143,0,PIVOT_SCALP,BUY,55576.25,55478.14,55772.47,2025-09-19 10:25:00+05:30
4,61.21910364993348,1.214896381458912,1.4050479656588963,1,0.5283325896958171,1.064403357019231,3.2315255833905603,0.48670756646029456,0.37218813905776726,0.14110429447784825,0.6288811317287477,0.6113416320868871,0.9347986701143522,2.0,0.3924126555704317,240,13,0.0,38.87857142857164,2.0,1.1365607201911536,3.599669300009019,0.19015158419949527,0.7227313035745095,1,PIVOT_SCALP,BUY,55486.15,55441.96,55574.53,2025-09-19 13:15:00+05:30
4,51.519881026041986,0.6923628333642167,0.5444802244896961,-1,-0.7098154064606921,0.8737071501621052,3.1855832544219185,0.7809076682291978,0.09859154929549814,0.1205007824721743,0.8931709265176888,0.7169069462627997,1.077248890681777,3.0,0.2859009254218276,220,12,0.0,35.77142857142878,2.0,1.9059105431310295,2.0183706070230185,-0.14788260887410715,0.9782608695623384,1,PIVOT_SCALP,BUY,55183.15,55114.97,55319.5,2025-09-24 12:55:00+05:30
4,52.975655221757066,0.9584915412066165,0.7632840536963033,-1,-0.07716664380965928,1.1891890790818846,2.0141578492021797,0.6962365591380069,0.13844086021453597,0.16532258064476893,0.9243056171797944,0.5075493612066507,1.0638072544347892,3.0,0.28988792343527514,215,12,0.0,40.246428571428886,2.0,1.9312183867246866,2.221315112249177,-0.19520748750982825,1.1358778625918626,0,PIVOT_SCALP,BUY,54615.05,54537.33,54770.5,2025-09-26 12:50:00+05:30
4,54.56319958566428,-0.2299352753285238,0.3630563823404307,1,0.9403807252414726,0.6290511565542275,4.051920209278155,0.4036697247698546,0.41080530071272536,0.18552497451538127,0.9503840564667331,0.5811051693393414,1.0886409314575987,-3.0,0.6514994829366807,210,12,0.0,51.610714285714494,2.0,1.6345650820013098,1.7108850598541838,0.5929916576678055,0.9151119402968295,1,PIVOT_SCALP,SELL,54691.95,54776.31,54523.23,2025-09-30 12:45:00+05:30
4,62.55137610018346,-0.5093289851800842,0.9090523840485629,1,3.4036191481936755,0.6003026945201462,8.727253093885379,0.6065162907257454,0.20969089390112358,0.1837928153714601,0.9498384628464379,0.3709508881914471,0.752992749957939,-4.0,0.8037694013302822,185,12,0.0,63.01071428571387,2.0,1.6941733265317136,2.7027149577692806,1.418381369226396,1.0834540188249606,0,PIVOT_SCALP,SELL,55235.05,55341.8,55021.55,2025-10-01 12:20:00+05:30
4,52.59513457894769,-0.7794663624891626,-0.1884535366664936,1,2.3682290976254703,0.2540065408771066,4.079310315935254,0.5385564466371222,0.3140037014185324,0.14743985194311157,1.3537341923169228,0.4100135317986914,0.6369905184090139,-2.0,0.7560359694505145,220,12,0.0,59.87142857142836,2.0,1.258315437842968,2.031018849913078,0.5910128258216818,1.2798042002190835,0,PIVOT_SCALP,SELL,55196.3,55271.64,55045.63,2025-10-01 12:55:00+05:30
4,58.98006024238497,-0.4452350331334244,0.5262200028129542,1,0.9101509178818679,0.4965384362092265,2.7531347854190513,0.681105990782101,0.12718894009195827,0.1917050691240974,1.1239363669996663,0.5376984126973791,1.0521136211137552,-2.0,0.7944835856690698,140,11,0.0,48.26785714285558,2.0,1.5201997780245224,1.8065852756160878,0.971455035944366,1.1385099685181073,0,PIVOT_SCALP,SELL,55992.25,56065.63,55845.5,2025-10-06 11:35:00+05:30
4,58.261491085393644,-0.38774054609768693,0.5034080494419423,1,2.548650235786135,0.6104318102502678,5.995843595820967,0.6244725738377728,0.33895921237603455,0.03656821378337966,0.8856659845182842,0.351010101009477,1.4034258712345569,-3.0,0.8543311591713468,245,13,0.0,40.13928571428499,2.0,1.685728267639264,1.6181154906979451,0.891148595537409,0.8370614551429114,1,PIVOT_SCALP,SELL,56100.55,56168.21,55965.22,2025-10-06 13:20:00+05:30
4,63.339696351414524,-0.0014207579512090836,0.9396814865162322,1,0.4808874917979969,0.6990498362922066,6.27422847078305,0.5224014336908189,0.3888888888882499,0.08870967741913907,0.774846260662604,0.4195906432741889,0.9819524200164308,-2.0,0.7785356347436486,60,10,0.0,72.01428571428603,2.0,1.2046419361238703,1.17337829795512,0.9411022444661344,1.1137724550876553,1,PIVOT_SCALP,SELL,56304.7,56391.45,56131.2,2025-10-07 10:15:00+05:30
4,44.103208962826976,0.4596404768066643,-0.2258041171454734,-1,-1.5306083875315886,0.5168880447937338,5.2372478647744325,0.9035714285692079,0.04404761904747952,0.05238095238093161,0.7230693556320734,0.6775599128525012,0.7752442996742903,2.0,0.2626398673849443,175,12,0.0,58.085714285714076,2.0,1.485882931628114,2.0271765863221445,-0.6854445939509576,0.7639141505988248,0,PIVOT_SCALP,BUY,55947.75,55861.44,56120.37,2025-10-08 12:10:00+05:30
4,57.174387086386574,1.3771151503837264,1.2312833632534939,-1,0.007202618535514146,1.2083262575487566,2.6817186674536075,0.6501091703049298,0.3498908296939785,0.0,1.6012986202159687,0.9343354430364702,1.1839165049842026,5.0,0.4104848736012393,210,12,0.0,57.20357142857237,2.0,2.2222451145657165,3.373041143778853,-0.14583178712997774,1.5459915611787627,1,PIVOT_SCALP,BUY,56019.1,55891.98,56273.34,2025-10-08 12:45:00+05:30
4,57.414734334418256,-0.2028030940135288,0.7158215496246205,1,1.9992386354615685,0.6600631850113088,5.862362517791321,0.7987364620924,0.0,0.20126353790579488,0.9235532269588288,0.6434163701058042,1.2111323194384649,-2.0,0.7367469198596787,160,11,0.0,59.985714285713975,2.0,2.041295546558679,2.2972136222872526,0.9186246436366179,0.831083108309599,1,PIVOT_SCALP,SELL,56169.8,56292.25,55924.9,2025-10-09 11:55:00+05:30
4,53.37647407339388,-0.38080357162794864,0.16536212052920707,1,1.642355647050649,0.47862037053303425,4.218681281906155,0.6049504950483646,0.15148514851443626,0.24356435643521887,0.948420417197651,0.3643312101902287,0.7515557683101872,-2.0,0.7089408839152903,190,12,0.0,53.246428571429405,2.0,1.316044000268291,1.6123147092330878,0.54616569215613,1.3285977374340008,1,PIVOT_SCALP,SELL,56157.5,56227.57,56017.35,2025-10-09 12:25:00+05:30
4,59.216422908223656,1.148462919137288,1.2705772478207182,1,-0.13036317269597053,1.1747151594620995,2.4835710111355236,0.8730017761973643,0.0,0.12699822380085943,0.9216018707980599,0.8578535891957538,1.186483556198026,2.0,0.37004988292774604,285,14,0.0,61.089285714285715,2.0,2.047968430283502,2.331832797423907,0.12211432868323042,0.8825834770326476,1,PIVOT_SCALP,BUY,56411.9,56286.79,56662.12,2025-10-14 14:00:00+05:30
4,63.37699178289199,0.05993191311299613,1.4166431630397893,1,1.7883632791595934,0.7012505195315797,8.166942476031695,0.5984251968490538,0.03599550056231834,0.36557930258637805,0.8993424380373753,0.4226464779454577,1.5627572016460274,-2.0,0.7492229443343471,110,11,0.0,49.42499999999979,2.0,1.8956499747091102,2.3459787556856444,1.3567112499240481,0.8589371980659168,0,PIVOT_SCALP,SELL,56757.0,56850.69,56569.62,2025-10-15 11:05:00+05:30
4,56.457043178184044,-0.2750666010332265,0.5209610763232889,1,2.562849630675404,0.6327664804058922,5.571903261140898,0.559322033897041,0.35367231638325,0.08700564971744904,1.0457461174881684,0.9504132231366829,0.5919972042634164,-3.0,0.8377625623765158,270,13,0.0,42.314285714286335,2.0,1.751924375421907,1.883524645505243,0.7960276773546342,1.1029411764678472,1,PIVOT_SCALP,SELL,56852.8,56926.93,56704.54,2025-10-15 13:45:00+05:30
4,61.972832297783846,0.06283940392462051,1.1691105770288366,1,2.1635825623071114,0.7354819401634225,6.120198583199353,0.5878564857393722,0.05887764489416992,0.3532658693646179,1.461021505376472,0.510699001424868,0.9994907831755502,-2.0,0.7940735183792961,210,12,0.0,37.20000000000073,2.0,1.5758064516129429,2.4341397849397235,1.106271173101242,1.4543751672426164,0,PIVOT_SCALP,SELL,57206.4,57265.02,57089.16,2025-10-16 12:45:00+05:30
4,54.4296352674213,-0.4875795591722388,0.08756284165560198,1,1.8952470110696977,0.20936413272329468,1.6016287836224568,0.90780730896855,0.0,0.09219269102978885,0.9877527102256712,0.5163674762396242,0.7741897810218741,-2.0,0.8621418307833953,200,12,0.0,60.94642857142909,2.0,1.4380603574566615,2.2749487254576235,0.575142400826897,1.0110849848824965,1,PIVOT_SCALP,SELL,57748.65,57836.29,57573.36,2025-10-17 12:35:00+05:30
4,50.724921209748175,-0.7103475403821948,-0.33038326517317634,1,0.2838870096487365,-0.012717791997614471,1.7735490317157363,0.4836956521731736,0.2748447204965292,0.24145962732874435,1.1659123238070936,0.5391498881418854,0.8099922340151025,-5.0,0.7070201541997209,185,12,0.0,55.235714285713975,2.0,1.5166558903401492,1.7289538342138717,0.3799642752083306,1.3583632145088553,0,PIVOT_SCALP,SELL,58134.2,58217.97,57966.65,2025-10-20 12:20:00+05:30
4,62.52050220260034,-0.37476767579106224,1.2971749196322209,1,0.1830435224729498,0.6217092039187829,14.570131427304924,0.8044406490167189,0.16737830913714136,0.028181041844431837,1.0002440512507147,0.5203955500604477,0.6552502169510831,-3.0,0.7303483838508952,75,10,0.0,58.53571428571273,2.0,1.7921293471629447,1.8595485051829368,1.6719425954204268,1.342581976607762,0,PIVOT_SCALP,SELL,58447.95,58552.85,58238.14,2025-10-23 10:30:00+05:30
4,58.101323999867425,-0.3462176449046705,0.5062158106919608,1,0.4540826917531158,0.40301660421414354,2.905779570437609,0.4526431718050597,0.38656387665118264,0.16079295154155498,1.0158222790475158,0.6487488415187583,1.2167539267015335,-2.0,0.805055967802591,140,11,0.0,44.69285714285642,2.0,1.634920888604791,1.698257951091034,0.8524334555947238,1.1398443384355712,0,PIVOT_SCALP,SELL,58477.65,58550.72,58331.51,2025-10-23 11:35:00+05:30
4,48.342422325954175,0.6607585212699627,0.18058681923442205,-1,-0.8075470013675595,0.7290741482211102,2.3896815490371077,0.4640657084179361,0.06468172484589682,0.47125256673411364,0.7470143530184742,0.9264705882340204,1.2209211553474568,3.0,0.25426792528614733,175,12,0.0,65.19285714285694,2.0,1.7826996822613397,1.7310178590967034,-0.4801717020348041,0.9534064212979928,0,PIVOT_SCALP,BUY,57861.6,57745.38,58094.04,2025-10-24 12:10:00+05:30
4,50.25893673893634,-0.8926816494904084,-0.3991605735688145,1,0.33866972779044996,0.25490251095426053,2.9302479125547842,0.7664449371754736,0.10125646710995227,0.132298595713096,1.5197368421052853,0.6253602305455856,0.8083867210251395,-5.0,0.8032032400587719,190,12,0.0,44.514285714286025,2.0,2.1341784338895704,2.6025353016629085,0.49352107592048516,1.6164874551932484,1,PIVOT_SCALP,SELL,58089.05,58184.05,57899.05,2025-10-27 12:25:00+05:30
4,46.764176912279986,0.6155102486024686,-0.20530390471001733,-1,0.5885465826537701,0.4075202389908765,5.797100716664323,0.9265033407564129,0.07349665924269622,0.0,1.4699279768029103,0.6791044776109356,0.8439046333782515,2.0,0.6129473890081728,50,10,0.0,76.36428571428613,2.0,2.152006360490099,2.16004115610974,-0.820814153311411,1.6517068864013225,0,PIVOT_SCALP,BUY,58232.25,58067.91,58560.92,2025-10-30 10:05:00+05:30
4,52.30653999963743,0.11835040262579781,0.3743669649595804,1,0.13886098834883695,0.681497228015626,3.8845062650953284,0.5706319702596463,0.29972118959080357,0.1296468401486207,1.5130574527922678,0.9366071428554184,0.8133201929560687,-2.0,0.6343592099217296,25,9,0.0,71.11428571428561,2.0,1.7789875451987933,4.591904379262271,0.2560165623334225,1.0334229734911209,1,PIVOT_SCALP,SELL,58135.55,58262.06,57882.53,2025-10-31 09:40:00+05:30
4,53.87510273586459,0.39495749009438663,0.6383999613112079,1,0.3950897329407434,0.699695298162416,6.027232079047222,0.5477386934659109,0.0,0.4522613065315766,0.6900309597522463,0.7131147540968736,0.809047308899207,2.0,0.5345317725751638,200,12,0.0,57.67857142857143,2.0,1.4471207430339692,2.5538080495311,0.2434424712163992,0.7826941986217995,0,PIVOT_SCALP,BUY,57976.6,57893.13,58143.54,2025-10-31 12:35:00+05:30
4,57.87155906577596,0.21661984445188925,0.946941925978979,1,1.1664341355656185,0.7159563837251242,5.043875269358944,0.5704467353932072,0.38831615120128415,0.04123711340207223,0.4059993024066837,0.7358003442328311,0.7668520788158645,-2.0,0.8203835751166014,95,10,0.0,71.67499999999875,2.0,1.1191838158353713,2.06208580397338,0.7303220815260708,0.4632282712504462,1,PIVOT_SCALP,SELL,58052.05,58132.27,57891.62,2025-11-03 10:50:00+05:30
4,49.517008710233355,0.4402347170226711,0.14658133379668897,-1,-0.5624212259818206,0.6685020411046988,2.7355485927209404,0.45727848101197877,0.04430379746821729,0.49841772151822167,1.355911424411869,0.4573283858989806,1.1969228328971748,2.0,0.2678881693254631,225,13,0.0,46.610714285713975,2.0,1.5621101831277562,2.2269557888237417,-0.2936533832253521,1.0834904851686955,0,PIVOT_SCALP,BUY,57887.9,57815.09,58033.52,2025-11-04 13:00:00+05:30
4,38.68040996087773,-0.2154960503597801,-0.9733654399584337,-1,-0.7140094161000987,0.2586309506372702,4.631582003779419,0.5418918918905059,0.13243243243211383,0.3256756756746775,0.526985095884838,0.42441209406392005,0.5254707464694193,3.0,0.17097472924181947,70,10,0.0,70.21071428571408,2.0,0.9431761534156979,2.602879088454513,-0.7578693895975741,0.7027540360860347,0,PIVOT_SCALP,BUY,57658.0,57591.78,57790.44,2025-11-06 10:25:00+05:30
4,54.59749386669718,0.6044579044890629,0.5999738329575818,-1,0.5138980997520333,0.6587579309396714,2.54448146154848,0.6252676659515285,0.09528907922886162,0.2794432548174685,0.7348957455178654,0.9841402337212755,0.890469869922936,2.0,0.39186953438894223,295,14,0.0,63.54642857142763,2.0,1.5839543640758253,1.8694992412716755,-0.004484071531474036,0.8554680344369533,0,PIVOT_SCALP,BUY,57687.75,57587.1,57889.06,2025-11-06 14:10:00+05:30
4,43.07758902620271,0.4277150311670842,-0.5854635248326583,-1,1.351295195133707,0.3633337111531653,7.21927209714553,0.818050193049415,0.0014478764478188856,0.18050193050180094,1.1895837605084856,0.4561774023221455,0.5672356993111494,5.0,0.9136991279066461,30,9,0.0,87.08928571428623,2.0,2.035944228009115,2.8889891326601713,-1.013178555998579,1.416267942581776,1,PIVOT_SCALP,BUY,57409.3,57231.99,57763.92,2025-11-07 09:45:00+05:30
4,50.930303607255865,1.0063709326606,0.5169717320215386,-1,1.6802333764372526,0.6574042875589171,6.583932252519808,0.4236111111105057,0.22145061728357646,0.3549382716043746,1.0174966352624968,0.6029309141652923,1.0977237907638708,6.0,0.9300508720926864,80,10,0.0,63.685714285714184,2.0,1.6356662180350945,2.743943472404848,-0.489399200638293,1.201557574631604,1,PIVOT_SCALP,BUY,57413.8,57309.63,57622.14,2025-11-07 10:35:00+05:30
4,40.396746178281035,-0.1538295090948802,-0.8131479569516568,-1,0.036787051495108115,0.24441623272531393,4.419262524036852,0.40107913668985806,0.07643884892072783,0.5224820143876155,0.7841636024781932,0.6756085444603225,1.4319394339718674,2.0,0.3660981448233483,25,9,0.0,70.90357142857154,2.0,1.825583035309501,4.713443812011638,-0.6593184478558466,0.6011460698447173,0,PIVOT_SCALP,BUY,57870.6,57741.16,58129.48,2025-11-11 09:40:00+05:30
4,40.94842071783848,0.3020412105704156,-0.8746242372069634,-1,-0.979749029805193,0.3500440995238465,6.212373470069589,0.8462857142847804,0.10857142857130449,0.04514285714277229,1.4479049701553983,0.3751568381419671,0.685254559970608,3.0,0.2230643179024576,95,10,0.0,60.43214285714411,2.0,1.9020211571420444,2.190059689139974,-1.176665447775432,1.5703517587911187,1,PIVOT_SCALP,BUY,57703.15,57588.21,57933.04,2025-11-11 10:50:00+05:30
4,54.11044459736649,-0.43238311980864225,0.23315634371451832,1,-0.5782153700029384,0.3314337316965508,3.117830087516402,0.9006156552315852,0.0,0.09938434476665585,1.2149290184704207,0.3756708407858149,0.5928338762214275,-2.0,0.2808219178081132,100,10,0.0,46.79285714285756,2.0,1.5350480842619765,3.1436421920249735,0.6655394635217382,1.4009364218792026,0,PIVOT_SCALP,SELL,58302.95,58374.78,58159.29,2025-11-12 10:55:00+05:30
4,60.98368241385565,-0.17797030253115115,1.1934227081396402,1,2.629413823272131,0.6474875087646564,8.220812743771154,0.5194986072409122,0.40668523676761237,0.07381615598868986,0.9422572178478176,0.6589769307910452,1.245249353198309,-2.0,0.8458825969714158,120,11,0.0,38.09999999999958,2.0,2.050131233595647,2.0446194225666816,1.3713930106671919,0.9139511201606701,0,PIVOT_SCALP,SELL,58534.9,58613.01,58378.68,2025-11-13 11:15:00+05:30
4,40.57432941983315,-0.1931215704433857,-1.01706747143096,-1,-1.907682289063448,0.24377941322807892,5.516088929175367,0.8535645472030283,0.10789980732120072,0.038535645471917485,0.6018388138821548,0.493475682086663,0.976259409380467,2.0,0.3787987556830928,285,14,0.0,43.11785714285673,2.0,1.3628178580304386,2.9755653110177955,-0.8239459009856632,0.6516825715703695,1,PIVOT_SCALP,BUY,58208.3,58149.54,58325.82,2025-11-14 14:00:00+05:30
4,64.9157376493281,-0.05411760830007918,1.2802168475390432,1,0.5017196016322943,0.5043810006809655,2.1065191723356325,0.5103448275842966,0.4896551724122552,0.0,0.6951459635305248,0.45436507936350207,0.5674762747305212,-2.0,0.8252569750364962,120,11,0.0,41.71785714285683,2.0,0.7951459635305486,1.7534457666254142,1.3343344558359238,0.8602788490036999,1,PIVOT_SCALP,SELL,58914.4,58947.57,58848.06,2025-11-17 11:15:00+05:30
4,56.53073392654251,-0.008149287655745206,0.38202593220777004,1,1.4766754559435775,0.6097184329494287,1.9072611146374172,0.4693877551002771,0.27458256029583666,0.25602968460017567,0.8290485607560015,0.37967115097062787,1.0139655732379793,-2.0,0.915232793522035,295,14,0.0,32.50714285714327,2.0,1.130542737859785,1.5888815644864571,0.39017521986231496,0.8305084745738462,1,PIVOT_SCALP,SELL,58967.0,59003.75,58893.5,2025-11-17 14:10:00+05:30
4,38.7526329703114,0.030937153113557887,-0.810026452883552,-1,0.123858902053975,0.31294175504659066,4.892949084431626,0.8009433962249862,0.15849056603746425,0.04056603773566269,0.7235847676629742,0.4371681415920951,0.7665100053297123,2.0,0.3646858440573927,40,9,0.0,73.24642857142888,2.0,1.4154224974401348,2.250621678284479,-0.8409636059959618,0.9330985915476291,1,PIVOT_SCALP,BUY,58784.9,58681.23,58992.25,2025-11-19 09:55:00+05:30
4,62.193563601342206,-0.1408311111234329,1.0718593495917823,1,3.72698342269059,0.6557576732619965,7.7540680162684925,0.7510822510789841,0.07575757575725259,0.17316017315943447,0.5978924015529361,0.6350245499162267,0.7482505248424423,-2.0,0.8456358785412649,245,13,0.0,38.63571428571387,2.0,1.2336661120355517,1.6759105195002097,1.2126904607120763,0.7636363636338279,1,PIVOT_SCALP,SELL,59021.35,59069.01,58926.02,2025-11-19 13:20:00+05:30
4,55.79164280380194,0.7899887481720665,0.8340513434375666,1,1.4427979134370181,0.6022028317171575,3.7433323753404624,0.6747747747735066,0.0009009009009517169,0.3243243243237399,1.147117442976295,0.7770491803268498,1.6392813267813158,2.0,0.6035087719296623,275,13,0.0,48.38214285714327,2.0,2.228884623901974,2.129918063035427,0.04406259526540894,1.0675129832639414,0,PIVOT_SCALP,BUY,59073.95,58966.11,59289.63,2025-11-21 13:50:00+05:30
4,61.11110585931495,-0.04815663614072843,1.2225271774982418,1,1.7421687627963125,0.6978514835462513,8.750074735810276,0.4841897233192151,0.42391304347737774,0.09189723320143081,1.0359754314126925,0.7935578330869116,0.7099264978840786,-3.0,0.7624317332564766,95,10,0.0,48.84285714285579,2.0,1.7921614507165635,1.7873647265245252,1.2706838136363687,1.381004366808495,0,PIVOT_SCALP,SELL,59157.05,59244.58,58981.98,2025-11-24 10:50:00+05:30
4,61.47331933193321,-0.023757193140685775,1.3516103052278088,1,2.941887044732121,0.6780567102517604,5.074433064058911,0.7768959435613312,0.10317460317440083,0.11992945326250423,1.477661950856224,0.4491634491624222,1.0496960339669557,-2.0,0.8252810332454301,150,11,0.0,38.37142857142836,2.0,2.0037602382725592,3.6237900223287007,1.3753674983649102,1.2112796410996636,1,PIVOT_SCALP,SELL,59236.85,59313.74,59083.08,2025-11-24 11:45:00+05:30
4,53.752051773741826,-0.9967604692502506,-0.1160649354269887,1,0.4156005873714705,-0.04574130750321387,2.4262031789597374,0.9333333333310139,0.044444444444374516,0.022222222222272357,1.05462555066082,0.6177105831504521,0.5843324619129685,-2.0,0.8323659952200979,145,11,0.0,40.53571428571325,2.0,1.7874008810571966,1.9686343612287458,0.8806955338210892,1.4071757735306425,0,PIVOT_SCALP,SELL,59392.55,59465.0,59247.64,2025-11-26 11:40:00+05:30
4,59.25028174697184,0.1672266938053492,1.022518721904737,1,2.144412197432425,0.594253159095669,3.1036409496592783,0.4459102902348577,0.20844327176689242,0.34564643799297295,0.5935123042506864,0.5744680851039384,0.6869193026411881,-2.0,0.921065209969143,180,12,0.0,31.92857142857195,2.0,0.9503355704698547,2.6073825503273618,0.8552920280967089,0.538505257173892,0,PIVOT_SCALP,SELL,59457.5,59487.84,59396.81,2025-11-26 12:15:00+05:30
4,49.06617246448927,-0.48114879170234875,-0.281472799653417,1,0.1279432624114417,0.4280905751003024,2.80059100974238,0.6361502347402783,0.0669014084505153,0.296948356806859,0.9466666666666235,0.5959595959580761,0.8765217391303924,-2.0,0.6898943717481726,230,13,0.0,45.00000000000052,2.0,1.3488888888888086,2.101111111106482,0.19967599204848802,1.0133206470004235,1,PIVOT_SCALP,SELL,59768.25,59828.95,59646.85,2025-11-27 13:05:00+05:30
4,49.039198681775446,-1.2730739080661606,-0.5737136888026987,1,-1.2840939824206934,0.11134734114023363,3.3324937479677024,0.9516695957804024,0.0,0.04833040421784001,1.1541582150101886,0.8545454545437869,0.9753008233059058,-2.0,0.3684443460940985,95,10,0.0,49.29999999999927,2.0,2.3292089249493597,2.950304259629036,0.6993602192620433,1.1991570073736888,1,PIVOT_SCALP,SELL,59971.6,60086.43,59741.94,2025-12-01 10:50:00+05:30
4,50.14441829124476,-0.7304081904313038,-0.35684818456703254,1,-1.041147073288454,0.05955593479093562,2.895811656557916,0.6701680672238708,0.23319327731003836,0.09663865546188931,0.5296034332035922,0.6188524590150287,1.0265194200286156,-2.0,0.4222173047132436,110,11,0.0,44.939285714285816,2.0,1.2003735198282621,2.5067154096741753,0.37356000586343996,0.4991610738245144,1,PIVOT_SCALP,SELL,59983.75,60037.69,59875.86,2025-12-01 11:05:00+05:30
4,45.05524411250845,0.8238885006806618,-0.1400906352579552,-1,-0.5824295305661492,0.6042214995535855,4.134599231311059,0.6845991561166167,0.0,0.31540084388127354,1.082280029356619,0.9132947976863467,1.3590380761521907,2.0,0.2050806170977389,135,11,0.0,43.796428571429196,2.0,2.11842942183808,2.0184294218334453,-0.9639791359364158,1.0419872499427976,1,PIVOT_SCALP,BUY,59014.1,58921.32,59199.66,2025-12-03 11:30:00+05:30
4,57.39003360422083,0.7444079287296915,0.966396299157557,1,1.6964213187118926,0.7468493360483447,2.676752109643474,0.7858347386143646,0.20910623945980272,0.005059021922460099,0.8651521467278536,0.3724394785840061,1.542312032003417,2.0,0.4649112631944174,255,13,0.0,34.27142857142826,2.0,1.652313463943292,2.1329720716905056,0.22198837042721778,0.8736004714175997,0,PIVOT_SCALP,BUY,59126.1,59069.47,59239.35,2025-12-03 13:30:00+05:30
4,62.293196910486415,-0.06412404708090334,1.192464586066421,1,1.3550895010203305,0.6972341674464946,6.7384641680831034,0.629225736094581,0.1995637949832451,0.17121046891999286,0.8930161380077588,0.6814404432120466,1.0106652446340683,-2.0,0.7867517306907164,95,10,0.0,51.34285714285735,2.0,1.6299109627155925,1.7957707289892042,1.2565886331448768,1.0050416483975961,1,PIVOT_SCALP,SELL,59470.15,59553.83,59302.78,2025-12-04 10:50:00+05:30
4,59.73289488968142,-0.3088060304049723,0.8474546840531803,1,1.0405234481416028,0.6346173953917826,6.249848267665787,0.5278551532017698,0.3913649025059388,0.08077994428950584,0.7335084646818698,0.629225736094581,0.8930161380077588,-3.0,0.7444007058502268,100,10,0.0,48.942857142857456,2.0,1.8316112084062353,1.9829246935159865,1.15626071445579,0.8521243769265604,1,PIVOT_SCALP,SELL,59454.55,59544.19,59275.26,2025-12-04 10:55:00+05:30
4,53.43568243542963,-0.637031649454535,0.014506388314398296,1,2.8632686751959704,0.42523031392950117,4.312044789682338,0.4170324846349343,0.30904302019259944,0.27392449517071027,1.3162195625257271,0.430350194551882,1.4917081260364844,-2.0,0.8774597495526455,275,13,0.0,43.267857142857146,2.0,1.999793644242602,2.260338423436689,0.6515380377674275,1.2423647469431014,1,PIVOT_SCALP,SELL,59695.15,59781.68,59522.1,2025-12-05 13:50:00+05:30
4,37.96782737424482,-0.11523722526617398,-1.3274250145734687,-1,-3.4255411940054117,0.2612636125330531,5.182307789705359,0.7550387596875361,0.13643410852675383,0.10852713178260921,0.71405978174915,0.9515810276660159,1.0909370909370375,2.0,0.15249662618079854,215,12,0.0,45.16428571428696,2.0,1.7262849913014557,2.9658390004677453,-1.2121877893046107,0.6935483870952609,0,PIVOT_SCALP,BUY,59304.95,59226.98,59460.88,2025-12-08 12:50:00+05:30
4,47.33529038273956,0.6961905757351553,0.006923359937903509,-1,0.9239797715342523,0.4397852707717068,6.106051592998258,0.780547609316903,0.15038823048620054,0.06906416019607915,1.3589591019080434,0.43515725980142367,1.3511580523099127,2.0,0.8225530876246667,50,10,0.0,90.03214285714213,2.0,1.8160537903130198,1.9798484668152234,-0.6892672157964862,1.641620823827102,1,PIVOT_SCALP,BUY,59046.95,58883.45,59373.96,2025-12-09 10:05:00+05:30
4,62.617978573752424,-0.0012244185105514706,1.1249100713760016,1,3.229824302198936,0.6970805825385086,6.550871510851552,0.5966494845346493,0.2783505154631189,0.12499999999965439,0.6715292372356695,0.5596707818920829,1.0461254612545938,-2.0,0.8569251744324593,200,12,0.0,57.77857142857205,2.0,1.6438249474594442,1.6277661021110716,1.126134489884604,0.7241508025368236,1,PIVOT_SCALP,SELL,59334.15,59429.13,59144.19,2025-12-11 12:35:00+05:30
4,51.819186151342876,-0.805558932093152,-0.18319940620374348,1,1.9542851153486513,0.40865510868214083,4.619281661320722,0.8237924865817412,0.1762075134164699,0.0,0.959303750919356,0.5285388127840134,0.7494042163153503,-2.0,0.772796535407684,225,13,0.0,58.2714285714293,2.0,1.586148565825093,1.5178965432678606,0.6223595258883404,1.148079687818559,1,PIVOT_SCALP,SELL,59281.7,59374.13,59096.85,2025-12-11 13:00:00+05:30
4,46.56421795527203,0.3972184314266703,-0.07798341234019594,-1,0.6959322204115163,0.4547458527029099,5.243269420334613,0.4841269841258693,0.18820861677969078,0.3276643990921723,0.5495816272031216,0.6052631578937602,0.7652267721491014,2.0,0.5996721311473253,60,10,0.0,80.24285714285621,2.0,1.1455759302118205,1.267402528038278,-0.475201843766274,0.8075444057850151,0,PIVOT_SCALP,BUY,59235.2,59143.28,59419.05,2025-12-15 10:15:00+05:30
4,42.32275226170501,0.4358379476976231,-0.5175145370696378,-1,-0.9477022164532952,0.4108249763399229,4.082342787236892,0.6849574266778544,0.1381267738881418,0.1769157994321116,1.3372492318815614,0.8384279475957208,0.9038624189455445,3.0,0.26533219761491006,160,11,0.0,39.5214285714293,2.0,2.4645400325320432,3.269112597136001,-0.9533524847648486,1.2044211485843956,1,PIVOT_SCALP,BUY,59076.5,58979.1,59271.3,2025-12-16 11:55:00+05:30
4,53.66418834290695,0.8014512367853115,0.6452157394555484,-1,0.028146065512572063,0.7607379383890241,2.379587860767847,0.78444747612334,0.10914051841716035,0.10641200545677106,0.9211849192101145,0.6786885245880819,0.7242198100407252,4.0,0.3330494037477663,260,13,0.0,39.78571428571325,2.0,1.6633752244164037,1.9931777378764406,-0.15623549732937042,1.125960061440568,1,PIVOT_SCALP,BUY,59100.35,59034.17,59232.71,2025-12-16 13:35:00+05:30
4,49.74325447183264,0.39462148326109553,0.11235889131363977,-1,-0.39991184888032627,0.4953539368853395,2.8361869001928395,0.625142857141395,0.22971428571366087,0.14514285714265843,0.9412216673069641,0.5947611710305343,0.7144205063690285,2.0,0.2330669710805849,210,12,0.0,46.482142857142335,2.0,1.3327314636957863,1.5575873991515192,-0.2822625919468485,1.1891818428888767,0,PIVOT_SCALP,BUY,58925.65,58863.7,59049.55,2025-12-17 12:45:00+05:30
4,50.45694990414818,0.5653715689691948,0.24151730814550687,-1,-0.5908711995577963,0.5468456456743394,3.334227281983209,0.6210979547887673,0.11087190527428828,0.2680301399347915,1.0784411276948176,0.7034671532834036,1.2588399376488026,2.0,0.24931082012396397,245,13,0.0,43.07142857142753,2.0,1.7797678275290114,1.7993366500787846,-0.32385426082293606,1.023127753301647,0,PIVOT_SCALP,BUY,58909.35,58832.69,59062.66,2025-12-17 13:20:00+05:30
4,46.379926294399546,0.056726921957178565,-0.3234912536880574,-1,0.24368800854385844,0.32277242182505966,3.4249398039062346,0.5132653061214312,0.3887755102033476,0.09795918367318038,0.7285858424937693,0.5115055884280413,1.163288718929197,2.0,0.6802851658893937,40,9,0.0,67.2535714285706,2.0,1.5735276936965916,1.8712760873000707,-0.38021817564467064,0.7705614090253717,1,PIVOT_SCALP,BUY,58836.75,58730.92,59048.4,2025-12-18 09:55:00+05:30
4,43.04670872175317,-1.1238297805292101,-1.0665795819460384,1,0.6633632829303142,0.06560397080989572,3.085260677257415,0.9575070821502655,0.0,0.042492917846901616,0.8423385034941933,0.49043715846874414,0.8406201296037786,-8.0,0.7390126429860003,240,13,0.0,41.90714285714265,2.0,1.5365092892450876,2.31106187147921,0.05725019858303514,0.9403303143289671,1,PIVOT_SCALP,SELL,59080.95,59145.34,58952.17,2025-12-18 13:15:00+05:30
4,52.3799496794696,-0.8097896500019139,-0.12778903371241684,1,-1.304328905755902,0.44621799332206,8.704993954862445,0.6596794081365452,0.1122071516642393,0.2281134401967493,0.9766881720429301,0.4908854166653318,0.8880079286422728,-2.0,0.4121464997680178,80,10,0.0,41.5178571428561,2.0,1.1742365591397042,2.015999999995125,0.6820006162878544,1.1183121897375836,0,PIVOT_SCALP,SELL,59244.4,59293.15,59146.9,2025-12-22 10:35:00+05:30
4,50.76985189529279,-0.672664036181606,-0.2713861305629405,1,-1.0968914885361132,0.12226890674921406,2.8455753262763355,0.46165413533691363,0.04962406015027046,0.48872180450980834,0.8997777133468917,0.7219152854497752,1.414194028462594,-2.0,0.44993045897060374,110,11,0.0,36.953571428570285,2.0,1.8210785734996675,2.4178989078895006,0.4012779056175796,0.8656599843768338,1,PIVOT_SCALP,SELL,59252.55,59319.85,59117.96,2025-12-22 11:05:00+05:30
4,48.182188047480004,-0.43333814505200574,-0.2795479525437593,1,-0.33597230292467584,0.40287798671168984,2.846222445313245,0.5822784810108907,0.08298171589299087,0.33473980309330537,0.7229808251017198,0.8742514970044021,1.1897353881943011,-2.0,0.3987068965515125,65,10,0.0,49.17142857143023,2.0,1.8723707147007167,2.1160662405534993,0.15379019250793366,0.9402274530522509,0,PIVOT_SCALP,SELL,59290.75,59382.82,59106.62,2025-12-23 10:20:00+05:30
4,47.41849605291314,-0.7381844859347759,-0.48102756194706026,1,-0.9326652798592759,0.28315379782890115,3.6566777220192686,0.43652173912876463,0.42434782608563243,0.13913043478212478,0.6842328941776625,0.9381443298949729,1.1365918982256695,-3.0,0.5403973509931453,90,10,0.0,42.0178571428561,2.0,1.7088397790055276,1.7337866553294987,0.2571569239871037,0.7999443516950604,1,PIVOT_SCALP,SELL,59374.05,59445.85,59230.45,2025-12-24 10:45:00+05:30
4,40.93639468786538,-0.9173652611961662,-1.0830452439372769,-1,-1.5121598477641094,-0.04027585308197829,2.539862633451321,0.44724556489184575,0.401493930904924,0.1512605042013628,1.4266412940058062,0.7488425925908759,1.2035820895521927,-3.0,0.41854304635741185,145,11,0.0,37.535714285713766,2.0,1.7597526165557134,1.9607992388149358,-0.16567998274066925,1.3709677419320279,1,PIVOT_SCALP,SELL,59346.45,59412.5,59214.34,2025-12-24 11:40:00+05:30
4,42.21729447019637,0.20961910014985152,-0.49342173721005517,-1,-1.3702573169648047,0.3766355268934498,5.3721315988276,0.6159217877076048,0.24581005586529647,0.13826815642430548,1.003202562049724,0.4764011799396201,0.9749383730485305,2.0,0.2775991425507411,175,12,0.0,35.685714285714184,2.0,1.1606485188150273,1.307245796633691,-0.7030408373579365,1.0610551274420827,0,PIVOT_SCALP,BUY,59045.85,59004.43,59128.69,2025-12-26 12:10:00+05:30
4,46.247666305674294,0.49298041027538253,-0.08213730529811479,-1,-0.9388036195520443,0.46972123889204836,5.111093994067559,0.46143057503376245,0.13884992987332434,0.3997194950901081,1.0040233353448547,0.6159217877076048,1.003202562049724,3.0,0.354769560557139,180,12,0.0,35.507142857142235,2.0,1.571534902434217,1.610943472133812,-0.5751177155718775,1.0211973646488957,0,PIVOT_SCALP,BUY,59060.25,59004.45,59171.85,2025-12-26 12:15:00+05:30
4,41.834586030647266,-0.3429470185974963,-0.9828093734863903,-1,0.4286680374686325,0.21384423350110618,5.463336761790824,0.6314338235282074,0.20588235294087276,0.16268382352908162,1.0440027416038349,0.5529715762263848,1.1398316970547206,2.0,0.39691757873557937,20,9,0.0,52.10714285714442,2.0,1.8051405071966042,4.333379026722247,-0.639862354887666,0.738127544096697,1,PIVOT_SCALP,BUY,58826.45,58732.39,59014.57,2025-12-30 09:35:00+05:30
4,59.804607683510895,0.06124318325037955,0.8872499600079522,1,1.7177683369477625,0.6331897567819627,4.056280813226002,0.48959999999852644,0.22079999999934002,0.2895999999989336,0.7341219900998531,0.4198113207533127,0.7212052486636144,-2.0,0.876699184391203,160,11,0.0,42.56785714285642,2.0,1.0056128869872507,2.335095226104161,0.8260067767556322,0.7426330798461388,0,PIVOT_SCALP,SELL,59461.2,59504.01,59375.59,2025-12-31 11:55:00+05:30
4,56.739779279476195,-0.8905877535268716,0.25613500649889015,1,3.5609993397963144,0.5236527117583781,7.348508554550971,0.5917737789197299,0.1660668380460419,0.24215938303319995,2.149171270718232,0.6009501187633353,1.0420792079207586,-2.0,0.8161188653758124,260,13,0.0,45.25,2.0,2.1895027624310357,2.609944751375576,1.1467227600232275,1.8418560606025722,0,PIVOT_SCALP,SELL,59640.25,59739.32,59442.1,2025-12-31 13:35:00+05:30
4,47.25054134483241,0.5023079706684145,-0.0056589766917851106,-1,-1.9189532893128687,0.6074027707769206,2.9039898083353846,0.5422535211252331,0.0,0.45774647887194997,0.6120689655172469,0.5493827160484878,1.0757737459979193,3.0,0.27470121339288267,230,13,0.0,57.99999999999948,2.0,1.4922413793104083,1.8456896551691728,-0.5079669473593238,0.7164480322891696,1,PIVOT_SCALP,BUY,59715.35,59628.8,59888.45,2026-01-08 13:05:00+05:30
4,54.261435281673464,0.9872691278006395,0.8503579259235914,-1,-1.5086390548916835,1.0357954847164663,2.351166427940271,0.5838095238084395,0.21714285714247125,0.19904761904718446,1.2201195219123624,0.512908777968199,1.39879621668098,5.0,0.31967886141769275,275,13,0.0,43.02857142857101,2.0,1.844189907038631,2.6947211155317135,-0.13691120187672992,1.2232059645823916,1,PIVOT_SCALP,BUY,59740.0,59660.65,59898.71,2026-01-08 13:50:00+05:30
4,39.42298194676405,-0.3451449304662464,-1.0154457090359807,-1,0.2494155074355879,0.21686308731905768,4.020927386335687,0.4086908690864212,0.3932893289324858,0.19801980197999286,1.145815513438002,0.64782811770144,1.371870566158657,2.0,0.334266352386456,20,9,0.0,79.33214285714295,2.0,1.530063476342672,4.278215459410277,-0.6703007785688894,0.6642794504525517,0,PIVOT_SCALP,BUY,59096.2,58974.82,59338.97,2026-01-12 09:35:00+05:30
4,51.47744626597328,-0.5316253754811561,-0.1843657769308917,1,0.5518758857312385,0.23726989077729166,2.26985826692944,0.5323257766574238,0.2871536523924264,0.18052057094847057,1.2436786753189133,0.5786324786314646,1.2250392640789716,-2.0,0.783347428307711,185,12,0.0,47.88214285714327,2.0,1.7008055493398746,1.9349593495894684,0.34725959854953914,1.1704009433939766,1,PIVOT_SCALP,SELL,60019.95,60101.39,59857.07,2026-01-16 12:20:00+05:30
4,38.056757114699955,0.1825930994875655,-0.7383934437419996,-1,-0.14020331955096393,0.34199771482884866,6.989681337340778,0.7185138539034006,0.0,0.2814861460953399,0.7856663250521327,0.5202885482406536,0.513391971430497,2.0,0.30083837005258796,65,10,0.0,101.06071428571522,2.0,1.1874651023076586,1.5268049616552166,-0.9209865432286537,1.089910775564756,1,PIVOT_SCALP,BUY,59748.9,59628.89,59988.91,2026-01-19 10:20:00+05:30
4,46.60320868400605,0.6874672271884266,-0.006886323753887426,-1,0.3737940763280538,0.6226971501915144,4.299854351248782,0.8285214348192566,0.1259842519682454,0.045494313210748205,0.8395152405434237,0.6222005842247916,0.7501826150474449,3.0,0.34928836030408655,100,10,0.0,68.07500000000073,2.0,1.508740359897216,1.7113477781832922,-0.6943535509412939,1.1644254278703625,1,PIVOT_SCALP,BUY,59773.75,59671.04,59979.17,2026-01-19 10:55:00+05:30
4,39.739051816041396,0.4665054070645727,-0.7297413322270723,-1,-3.9712933751293726,0.39495888266563306,8.26807354093137,0.711353162965491,0.25932132383721435,0.029325513196456723,1.3473370156835844,0.4908200734390413,1.4492545508298784,2.0,0.17118155619594594,315,14,0.0,88.58214285714192,2.0,1.9440511228480228,2.193444341407811,-1.1962467392902945,1.1657550302782118,0,PIVOT_SCALP,BUY,58609.25,58437.04,58953.67,2026-01-23 14:30:00+05:30
4,59.1521056281049,0.07234413259425064,0.8245674177618929,1,2.42844275561167,0.6972615147449506,3.14428788893601,0.6184895833316992,0.36588541666577573,0.015624999999920822,0.6809373020899561,0.7842857142835982,0.5944437704719188,-2.0,0.8396089036819576,205,12,0.0,56.392857142857146,2.0,1.4671944268524086,2.0188727042395858,0.7522232851663083,0.7224835371576719,0,PIVOT_SCALP,SELL,59742.6,59825.34,59577.12,2026-01-29 12:40:00+05:30
4,56.15388800584106,-0.5201196486361612,0.3750349336712322,1,3.4269685868825777,0.559614250374052,4.780119096563269,0.895330112719868,0.03059581320448015,0.07407407407404158,1.1027397260274783,0.5509708737850387,0.735151669640517,-2.0,0.8424845304298894,290,14,0.0,56.31428571428686,2.0,1.8038305428714905,1.867199391168666,0.8951545823058038,1.3073684210499616,0,PIVOT_SCALP,SELL,59876.8,59978.38,59673.64,2026-01-29 14:05:00+05:30
4,44.72518203679004,0.47611990485737754,-0.5089956078310786,-1,-1.6745073846288687,0.36130268543434985,6.807564097833109,0.765877287404992,0.18406889128073056,0.05005382131320104,1.537988529533556,0.8989898989885954,1.1752165223184072,2.0,0.3689212540112583,260,13,0.0,60.403571428569975,2.0,2.394566309939085,2.7572872937930994,-0.9851155126868252,1.3003919372882706,1,PIVOT_SCALP,BUY,59651.25,59506.61,59940.53,2026-01-30 13:35:00+05:30
4,42.666715510590805,0.1994389596752092,-0.5009547732072378,-1,-1.5679593127492568,0.3596483433463318,5.188078634148155,0.7706666666662557,0.06319999999995854,0.1661333333332525,0.6174436656160321,0.3870109129622903,0.6332530700698241,2.0,0.5728451380551967,220,12,1.0,303.6714285714287,2.0,0.9859904972479642,4.181493155194566,-0.7003937328822163,0.6621697979938285,0,PIVOT_SCALP,BUY,58976.15,58676.73,59574.98,2026-02-01 12:55:00+05:30
4,45.67012123172879,0.45899646433424146,-0.19229754393450205,-1,-4.169091173225545,0.5206499780845553,3.177932041147275,0.4434845212376764,0.5082793376522659,0.04823614110861786,0.6871620905332719,0.627015250544154,1.1243701007838722,4.0,0.5161104441776476,310,14,0.0,101.06785714285797,2.0,1.5515000530053513,1.951164352095344,-0.651294008268099,0.7944406314335982,0,PIVOT_SCALP,BUY,58858.0,58701.19,59171.61,2026-02-01 14:25:00+05:30
